episode,standard_reward,modql_reward,mean_q1_q2_spread
1,12.614922650576268,1.5819724989353392,0.03163944997870678
2,34.228038779145095,0.2888580736674738,0.028885807366747382
3,34.228038779145095,0.2510001594671155,0.003785791420035829
4,49.803543262751994,0.8824324976908914,0.022060812442272287
5,34.228038779145095,0.27273361979448885,0.0209775689647419
6,34.228038779145095,0.2606767981877203,0.0022015301173553964
7,13.013040406809612,0.8722026420712323,0.021805066051780814
8,25.313320856819004,1.8363230722871928,0.030605384538119878
9,21.068032869600664,1.6509438432794572,0.033018876865589145
10,13.97497333995326,0.8965105852744526,0.02241276463186132
11,34.228038779145095,0.2556877685573333,0.018380909105229007
12,39.19327872692071,1.4105831635477657,0.02821166327095532
13,10.299801593022735,0.8935493865852147,0.019263605134719777
14,11.017570185382127,0.9431355410574547,0.02357838852643637
15,10.22068565804022,1.4231194366940907,0.04302139055112768
16,34.228038779145095,0.2556877685573333,0.03690510440555497
17,34.228038779145095,0.24082728286340283,0.05209083160645529
18,31.98082556351431,1.2566074420487205,0.02513214884097441
19,34.228038779145095,0.24716484293875554,0.06639174209480085
20,12.614922650576268,1.392764620695306,0.04718327947593187
21,15.79183641223063,0.8827059409671214,0.022067648524178037
22,54.5415988556676,1.2197731535720255,0.024395463071440512
23,34.228038779145095,0.2574360609919133,0.08028968333962763
24,6.283388651673519,0.9773201230964732,0.03161088275056718
25,34.228038779145095,0.28010479870785343,0.057485694113726754
26,47.40791195650587,0.8386584680707851,0.007817128456477447
27,11.571932550388198,0.7851884050951816,0.016098278162741668
28,65.59010647150643,1.5446058410745354,0.030892116821490713
29,22.588427552922358,1.6982826379449938,0.033965652758899886
30,10.532803389932297,0.7971998831997735,0.00885153324029408
31,15.323917035839289,0.8266932550138859,0.013450804260105097
32,34.228038779145095,0.2671937181424133,0.07096960694912086
33,26.75777499543503,1.5195858151151458,0.030391716302302918
34,23.86498496890301,1.5685500381295905,0.03647899013134143
35,13.967563856634321,0.961723310850285,0.017435410495334733
36,12.310155600790788,1.6114617710903838,0.03222923542180768
37,10.207786399072607,0.7980789478517983,0.005923451453854941
38,34.10413088469023,2.230717562967749,0.03717862604946249
39,75.02584316813994,1.1799008763318182,0.010521061365154136
40,10.801278181296558,1.874430504857569,0.03748861009715138
41,64.42728811451653,1.2659134814604145,0.025318269629208294
42,34.228038779145095,0.24290338012946663,0.08067609469968087
43,51.075674220117456,0.8230867702785256,0.024588648783280476
44,34.228038779145095,0.28010479870785343,0.09313207553302358
45,51.075674220117456,0.7362787506374135,0.009900944229588439
46,34.228038779145095,0.24913167192765806,0.07570579790773233
47,14.292580847494015,0.7446913479032726,0.018617283697581814
48,34.228038779145095,0.22907961052860265,0.08181366183981567
49,24.511556956144858,1.0103861763404898,0.031098442862961408
50,13.967563856634321,0.8000590350004081,0.02591597790901212
51,6.242306972888758,1.491748916555653,0.02983497833111306
52,34.228038779145095,0.24082728286340283,0.0884855066121707
53,13.013040406809612,0.8389487309832568,0.02065463124017545
54,34.228038779145095,0.26989264458829626,0.07072575948334475
55,15.84800529284854,1.4718110828700808,0.04047464572601418
56,34.228038779145095,0.2608962231020197,0.055641629216029054
57,34.228038779145095,0.21328101669904387,0.046827432615742515
58,34.228038779145095,0.2788890660745728,0.05663827123197904
59,34.228038779145095,0.26421069417591103,0.06400018879672573
60,13.967563856634321,0.9304466370151527,0.021912191377263253
61,30.38510715995534,1.733985085912259,0.040976507679628356
62,34.228038779145095,0.29611078720544504,0.07381592390795116
63,13.013040406809612,0.929721323751159,0.021171829079442005
64,34.228038779145095,0.2211803136138233,0.06509321727621534
65,47.40050247318693,0.8144677648928023,0.0072177304868805085
66,52.107010408462735,0.8090986837625554,0.017396640833317597
67,62.90069955737431,1.405540133974389,0.04048335409091679
68,51.55464704873799,1.857372546910892,0.030956209115181533
69,14.69274193231265,0.9228096316125446,0.020189475356649503
70,11.487326839757008,1.0517326356784384,0.021028504281883232
71,49.803543262751994,0.9119685087645385,0.02839562121981259
72,34.228038779145095,0.2510001594671155,0.05426079672232387
73,49.803543262751994,1.0123944198985766,0.02957430095093465
74,49.803543262751994,0.8927733741476134,0.036141950681457834
75,11.083174473750933,1.4678774403629908,0.020417132450600426
76,52.107010408462735,0.7194183386054294,0.019370462298309635
77,48.87938894300034,1.350675706778164,0.02701351413556328
78,11.43950010926951,1.5409238552887454,0.03432668700015968
79,34.228038779145095,0.23480660079181773,0.046130974091351334
80,55.997016122605274,1.7813708109318835,0.029011056544170643
81,34.228038779145095,0.24487820435816146,0.03780697336684166
82,13.013040406809612,0.7954723484883929,0.033654368835329365
83,20.64426584415136,0.9331262153592702,0.022705520871340715
84,34.228038779145095,0.24716484293875554,0.03008670885672357
85,57.51471248387166,1.0413542558686961,0.02505415185576523
86,79.77049406826687,2.2672830337562413,0.03778805056260403
87,47.40050247318693,0.789566075855246,0.0091372241381706
88,17.08822427197352,0.9400009896119407,0.03752328749730373
89,69.76473638244774,1.030364891244302,0.030906694126078892
90,34.228038779145095,0.24487820435816146,0.03379761217209809
91,34.228038779145095,0.2590969388047644,0.038559298600595454
92,26.56596709440756,1.3957576358531432,0.022965244149460818
93,18.999088782769817,0.8692169795225795,0.01692620018441219
94,49.803543262751994,0.7404235640001571,0.022641731869754905
95,13.505216685578379,0.9180316509628877,0.03887266244565385
96,15.666296391818289,1.7994272856356592,0.023196791183320437
97,47.40791195650587,0.9416289690622235,0.012934002145962555
98,34.228038779145095,0.2450916988693717,0.04144429239270381
99,69.76473638244774,1.9370666075786465,0.05099102205179114
100,52.107010408462735,0.9714547187516902,0.03200325289429832
101,34.228038779145095,0.2878854875608493,0.03042398987138814
102,34.228038779145095,0.27135152374823296,0.035646466772171786
103,22.62175249562228,1.3461935947154062,0.04568410807510096
104,30.749454954685266,0.9009425661232366,0.02252356415308092
105,34.228038779145095,0.25277750127294085,0.029238993131778523
106,13.013040406809612,0.6961538968167517,0.01969005150907974
107,34.228038779145095,0.27135152374823296,0.021614864607895384
108,14.292580847494015,0.9272320141486156,0.011648814796278013
109,53.386550849147135,0.8224307333125673,0.01375534516331721
110,34.228038779145095,0.3053642493056152,0.011351876380662318
111,34.228038779145095,0.2363384239097513,0.00901776951573896
112,34.228038779145095,0.22421850473489227,0.008129065254793844
113,49.803543262751994,0.831718426043021,0.02876271620209611
114,49.803543262751994,0.7540650550678982,0.01885599547735451
115,17.08822427197352,0.9056831115366317,0.057880504033304504
116,62.80219159852609,1.5779334850036677,0.03155866970007336
117,52.107010408462735,0.8275134256608367,0.017053019479757146
118,20.806171718534443,1.6472833023501732,0.04067428549524031
119,47.40050247318693,0.8884701966538006,0.02580838864576878
120,73.58150607548893,1.370181340670256,0.03468050891978229
121,30.09634750659774,1.6636232648260518,0.040577918351674444
122,57.26079436457254,2.4083916884483365,0.04013986147413894
123,13.013040406809612,0.7913591066592082,0.02480740208569924
124,61.88542948092525,1.4406616484104096,0.028151597000761495
125,18.999088782769817,0.9045475355212934,0.026149425954780772
126,79.65628760609664,2.4977165455028354,0.04162860909171392
127,53.03478921032006,1.0395515415330352,0.03229771320599043
128,34.228038779145095,0.2574360609919133,0.004007475794241128
129,52.107010408462735,0.7852427035540064,0.02974629949226713
130,11.571932550388198,0.7783519230869376,0.021379704098806296
131,37.05534926621289,1.7435782862510312,0.03084949138073293
132,17.111661570606547,1.9995484816538136,0.03332580802756356
133,24.735805415108512,1.0856196521867307,0.024227347852942956
134,69.76473638244774,0.8769051754003404,0.02750882206820931
135,34.228038779145095,0.24984347670459423,0.0010573037084755932
136,22.62175249562228,1.9530479820006883,0.043455287478283526
137,47.40791195650587,0.8879745655787713,0.028445402816340913
138,34.228038779145095,0.2538449738289921,0.004006877927256791
139,74.27010254817992,1.8911543422395674,0.031519239037326126
140,21.569234382597944,2.11577115536587,0.05563823052246407
141,18.999088782769817,0.9601904171904367,0.043435561642923844
142,52.107010408462735,0.8923766268808813,0.016141256933723484
143,52.107010408462735,0.9289155618773819,0.036657433050841313
144,24.857491469465593,1.5217730301916934,0.03404663118071215
145,47.40791195650587,0.8392824076139107,0.010654804925260723
146,75.34718655403407,2.2923615365726326,0.03820602560954388
147,21.794556424299728,1.2724780117700352,0.03865494064436806
148,10.299801593022735,0.7816113959534667,0.008851593775892223
149,53.386550849147135,0.8736656632871835,0.02903240251549271
150,34.228038779145095,0.28685732510527484,0.0023496617900002625
151,13.586469904551738,1.3918108655016732,0.03037337875895154
152,69.33708733939301,1.4987829643145631,0.029036085964064328
153,17.08822427197352,0.8521898653441039,0.01587673419930124
154,53.386550849147135,0.817206958557102,0.03017044127004221
155,18.999088782769817,0.9691973477968118,0.026643631686806998
156,53.386550849147135,0.9580742953483886,0.048209123349901635
157,49.803543262751994,1.0749730407124085,0.02686411976471146
158,42.296889861683596,1.4375611674787878,0.04527541304325895
159,34.228038779145095,0.2625982487886126,0.0011802825028648656
160,28.447018023304317,1.6736791888898286,0.031891518733986816
161,47.40050247318693,1.0226718667832326,0.03285503857825889
162,29.44517086628146,1.5650910121420423,0.03340999975969229
163,34.228038779145095,0.2788890660745728,0.005986314095039524
164,52.107010408462735,0.9755452150170318,0.032215804437142094
165,47.40050247318693,0.7947074706476399,0.02434374916710073
166,34.228038779145095,0.22670982145416885,0.006280178714618778
167,63.82357758077673,1.0998615145160502,0.03882537989256754
168,63.384822974835295,1.319561320171549,0.0343058554786187
169,34.228038779145095,0.27135152374823296,0.0020804866428336954
170,77.68257977276113,1.4304887846666177,0.02860977569333235
171,10.299801593022735,0.8343217231617914,0.02816852241418487
172,34.228038779145095,0.28125654541306666,0.006642663009640254
173,52.107010408462735,0.9250598258811096,0.035815589769549974
174,60.360693115495536,1.8132873221705117,0.036265746443410234
175,52.107010408462735,0.815551795325314,0.022877891048941595
176,36.58926041418909,1.8037656500929349,0.04226887896030801
177,66.67829763391845,1.704127700192605,0.06114079941808842
178,34.228038779145095,0.2671937181424133,0.009342339012700818
179,34.228038779145095,0.25189980161574316,0.007507788361343221
180,34.228038779145095,0.27273361979448885,0.010491486929305294
181,59.14672181634969,0.9207055566946232,0.02301763891736558
182,49.803543262751994,0.8888554460924707,0.043650750835929814
183,34.228038779145095,0.2590969388047644,0.008120677624181338
184,69.76473638244774,1.392314840338734,0.04156501199256382
185,34.228038779145095,0.2878854875608493,0.012321193111983264
186,34.228038779145095,0.24290338012946663,0.011806820604901486
187,34.228038779145095,0.2657404500561686,0.013372780793455136
188,62.876728449341385,1.7563149574084607,0.032856567272467274
189,34.228038779145095,0.22907961052860265,0.011116061010396833
190,34.228038779145095,0.2671937181424133,0.012896423967025422
191,52.107010408462735,0.8573068108437382,0.03213878496161168
192,18.999088782769817,0.8375091640503189,0.036159832746126955
193,49.803543262751994,0.7373834161066726,0.03625987704844607
194,75.34718655403407,1.674286168932357,0.0302408692127906
195,52.107010408462735,0.8541599117416364,0.027845162845965353
196,32.63161882135591,1.2391929123527077,0.024783858247054154
197,10.299801593022735,0.8282598055760788,0.026486220525826363
198,34.228038779145095,0.2878854875608493,0.00793527796751356
199,34.228038779145095,0.28125654541306666,0.010943887355544607
200,77.43508997859034,2.2380962693465642,0.06565175526165412
201,52.107010408462735,0.8357715727563331,0.03030083525727644
202,34.228038779145095,0.2590969388047644,0.009357710831592425
203,49.803543262751994,0.9508358517470471,0.02743700317528356
204,57.18014996920713,1.336651388260396,0.03210185298842787
205,70.41251418005317,1.8497674428642024,0.02886969161735158
206,73.58150607548893,1.3880118618632216,0.03259547758303598
207,49.803543262751994,0.9450773559519318,0.02694421591465404
208,66.11771079428199,1.0327909595307263,0.02581977398826816
209,12.825324586771885,1.4314903189055461,0.04835472667224224
210,34.228038779145095,0.3053642493056152,0.014476229670075225
211,77.53275992963403,1.720937830459107,0.04425050923608196
212,51.075674220117456,0.8171205491103994,0.01881729103792951
213,65.20043298492774,1.167743760079123,0.03715919336416792
214,52.107010408462735,0.8453665256484577,0.03181997439801231
215,52.107010408462735,0.7075818625955005,0.01800401952624403
216,42.296889861683596,1.4132250564487914,0.05806951502529678
217,59.73065192314049,1.6466160723227514,0.03660705199204546
218,34.228038779145095,0.22670982145416885,0.011217453839565128
219,66.55619050716554,1.0984714749902496,0.01760488410528303
220,42.296889861683596,2.037104272392842,0.06229256946157064
221,52.107010408462735,0.8009787184387275,0.020158161010057168
222,52.107010408462735,1.0020727810874897,0.045798072522905686
223,34.228038779145095,0.26421069417591103,0.012034642864280243
224,75.80956056940752,1.0665770269435642,0.019740891750066995
225,34.228038779145095,0.23011899170159997,0.00936094273909277
226,34.228038779145095,0.26989264458829626,0.01093197791509365
227,52.107010408462735,0.8905716398168114,0.018769954691754378
228,67.15799387809021,2.4393662483074214,0.06618131776582528
229,34.228038779145095,0.24913167192765806,0.010500945731247324
230,34.228038779145095,0.23480660079181773,0.008406273010000243
231,34.228038779145095,0.2556877685573333,0.007362734381571007
232,69.76473638244774,1.970361016045951,0.031138603703549716
233,11.571932550388198,1.011244996174882,0.038947055147896044
234,52.107010408462735,0.7740979671200723,0.014796301817848068
235,66.55619050716554,1.0390026798184149,0.03214767375208531
236,34.228038779145095,0.23480660079181773,0.008511666392536255
237,75.96117366928414,1.8736026110893538,0.04819238517567753
238,52.107010408462735,0.866516745539443,0.015167466119059132
239,34.228038779145095,0.27273361979448885,0.005753003302137877
240,34.228038779145095,0.28010479870785343,0.008397617644619076
241,77.68257977276113,2.1046357482107902,0.014725158271336003
242,34.228038779145095,0.2625982487886126,0.009027115560928084
243,15.623871707746574,1.8929979143826068,0.05054700668078316
244,69.76473638244774,1.3998708434404619,0.05866210418805644
245,52.107010408462735,0.9156019209740609,0.026962811680492634
246,34.228038779145095,0.2450916988693717,0.007843008693682124
247,34.228038779145095,0.2888580736674738,0.011153949992970952
248,49.803543262751994,0.8190100904104975,0.030993020163500418
249,72.00401409071922,1.5828603459214876,0.06473833778549122
250,68.69054691507748,1.5172907250821273,0.034325051089061996
251,34.228038779145095,0.2538449738289921,0.01056001780816207
252,69.85672658519756,1.462569726405743,0.025160257534777474
253,34.228038779145095,0.23252289379914753,0.01215768684481855
254,34.228038779145095,0.2556877685573333,0.011820503503164437
255,69.76633859141067,1.5101842146959905,0.05856708191517342
256,34.228038779145095,0.27135152374823296,0.009375542641246709
257,52.107010408462735,0.7434294660056888,0.03639732106934559
258,34.228038779145095,0.24913167192765806,0.008416467970790514
259,52.107010408462735,0.86922551533123,0.03355188698360223
260,34.228038779145095,0.23864191732017773,0.006504325306631892
261,11.571932550388198,0.8541056909941505,0.03371827294867853
262,52.107010408462735,0.8329092820636685,0.027725777473545307
263,52.107010408462735,0.7349448472884048,0.02351923270414707
264,52.107010408462735,1.0426634803075623,0.05711709645071546
265,67.89457633087014,1.5335101906103945,0.049736923903929746
266,74.86528956271358,1.146458538044288,0.05801300186221685
267,47.40791195650587,0.7511311124609212,0.04073295820764032
268,52.107010408462735,1.0571650514788544,0.014481267086873379
269,34.228038779145095,0.28125654541306666,0.009044859718178005
270,52.107010408462735,0.7883120372099583,0.016354082287298545
271,49.803543262751994,0.9055270101404844,0.05925771751950479
272,75.02584316813994,1.1111717425848238,0.03839983089715068
273,52.107010408462735,0.8085668412567878,0.018945229403125364
274,52.107010408462735,0.8450720634247301,0.01112712523118875
275,19.483855578219643,0.8328592400278195,0.03226902399159426
276,52.107010408462735,0.8764981837494521,0.007790142637772807
277,69.76473638244774,1.395214738039844,0.03211800680743834
278,56.77351180717165,1.0113848014900826,0.03453253802555133
279,18.999088782769817,0.8433175587918983,0.011182383229751208
280,65.89615816573563,1.398485632429894,0.03627076545567846
281,52.107010408462735,0.8479404261213154,0.005714450212801266
282,77.68257977276113,2.0247511478675,0.05744836218001866
283,34.228038779145095,0.22362533408744545,0.011617013908530816
284,52.107010408462735,0.8191884999795715,0.009105910668430126
285,72.89820964842689,1.753353871397299,0.0641845150903196
286,52.107010408462735,0.8588566963450687,0.0363557466504837
287,49.803543262751994,0.9108320740072968,0.031167296707189374
288,75.02584316813994,1.3857139508412284,0.03846286778334203
289,52.107010408462735,0.780400004325189,0.008319554384244116
290,52.107010408462735,0.8224631878451097,0.0049769013345629665
291,75.02584316813994,1.3593430103335304,0.03524023316903456
292,42.193610062902245,1.01238989276209,0.02929930301621083
293,34.228038779145095,0.2606767981877203,0.011845520156387679
294,52.107010408462735,0.7884755604550577,0.006280329038178295
295,49.803543262751994,0.846535732907412,0.012804799660031035
296,75.02584316813994,1.616964413764707,0.0391077120871186
297,34.228038779145095,0.24487820435816146,0.012035171900633607
298,75.02584316813994,1.464061450552417,0.05878405319855625
299,52.107010408462735,0.8501318441107444,0.010247888165099465
300,52.107010408462735,0.8743860996989828,0.04023880148992292
301,34.228038779145095,0.27273361979448885,0.01344650968438163
302,73.92873723364684,1.2573688527416254,0.03373225025136783
303,34.228038779145095,0.2538449738289921,0.012827849093205196
304,35.377697502110145,1.705959858623959,0.03297802596206494
305,34.228038779145095,0.27135152374823296,0.010351203724019375
306,34.228038779145095,0.2538449738289921,0.009872877883676218
307,34.228038779145095,0.26421069417591103,0.010352655386309334
308,68.02908408999667,1.5425642817932756,0.041452313542773775
309,52.107010408462735,0.8254618890003741,0.01372845286945603
310,52.107010408462735,0.8119798496376087,0.035993687042106474
311,75.02584316813994,1.3342200229133803,0.04050091014312522
312,65.58002049394688,1.587512033223514,0.021034792841851314
313,52.107010408462735,0.9119087914279433,0.04398021734198586
314,14.567099581861862,1.0361913172362658,0.023067826656155803
315,64.37921066799143,1.4760531325621162,0.06210454283786746
316,34.228038779145095,0.28010479870785343,0.012373865591873395
317,52.107010408462735,0.8376850403877746,0.015802895938287723
318,66.9817865831323,1.9159759460049317,0.05408711917967087
319,34.228038779145095,0.24984347670459423,0.012343522048004346
320,17.08822427197352,1.006424089693171,0.020374266508313754
321,34.228038779145095,0.24675898933787085,0.012624661595194542
322,62.242497324730905,0.9508591083961557,0.01337702561305669
323,34.228038779145095,0.24675898933787085,0.011109169843203925
324,53.386550849147135,0.8078815912768695,0.014280712127578546
325,75.02584316813994,1.0207742784389224,0.030740375816142855
326,34.228038779145095,0.215914115670637,0.006660739899688961
327,52.107010408462735,0.8679650447344516,0.010211264831960234
328,64.7370455407715,1.4609170089080985,0.051329470414669585
329,34.228038779145095,0.23697890744338207,0.00789177368160901
330,74.27010254817992,1.5825963466944248,0.06457508471278714
331,29.817981700331444,1.4050399538170193,0.04331830250752418
332,52.107010408462735,0.744162332558757,0.008104202415569951
333,52.107010408462735,0.7668713224924202,0.0070979589109309025
334,67.89457633087014,1.826695960443744,0.04117900262412144
335,75.02584316813994,1.6630193097858776,0.03679725169422517
336,73.76202634734241,1.6931969941216949,0.04316399802358354
337,34.228038779145095,0.28010479870785343,0.010307255036167223
338,84.93113552203272,2.552032873691142,0.04270025674830535
339,52.107010408462735,0.8686080242633166,0.004153914339610189
340,76.54774105391901,1.4609376814551578,0.06604855486780034
341,80.38131247986847,1.8905322754582077,0.05164056523043587
342,75.02584316813994,1.4452930515156235,0.0553557307095522
343,66.12342094888808,1.4843973292477188,0.057352186408478535
344,67.89457633087014,1.012142683536179,0.02980530111913821
345,18.50798599088352,1.516275324272689,0.034532537156435714
346,63.82822120112249,0.9997094288595078,0.022312301090528067
347,23.853642663814966,1.5021677994432672,0.04355596447740155
348,52.107010408462735,0.8931414976423354,0.006008714763202548
349,71.19105226143729,1.4669129893895823,0.04212537584107969
350,49.803543262751994,0.8699287158484237,0.03041143155860793
351,47.40791195650587,0.9417990101781418,0.008732852943720268
352,20.26595895656838,0.9818190190417913,0.03584215243555619
353,77.24268239328968,1.7130146957589685,0.05888905637598896
354,52.107010408462735,0.7892457162597413,0.008030502407448813
355,34.228038779145095,0.2788890660745728,0.01235961499194152
356,52.107010408462735,0.7963724091738854,0.0070595344177074235
357,52.107010408462735,0.7794392333489268,0.00807995735239831
358,34.228038779145095,0.27273361979448885,0.009892074160558872
359,52.107010408462735,0.9146327762126722,0.03976260505730338
360,75.02584316813994,1.6454111795965582,0.022446780065990633
361,75.02584316813994,1.5304659613589255,0.04071492181189103
362,52.107010408462735,0.9280290630203585,0.037792207588638556
363,59.73065192314049,1.4608639326700485,0.04300275347147946
364,75.02584316813994,2.085816044424632,0.03476360074041053
365,52.107010408462735,0.8365111567408328,0.012983192823337243
366,73.58150607548893,0.8346152793546524,0.01888897723348388
367,23.301921180476263,2.7023504378275436,0.046052670688146356
368,52.107010408462735,0.8042294795929811,0.009072687739448755
369,34.228038779145095,0.23252289379914753,0.011692360011848646
370,52.107010408462735,0.8847415377096521,0.03850550010573035
371,52.107010408462735,1.0026806010940814,0.040950535194323096
372,34.228038779145095,0.28010479870785343,0.013661057235373586
373,52.107010408462735,0.7697606054562657,0.00852790358007819
374,34.228038779145095,0.2510001594671155,0.01343358793473759
375,68.02908408999667,0.9396298320983592,0.03549609933326431
376,52.107010408462735,0.7796944226660821,0.00692943930590377
377,52.107010408462735,0.84250766527652,0.009954445520053909
378,75.02584316813994,1.5675935054994559,0.061791722382647074
379,73.58150607548893,1.504687986127665,0.0701657541194964
380,52.107010408462735,0.8637020727473462,0.005619809535260006
381,75.02584316813994,1.5143212537159987,0.07494864593725514
382,34.228038779145095,0.22670982145416885,0.009865917710541572
383,52.107010408462735,0.8254333977763524,0.005719199903585159
384,52.107010408462735,0.8407191060685788,0.003843198034666505
385,57.2998209960547,1.6703561395132702,0.03574065322188731
386,52.107010408462735,0.8963655503555992,0.0515666244290078
387,34.228038779145095,0.22421850473489227,0.006405882836837518
388,34.228038779145095,0.23011899170159997,0.0038819001471745995
389,34.228038779145095,0.26989264458829626,0.005587681015147616
390,84.93113552203272,1.3545436043251378,0.05974587441478131
391,75.02584316813994,0.9598224359156149,0.023995560897890376
392,34.228038779145095,0.27273361979448885,0.0032096126118378865
393,34.228038779145095,0.29688190904712586,0.0013454778764045994
394,72.18821236436871,2.2579114873650514,0.05605694686142216
395,75.02584316813994,1.1581049813876705,0.023928713076388393
396,84.93113552203272,1.739617318192281,0.06554351167429248
397,49.803543262751994,0.8850878939387234,0.0030967711782731444
398,34.228038779145095,0.24716484293875554,0.002083055260182931
399,34.228038779145095,0.24082728286340283,0.003380630913118743
400,63.82822120112249,1.6478674631400616,0.041600022881336435
401,52.107010408462735,0.8755556410401009,0.005316622408031289
402,65.52439404900962,1.8078181560303281,0.0396171534032387
403,34.228038779145095,0.2450916988693717,0.002301191334761532
404,75.02584316813994,1.493729935504619,0.05975690661974746
405,77.68257977276113,1.7945401227105902,0.05640272956570473
406,42.296889861683596,1.5147781094003103,0.054953757938696265
407,52.107010408462735,0.813182256839586,0.00436520510416042
408,38.054377241407934,2.5320237059256057,0.061296890997137275
409,52.107010408462735,0.8208015793635708,0.006665446194066026
410,34.228038779145095,0.29611078720544504,0.0020593410118004973
411,75.02584316813994,1.4492884526924201,0.030840079579178264
412,52.107010408462735,0.8549282870238485,0.005542735706343352
413,84.93113552203272,1.5039546958405374,0.054928918029648485
414,75.02584316813994,1.3965987915031295,0.06953934403525709
415,52.107010408462735,0.8924621653031891,0.00888294743835353
416,52.107010408462735,0.9032268921339938,0.006303215230059632
417,77.24268239328968,1.733388304087757,0.05412770033031263
418,52.107010408462735,0.8765941688784471,0.03935649196861771
419,52.107010408462735,0.8807596143285062,0.006911516386414331
420,53.386550849147135,0.8178207723765604,0.006544439144350461
421,52.107010408462735,0.8344698945650803,0.025548662062654683
422,47.40791195650587,0.8952611940212533,0.010602523982067694
423,70.1717755672363,1.7458864344940013,0.07039440569442228
424,52.107010408462735,0.8965697459699722,0.05416098400540358
425,84.93113552203272,1.7935146332237037,0.06235633934832646
426,75.02584316813994,0.9648024400355553,0.027961875485441122
427,34.228038779145095,0.24290338012946663,0.0032496685063124753
428,34.228038779145095,0.24675898933787085,0.003935402330532856
429,34.228038779145095,0.25189980161574316,0.003438782883468494
430,57.46921975433548,1.449142963173864,0.0362285740793466
431,75.02584316813994,1.4642393162291492,0.06661751342662019
432,47.40791195650587,0.7273194895967352,0.03420493942142174
433,75.02584316813994,1.0811199516956551,0.08066371448942747
434,52.107010408462735,0.8941293930551875,0.066481795804322
435,52.107010408462735,0.8253844454062464,0.008132053204378799
436,75.02584316813994,1.9014868226824981,0.017565310306023554
437,75.02584316813994,1.5511496596081584,0.07728361040207396
438,47.40791195650587,0.8151949520160887,0.07168223759749953
439,34.228038779145095,0.22362533408744545,0.00016437862828078131
440,34.228038779145095,0.26989264458829626,0.0018441458486969098
441,53.386550849147135,0.8022983055814543,0.008535392470022773
442,34.228038779145095,0.2574360609919133,0.0013935991250909607
443,77.05037658374015,1.744480613332572,0.0774550105520386
444,52.107010408462735,0.9177372238414594,0.009937804260521613
445,53.386550849147135,0.864293008864866,0.01070168794071627
446,52.107010408462735,0.8722715198029731,0.04306625964358954
447,52.107010408462735,0.8293141112124282,0.009960790634913716
448,52.107010408462735,0.9330770586394559,0.04151615911957898
449,34.228038779145095,0.24984347670459423,0.0017473655025775359
450,72.11417640686382,1.6750407846581787,0.0656718020531024
451,52.107010408462735,0.9334046097904041,0.06134436619934856
452,34.228038779145095,0.23480660079181773,0.0002494483786957824
453,52.107010408462735,0.9603032699942914,0.031609764242251495
454,75.02584316813994,1.1570088018822187,0.05418420396229979
455,66.484708047482,1.6591882255208996,0.07932327442380996
456,73.28913436464913,1.5298799861494525,0.04663791022940633
457,52.107010408462735,0.9261776369109675,0.0850278860310708
458,52.107010408462735,0.8663574689951782,0.011944284385935935
459,52.107010408462735,0.7979947670798412,0.010837527039007568
460,52.107010408462735,0.8722438811019632,0.010946303461048627
461,14.982810032780534,1.3481923262023843,0.01592644073041276
462,71.19105226143729,1.3587653418829428,0.0844044781527082
463,34.228038779145095,0.2211803136138233,0.0029352576701192346
464,84.93113552203272,1.7027483374127657,0.08794845127945469
465,17.08822427197352,0.8772849085249776,0.008163854027237204
466,42.296889861683596,1.5416091390126467,0.07966418588940204
467,52.107010408462735,0.8743922955241141,0.006666542523065054
468,52.107010408462735,0.7907931741707594,0.034150222534523364
469,84.93113552203272,1.9178130937534794,0.06581887869559823
470,52.107010408462735,0.9076475889353378,0.039811093744361946
471,75.02584316813994,1.4797156898034052,0.07916735703566924
472,52.107010408462735,0.833226332947724,0.006982868024126836
473,84.93113552203272,2.144204886343367,0.09057371320938917
474,18.999088782769817,0.9030599713834029,0.004018682683232078
475,75.02584316813994,1.5311752208594318,0.06417794828645615
476,52.107010408462735,0.7685909750242936,0.004972296980873793
477,52.107010408462735,0.8914801430484977,0.006042157888244193
478,52.107010408462735,0.8270068473274033,0.005682844233994892
479,52.107010408462735,0.8344539349804134,0.006331760356447516
480,52.107010408462735,0.8334730434723722,0.007165331767103156
481,75.02584316813994,1.459881256802079,0.08025657692124556
482,52.107010408462735,0.7826036429247449,0.008777679979492983
483,34.228038779145095,0.26989264458829626,0.004646729556621071
484,34.228038779145095,0.26835040090493456,0.006032829886136598
485,52.107010408462735,0.7734100250024434,0.008311580101822008
486,34.228038779145095,0.28125654541306666,0.008570934633513744
487,53.386550849147135,0.8531734609107634,0.00821564779866038
488,52.107010408462735,0.7553698212018867,0.0075694875756144725
489,74.28609502861364,1.4856865206278316,0.05403225539778204
490,75.02584316813994,1.0099195405168502,0.04221259700591568
491,52.107010408462735,0.8521484582577331,0.006902973193872966
492,63.82822120112249,1.0110954332706843,0.02506087143083667
493,52.107010408462735,0.857149169464242,0.08925471073965797
494,34.228038779145095,0.2590969388047644,0.00863926824532299
495,52.107010408462735,0.9173832668410573,0.030927738807446634
496,52.107010408462735,0.8448248360358186,0.008235140662203898
497,84.93113552203272,1.747968977579577,0.07151802151309271
498,52.107010408462735,0.857637563460165,0.04982538102929635
499,52.107010408462735,0.8024882283555093,0.007767172046281641
500,75.02584316813994,1.3827794225333503,0.06735441242680476
501,34.228038779145095,0.28010479870785343,0.005613055179853499
502,34.228038779145095,0.2657404500561686,0.004325898286099417
503,52.107010408462735,0.7877876183374288,0.007756630247946983
504,10.299801593022735,0.8526341653702411,0.006938107773043156
505,82.26837990618144,1.7279133851931137,0.028798556419885227
506,84.93113552203272,2.249995586927316,0.035494309220068194
507,52.107010408462735,0.8633551847209877,0.008541946142084457
508,52.107010408462735,0.8751754528294892,0.009536835720761631
509,75.02584316813994,0.9305514022956847,0.06952681304228629
510,34.228038779145095,0.3053642493056152,0.009014129586812802
511,34.228038779145095,0.27135152374823296,0.007294581013227719
512,52.107010408462735,0.8307699480097009,0.04748378409735511
513,14.982810032780534,1.5489467547718272,0.06758156783540334
514,52.107010408462735,0.872873413541071,0.009240968684371693
515,34.228038779145095,0.23697890744338207,0.004675454997646433
516,69.51973257449521,1.517718218454271,0.05317496078752878
517,84.93113552203272,1.7400861855475127,0.02900143642579188
518,75.02584316813994,1.4988389350523437,0.04819836104173756
519,52.107010408462735,0.9365475143380311,0.03805705801953362
520,52.107010408462735,0.8122502279569984,0.009201330432762014
521,34.228038779145095,0.23480660079181773,0.0021010109184668724
522,34.228038779145095,0.26989264458829626,0.0006993051182339616
523,52.107010408462735,0.9723879468190068,0.04200436931248243
524,75.02584316813994,1.5723525795352131,0.049355441369450505
525,84.93113552203272,1.6194017289679177,0.07841453375207054
526,34.228038779145095,0.26421069417591103,0.0013227147853816512
527,75.02584316813994,1.0505765910629201,0.023062971358174193
528,75.02584316813994,1.5617852785003983,0.0617783224331462
529,20.4878103134831,1.5043985330643328,0.04074608588491241
530,34.228038779145095,0.27135152374823296,8.470835082163841e-05
531,75.02584316813994,1.3812354000813463,0.04083511578794513
532,84.93113552203272,1.6929360273185234,0.06538820303524011
533,75.02584316813994,1.3935998793075957,0.03096793912272331
534,52.107010408462735,0.9925959135455841,0.05426926777408539
535,34.228038779145095,0.28125654541306666,0.0021809454733268674
536,34.228038779145095,0.27273361979448885,0.0007760550461183291
537,34.228038779145095,0.2608962231020197,0.0007791112567472891
538,75.02584316813994,1.4978727771509395,0.03899917613887911
539,49.803543262751994,0.8941349048482834,0.06868044872371543
540,52.107010408462735,0.8000999640918632,0.008406801996199295
541,34.228038779145095,0.24290338012946663,0.0024977338387617842
542,53.386550849147135,0.9470476372582228,0.05079654808415213
543,69.54859129499272,1.5570058875979003,0.04706185072192043
544,34.228038779145095,0.28010479870785343,0.004421341988911198
545,34.228038779145095,0.24913167192765806,0.005345273132905115
546,52.107010408462735,0.9015681162100361,0.009088111591639102
547,52.107010408462735,0.8453472917384389,0.05892939167542294
548,52.107010408462735,0.7520591812775845,0.009297363721760897
549,52.107010408462735,0.8522984923599253,0.036367473190024036
550,75.02584316813994,1.150514947415988,0.04193474638254549
551,75.02584316813994,1.5514963587231176,0.04587805316200531
552,84.93113552203272,2.4841475915404763,0.05844450839000642
553,52.107010408462735,0.8225825832748186,0.024511764730513773
554,34.228038779145095,0.2574360609919133,0.004809646696445569
555,52.107010408462735,0.7841829947106048,0.009025405799223674
556,34.228038779145095,0.23480660079181773,0.0020646368836224616
557,34.228038779145095,0.28125654541306666,0.0003163124353238733
558,34.228038779145095,0.22907961052860265,0.0027585266660708485
559,52.107010408462735,0.920330148519588,0.00838606466527498
560,76.07158747350255,2.50969268490022,0.05649271014679397
561,75.02584316813994,1.085092041952055,0.05710443520770109
562,75.02584316813994,1.5806785286613236,0.07153628660643456
563,52.107010408462735,0.7965666559290268,0.00756536434745609
564,75.02584316813994,0.8472764251813516,0.02118191062953379
565,52.107010408462735,0.8585932504943093,0.07121516008033214
566,52.107010408462735,0.9073182143074885,0.008766298313514428
567,52.107010408462735,0.8399944916629908,0.007567062662441407
568,52.107010408462735,0.8334730434723722,0.0072277278994058655
569,75.02584316813994,1.5256351484719717,0.043351529409044444
570,52.107010408462735,0.9325417046979901,0.03215153869693621
571,34.228038779145095,0.24487820435816146,0.0012951781911644256
572,52.107010408462735,0.8095501719354069,0.006930722380210801
573,82.26837990618144,2.084663466468675,0.04242339130175688
574,52.107010408462735,0.8538939310897252,0.00641160038447388
575,84.93113552203272,1.4329990081860366,0.02865998016372074
576,52.107010408462735,0.8054442178710634,0.006731304497181678
577,34.228038779145095,0.28125654541306666,0.0036159986692391732
578,59.73065192314049,0.8635404645136016,0.027516319171940695
579,34.228038779145095,0.2538449738289921,0.003906817530455464
580,10.299801593022735,0.9407757164110531,0.06487491737075136
581,34.228038779145095,0.22670982145416885,0.0005408835648329502
582,52.107010408462735,0.9165470902224564,0.0044154209732045965
583,52.107010408462735,0.840555373042352,0.004797809466320593
584,34.228038779145095,0.2878854875608493,0.0026014308332580893
585,52.107010408462735,0.8372198719513416,0.004789478903051599
586,75.02584316813994,1.5837248297920141,0.08186595320302804
587,52.107010408462735,0.7423317114312774,0.004218131486688641
588,52.107010408462735,0.8450052869236389,0.0032759103428344413
589,52.107010408462735,0.7284082909400635,0.035655079453109764
590,75.02584316813994,1.4973286751818304,0.051921989234127684
591,75.02584316813994,1.7186328014249268,0.08607598620500027
592,75.02584316813994,1.492994195185939,0.04273960775537342
593,52.107010408462735,0.9185775262891761,0.06993952707183082
594,52.107010408462735,0.8843117942688803,0.0015803639449901985
595,49.803543262751994,0.937226664253784,0.0037583914681930536
596,52.107010408462735,0.7355014413378351,0.038351122394419054
597,75.02584316813994,1.5211510233455137,0.03431827306234926
598,52.107010408462735,0.8688069134488327,0.07229983956192997
599,34.228038779145095,0.2363384239097513,0.0002748074264302125
600,52.107010408462735,0.7032417772943648,0.01996236854163458
601,72.11417640686382,1.7081808106771474,0.05097664325668514
602,52.107010408462735,0.8732965865293998,0.00348630259408126
603,52.107010408462735,0.7611758146198091,0.0019535860312193815
604,34.228038779145095,0.23864191732017773,0.0021109384088895955
605,34.228038779145095,0.27273361979448885,0.00035428604567194766
606,52.107010408462735,0.8498228598915555,0.0025687094320618956
607,52.107010408462735,0.8429334267555466,0.0029367111073419563
608,84.93113552203272,1.892947417063675,0.03463701893141774
609,52.107010408462735,0.8845351500904959,0.0013553101650630658
610,75.02584316813994,1.4437710831712485,0.029310324204995387
611,52.107010408462735,0.8411008525354471,0.0017211401630743556
612,32.63161882135591,1.5594438023277863,0.0711827701387685
613,52.107010408462735,0.8892720504479533,0.002961005866842163
614,75.02584316813994,1.5392271131323905,0.04147368539666345
615,75.02584316813994,1.5447102501057788,0.0761662879509212
616,75.02584316813994,1.390031576511578,0.03371796053082382
617,52.107010408462735,0.6848479126418234,0.008113424368616104
618,75.02584316813994,1.4626250714994113,0.038324248661740626
619,52.107010408462735,0.9356472289051009,0.06219416011237262
620,34.228038779145095,0.23697890744338207,0.0023487701538867367
621,52.107010408462735,0.741019068910796,0.02379265059893552
622,52.107010408462735,0.7993101377801901,0.0032073364020487258
623,75.02584316813994,1.5297281011403765,0.03283304633896907
624,75.02584316813994,1.534371364292828,0.030713221100360077
625,75.02584316813994,1.8883419247474884,0.040340638396345704
626,52.107010408462735,0.8489086701096511,0.002381864690575282
627,75.02584316813994,1.586080772167188,0.030553651706658403
628,52.107010408462735,0.8202664658548221,0.002915837849904776
629,52.107010408462735,0.808784150443448,0.003076505806234829
630,34.228038779145095,0.28010479870785343,0.000168783275167117
631,77.68257977276113,1.7854048850859046,0.03969558608294045
632,75.02584316813994,1.5165660074856224,0.029370317263601474
633,24.601602154208347,1.076031122260533,0.026900778056513325
634,52.107010408462735,0.8315226944437274,0.003315833640834251
635,34.228038779145095,0.27135152374823296,0.0015592538653534938
636,75.02584316813994,1.5019832790767338,0.036349990246117535
637,75.02584316813994,1.4172618020785634,0.04020616926613817
638,75.02584316813994,1.5277131970043174,0.04533152312205417
639,75.02584316813994,1.544273227449591,0.049611151349198745
640,52.107010408462735,0.9961746940117242,0.02041050606518366
641,52.107010408462735,0.713661828174374,0.028502081384775776
642,84.93113552203272,1.1650259168580932,0.048564491043453964
643,79.863562365313,1.7062156114246139,0.04138190184939291
644,75.02584316813994,1.444171227276057,0.05163001858623929
645,52.107010408462735,0.8435351328665989,0.002969248632071278
646,84.93113552203272,2.458731228098737,0.08074508570749629
647,34.228038779145095,0.23480660079181773,0.0008438148991202765
648,52.107010408462735,0.8313955493261919,0.06995762005766187
649,34.228038779145095,0.2608962231020197,0.0003976145561264688
650,75.02584316813994,1.4857118696691818,0.05394589225549311
651,75.02584316813994,1.7438727242639684,0.06303513664584921
652,34.228038779145095,0.2510001594671155,0.00023017295428218176
653,52.107010408462735,0.7848893786467669,0.002638525016029271
654,75.02584316813994,1.4475673056683815,0.05549635763659398
655,52.107010408462735,0.8432761517055275,0.0038029066787278326
656,75.02584316813994,1.5060733779901936,0.0496833086207939
657,52.107010408462735,0.8545118995281031,0.0036462258750890736
658,34.228038779145095,0.22670982145416885,0.0032242155149446172
659,75.02584316813994,1.3550246600856992,0.05625747593271021
660,34.228038779145095,0.2450916988693717,0.0020453434003742665
661,34.228038779145095,0.23133655250425392,0.0003911561392508367
662,45.305588960733566,1.7785432699651147,0.05193587580246591
663,75.02584316813994,1.467729432598777,0.05648124304930554
664,52.107010408462735,0.8719853379742534,0.0034370057875675805
665,75.02584316813994,1.5410109233571594,0.046755306353172855
666,34.228038779145095,0.2590969388047644,0.0009352295697142021
667,84.93113552203272,2.5648682512112013,0.08245574008702278
668,84.93113552203272,1.7766063906406617,0.0407331512211111
669,75.02584316813994,1.0596661344663514,0.048368023579181414
670,52.107010408462735,0.8218145824595329,0.0036875384993838092
671,52.107010408462735,0.9238334559960507,0.0028208415785544796
672,82.26837990618144,1.5962814262592495,0.03032398209241969
673,84.93113552203272,2.7317727640881926,0.07506130496957931
674,75.02584316813994,1.4430994143079345,0.05275178294276541
675,52.107010408462735,0.8679610499993683,0.0014639604559118016
676,52.107010408462735,0.8543810583863869,0.0015253546720199879
677,34.228038779145095,0.2510001594671155,0.0006152177233663125
678,52.107010408462735,0.8396936386074646,0.0015085588702708694
679,52.107010408462735,0.8849850951555505,0.06044631334421592
680,75.02584316813994,1.5242439743676643,0.04536602231652477
681,52.107010408462735,0.8269566491207777,0.0008482620741840988
682,52.107010408462735,0.7629542721376262,0.002557494721348648
683,17.08822427197352,0.8441779467609097,0.0026727528855834543
684,52.107010408462735,0.882663448622287,0.0038110878547235674
685,75.02584316813994,1.5975538411765617,0.04292983558757996
686,34.228038779145095,0.2788890660745728,0.0019471840480029812
687,75.02584316813994,1.4516833094380313,0.036120514960850926
688,52.107010408462735,0.8369608907902703,0.0024817810227169973
689,34.228038779145095,0.24487820435816146,0.0028473902206114787
690,75.02584316813994,1.8139958532381373,0.05230556515728474
691,84.93113552203272,1.7228278950583817,0.03703239389822238
692,52.107010408462735,0.807775785308184,0.003173157835877065
693,84.93113552203272,1.7729871010833143,0.05983699541281924
694,84.93113552203272,1.6099622107529534,0.05716447326296968
695,34.228038779145095,0.28010479870785343,0.00013491634098994343
696,84.93113552203272,1.621058074116776,0.05156053621535097
697,34.228038779145095,0.22421850473489227,0.0032823192466266415
698,75.02584316813994,1.5911618924091195,0.02771712055781821
699,52.107010408462735,0.8715380343269657,0.003093855552008272
700,52.107010408462735,0.8592561593853766,0.0028055220285979135
701,52.107010408462735,0.7891241658406346,0.001698768671105258
702,52.107010408462735,0.9025586649137732,0.08250702389431308
703,34.228038779145095,0.2211803136138233,0.00018239440521594652
704,34.228038779145095,0.3048199280056052,0.005063324747303921
705,52.107010408462735,0.8526294657578632,0.002401486888254749
706,75.02584316813994,1.5253553953574475,0.026602436102580028
707,32.63161882135591,1.4801547350201285,0.03027709874519081
708,75.02584316813994,1.4583896726721206,0.029678190435888364
709,75.02584316813994,1.062368874431331,0.01722257761326444
710,34.228038779145095,0.2556877685573333,0.004871256039744587
711,69.76473638244774,1.5536207380076412,0.025697126583759257
712,34.228038779145095,0.2211803136138233,0.008007737766924511
713,52.107010408462735,0.9002696774262774,0.003578865580701883
714,52.107010408462735,0.849672599492132,0.08009068355413129
715,52.107010408462735,0.9324779958171826,0.001870785048710355
716,52.107010408462735,0.7311271728911181,0.03874880918497696
717,34.228038779145095,0.2625982487886126,0.008525923953249054
718,34.228038779145095,0.21328101669904387,0.004060568311984286
719,52.107010408462735,0.7725525937941938,0.002111963088981393
720,84.93113552203272,1.752947330101137,0.07134349938552678
721,34.228038779145095,0.23480660079181773,0.005520773148646796
722,52.107010408462735,0.8070345333848294,0.0015524629629562053
723,52.107010408462735,0.9437635533205794,0.09001383087641893
724,34.228038779145095,0.2625982487886126,0.004055792701963545
725,34.228038779145095,0.24984347670459423,0.0036932186253802457
726,34.228038779145095,0.23252289379914753,0.005382271722311843
727,75.02584316813994,1.4817480711092625,0.030357736246996066
728,52.107010408462735,0.7809360408584393,0.002502024981134117
729,84.93113552203272,1.720640751903007,0.08309357430967347
730,52.107010408462735,0.9030145104694236,0.0016094383944680601
731,75.02584316813994,1.425605454228611,0.02730976622364558
732,52.107010408462735,0.8840251382689126,0.0023975595896542357
733,53.386550849147135,0.8010603532118751,0.0031231934560147986
734,75.02584316813994,1.435443541509946,0.020947816981122934
735,34.228038779145095,0.2450916988693717,0.004580777269864639
736,34.228038779145095,0.2671937181424133,0.006069634189966339
737,52.107010408462735,0.8089903377188096,0.004026174865545705
738,84.93113552203272,1.6696113557223233,0.06838979988208783
739,84.93113552203272,1.6261602415209544,0.07446373059355764
740,52.107010408462735,0.8758523428892472,0.0972468832056945
741,63.82822120112249,1.5103179009261676,0.024388263788398045
742,66.55619050716554,0.9462079491236728,0.03729723346172959
743,75.02584316813994,1.5638709444370158,0.034906325364578134
744,75.02584316813994,1.3846941612339663,0.039338787238662506
745,52.107010408462735,0.781955037539168,0.002950012421426229
746,34.228038779145095,0.2450916988693717,0.006332901470182339
747,52.107010408462735,0.85668884240536,0.0014808498182301427
748,52.107010408462735,0.8443470954794823,0.0018437639947824214
749,75.02584316813994,1.4227603115688527,0.02694575899633187
750,75.02584316813994,1.4438942134107329,0.026783162602589294
751,52.107010408462735,0.8023719070433797,0.002033281736347224
752,34.228038779145095,0.2556877685573333,0.006522277739765825
753,52.107010408462735,0.8611897235704289,0.07722554733449805
754,52.107010408462735,0.8106562109885187,0.003090477304453755
755,34.228038779145095,0.2657404500561686,0.004694343173280546
756,52.107010408462735,0.8593737931371291,0.0033787285863341107
757,52.107010408462735,0.8281413781237746,0.0031411969966486306
758,45.305588960733566,1.785893554769372,0.06751607555353469
759,34.228038779145095,0.2740448391204239,0.0022187631570182442
760,34.228038779145095,0.28010479870785343,0.0006152548163607663
761,47.40791195650587,0.8303341973173252,0.0031335519790024954
762,75.02584316813994,1.3928210522873368,0.020344799961888406
763,52.107010408462735,0.9078424080128618,0.05839680183389298
764,75.02584316813994,1.4518502906239255,0.022378632109840348
765,75.96117366928414,1.7174827918088542,0.06657078150190902
766,52.107010408462735,0.8652806742733947,0.003184150662232474
767,84.93113552203272,2.579232144474887,0.11281936670461952
768,34.228038779145095,0.24290338012946663,0.0017232550165222627
769,73.0830514479427,1.4986730028907802,0.025248923810403834
770,84.93113552203272,2.088064862898547,0.04270516277848267
771,75.02584316813994,1.4713583888215314,0.02151418531893725
772,84.93113552203272,1.689091093986042,0.06830060744127142
773,52.107010408462735,0.9312164577999467,0.07065480366475728
774,52.107010408462735,0.8777866509665079,0.003802867456243683
775,75.02584316813994,1.477423126582026,0.022400518122962742
776,52.107010408462735,0.8906715648069853,0.004688217806025165
777,75.02584316813994,1.8762853121411731,0.062453236801924474
778,75.02584316813994,1.5333149569666928,0.02053996340889862
779,52.107010408462735,0.8689147050994688,0.0785349089615635
780,75.02584316813994,1.5389547047481469,0.01872592108443465
781,52.107010408462735,0.7884824917020883,0.0038916480651305096
782,52.107010408462735,0.9268527348444401,0.005401270428447021
783,52.107010408462735,0.86834791947173,0.005269601695410922
784,84.93113552203272,1.7903337781990125,0.047102122197752505
785,52.107010408462735,0.8170128789901466,0.0057663564706125145
786,75.02584316813994,1.4776757193489645,0.018581857996558072
787,52.107010408462735,0.7605119386306274,0.004003045519008909
788,34.228038779145095,0.24487820435816146,0.0007512117575941835
789,75.02584316813994,1.5567435441852657,0.03995113228271109
790,84.93113552203272,1.5913680719056291,0.034439514414304574
791,52.107010408462735,0.8441779467609097,0.0029996882911613454
792,66.9136428806149,1.5016936944455705,0.023002028057885104
793,52.107010408462735,0.7563965429413912,0.0030329879039620866
794,75.02584316813994,1.0672840263769083,0.03427617308093521
795,52.107010408462735,0.759394506524429,0.05225303588483941
796,52.107010408462735,0.8109960346118887,0.002045524892791001
797,34.228038779145095,0.2590969388047644,0.0012982462692192054
798,75.02584316813994,1.466411161134996,0.019270220020157068
799,34.228038779145095,0.2788890660745728,0.0037697900566625586
800,84.93113552203272,1.5845221606275415,0.0315117701954888
801,52.107010408462735,0.7977487349768233,0.0032389919693284683
802,34.228038779145095,0.24716484293875554,0.0028217571517798468
803,75.02584316813994,1.589390544102546,0.040812844390904754
804,52.107010408462735,0.894694638458518,0.08080244979816191
805,75.02584316813994,1.4944523975872084,0.018347440141798555
806,75.02584316813994,1.500709990370465,0.019679411338343077
807,52.107010408462735,0.8415517067933828,0.003436250481371174
808,34.228038779145095,0.2363384239097513,0.0008858856344849952
809,52.107010408462735,0.8696884007186784,0.08161001043228779
810,34.228038779145095,0.21861304211651997,0.002628936910403501
811,75.80956056940752,1.530631083423933,0.02329562489060998
812,84.93113552203272,1.6933114370534041,0.022643217754345236
813,75.02584316813994,1.078646176870111,0.03482071889379897
814,52.107010408462735,0.83569390130249,0.003474711977109475
815,52.107010408462735,0.7877578772965002,0.004952045862597072
816,52.107010408462735,0.8675835393410308,0.004361832310995503
817,34.228038779145095,0.24290338012946663,0.0033632433995084976
818,84.93113552203272,1.6611735694805487,0.032330369409821445
819,34.228038779145095,0.24716484293875554,0.0035979729587741205
820,75.02584316813994,1.4534198176029047,0.02446029783328546
821,52.107010408462735,0.8661099252457334,0.003501468347774081
822,34.228038779145095,0.22670982145416885,0.0009814169110989868
823,34.228038779145095,0.24290338012946663,0.0002458723357211534
824,84.93113552203272,1.4979184918403403,0.04830651450942352
825,84.93113552203272,1.813372539479096,0.037768663707791215
826,68.02908408999667,1.4874153304402558,0.02564962599123368
827,84.93113552203272,1.724740368966161,0.046897849408402345
828,52.107010408462735,0.8906236228331715,0.06986002446746079
829,34.228038779145095,0.25447020775467927,0.0002734075425321614
830,34.228038779145095,0.2538449738289921,0.0006782360403914112
831,75.02584316813994,1.3554299772039755,0.029587492491087164
832,52.107010408462735,0.7052930993439863,0.026572163433350296
833,75.02584316813994,1.05404046587709,0.012575002306933673
834,34.228038779145095,0.2888580736674738,0.0032552431955692462
835,75.02584316813994,1.5559692954288655,0.045048151819774576
836,84.93113552203272,1.6648654037204995,0.03055344248335081
837,34.228038779145095,0.2510001594671155,0.00317537898368353
838,75.02584316813994,1.588660465416959,0.05091586660988787
839,34.228038779145095,0.2556877685573333,0.0033984797850340476
840,34.228038779145095,0.25189980161574316,0.0032204738120905074
841,52.107010408462735,1.0414570066874034,0.020760836691975093
842,34.228038779145095,0.24290338012946663,0.0021606262878136606
843,52.107010408462735,0.9149838089689897,0.07758720247374326
844,52.107010408462735,0.7787873063073338,0.004150394630324371
845,52.107010408462735,0.7799677541986781,0.0027812908161106223
846,34.228038779145095,0.24716484293875554,0.0016329097968934003
847,52.107010408462735,0.8464955099016334,0.002995305308934583
848,34.228038779145095,0.2450916988693717,0.0021518780659706693
849,84.93113552203272,1.7883767928757763,0.028941524674416807
850,52.107010408462735,0.7713395847087292,0.0014574485576141286
851,49.803543262751994,0.7439916850290724,0.0033755470336053264
852,34.228038779145095,0.2740448391204239,0.004364932842309266
853,52.107010408462735,0.865758414829731,0.002133245492316825
854,84.93113552203272,1.6493767281496194,0.024297977702596184
855,84.93113552203272,1.6744693511190742,0.036396611654606906
856,52.107010408462735,0.8432588486588306,0.0017520086083861533
857,34.228038779145095,0.22421850473489227,0.006919323697926749
858,75.02584316813994,1.5740301862004165,0.03242658750594002
859,34.228038779145095,0.28685732510527484,0.0029543934309442244
860,34.228038779145095,0.25277750127294085,0.002793938573893373
861,84.93113552203272,2.420441747730725,0.10312318703914806
862,84.93113552203272,2.5046061360337366,0.039341889771815075
863,52.107010408462735,0.8578328462204143,0.002407694564350249
864,34.228038779145095,0.21861304211651997,0.0060659751181896815
865,52.107010408462735,0.8316688628516644,0.0028836434005258815
866,52.107010408462735,0.7766712500573268,0.004200311574720887
867,34.228038779145095,0.2574360609919133,0.005128506120517018
868,84.93113552203272,1.7153119401030537,0.048088313784756476
869,75.02584316813994,1.5475967337592478,0.029159187916490952
870,34.228038779145095,0.23480660079181773,0.0031964315863611814
871,52.107010408462735,0.8746844417021434,0.004544528073449246
872,52.107010408462735,0.8807942753592307,0.08402916884800359
873,34.228038779145095,0.23252289379914753,0.00484402620773236
874,34.228038779145095,0.2590969388047644,0.003669456866404741
875,52.107010408462735,0.8526550337805366,0.003230302470204234
876,63.82822120112249,1.6322845140674227,0.05759355838506643
877,34.228038779145095,0.24716484293875554,0.0038055540458107606
878,52.107010408462735,0.8642600881499368,0.002498080653302523
879,84.93113552203272,2.1335431979270396,0.04148440331672293
880,75.96117366928414,1.417315549598672,0.04446013837732492
881,75.02584316813994,1.449035068769721,0.03009580466853552
882,52.107010408462735,0.8637927544864348,0.0027647239761702663
883,52.107010408462735,0.9053702201304615,0.014418176763912383
884,73.0830514479427,1.4702890898661056,0.02175933479010153
885,84.93113552203272,1.661423225187108,0.03135328571737145
886,77.68257977276113,1.7158022250900031,0.0341210441889183
887,34.228038779145095,0.2510001594671155,0.0035445098544401865
888,84.93113552203272,1.5837504441692773,0.04061563275204254
889,34.228038779145095,0.26989264458829626,0.0014203215700885896
890,52.107010408462735,0.8967904449134063,0.0025148095875369147
891,84.93113552203272,2.52285106612577,0.10776605859492433
892,34.228038779145095,0.2888580736674738,0.0023879907937455758
893,75.02584316813994,1.5458697878841334,0.033152053909056865
894,59.324325865667404,1.633445419382047,0.05129137511092567
895,52.107010408462735,0.8530814690175287,0.001878690710111236
896,84.93113552203272,1.7983392143416728,0.04221285137082899
897,52.107010408462735,0.8394462959385094,0.0019940837780675347
898,34.228038779145095,0.24082728286340283,0.0010123928407892446
899,73.28913436464913,1.2694508204589825,0.038371627260440994
900,34.228038779145095,0.2590969388047644,0.00032222612023485864
901,84.93113552203272,1.6782561357707775,0.03877945626076033
902,47.40791195650587,0.9021157615582542,0.07835795713631098
903,52.107010408462735,0.8935719738791554,0.0019708311627476063
904,52.107010408462735,0.6766580101491031,0.036504283198084776
905,52.107010408462735,0.8661398268711856,0.0011297894009092493
906,75.02584316813994,1.5358143683342675,0.03352947750354619
907,34.228038779145095,0.28125654541306666,0.002514884589094324
908,52.107010408462735,0.8888689449114789,0.0008665491093408084
909,34.228038779145095,0.215914115670637,0.006244239466031587
910,34.228038779145095,0.23697890744338207,0.004369875307459359
911,75.02584316813994,1.5953763826284197,0.02578497511277968
912,52.107010408462735,0.9322692249753091,0.07482703720036704
913,75.02584316813994,1.5298266409360752,0.030107033363039694
914,52.107010408462735,0.9114435185891407,0.0014837489442411991
915,75.02584316813994,1.53515207156111,0.021476865299401064
916,34.228038779145095,0.23480660079181773,0.005837046184584832
917,52.107010408462735,0.8607613188407833,0.0017428437412294398
918,10.299801593022735,0.8544680684366337,0.03596380938363819
919,34.228038779145095,0.26835040090493456,0.0038031199626860634
920,52.107010408462735,0.9244685902243838,0.002040009663377272
921,83.23934909634629,1.7429614506744817,0.04360283472959829
922,52.107010408462735,0.782145104774153,0.002253939838457557
923,34.228038779145095,0.29611078720544504,0.0008034522670738453
924,66.9136428806149,1.1256919824220732,0.022583009796501383
925,84.93113552203272,2.44882188165786,0.09726147993714614
926,52.107010408462735,0.8699692365394778,0.0018198335301241667
927,75.02584316813994,1.5470130991855684,0.02926981954900514
928,75.02584316813994,1.455194304782807,0.03237303190446733
929,34.228038779145095,0.2776038630051047,0.0030986748538237574
930,52.107010408462735,0.8284942897438986,0.0023395371892540456
931,75.02584316813994,1.4505698058771805,0.03145858937814715
932,75.02584316813994,1.5731625357065977,0.03161057464990162
933,84.93113552203272,1.7513092551711171,0.04632073314455574
934,52.107010408462735,0.7594743416820688,0.0014401754148855445
935,34.228038779145095,0.2608962231020197,0.0034936111915901957
936,75.02584316813994,1.4736004005241141,0.028075520599841586
937,52.107010408462735,0.8243003486727243,0.0013174709144386995
938,75.02584316813994,1.462718112503596,0.02733212493874334
939,75.02584316813994,1.3935257432793269,0.026959213471803932
940,84.93113552203272,1.7851678529488266,0.03779137651227142
941,52.107010408462735,0.7998285649104169,0.0019135229619721555
942,27.569067988151843,1.1507407000337866,0.032116880697721464
943,34.228038779145095,0.2510001594671155,0.003778413731931829
944,52.107010408462735,0.8379858934433008,0.002680177938807822
945,34.228038779145095,0.2888580736674738,0.00024894459820345993
946,52.107010408462735,0.7529476581664516,0.03601790043736794
947,52.107010408462735,0.8616083767328235,0.0030311492388378353
948,75.02584316813994,1.4928742086503044,0.024647541728193535
949,34.228038779145095,0.2211803136138233,0.0038401983832129782
950,49.803543262751994,0.7799110382054089,0.003853637289367183
951,84.93113552203272,1.575452787632081,0.03462487382696201
952,52.107010408462735,0.8996517089878993,0.004886167259356977
953,52.107010408462735,0.9113407385992476,0.006135958629543012
954,34.228038779145095,0.2510001594671155,0.0040903422043923054
955,52.107010408462735,0.8842230981870954,0.007140615578694033
956,75.02584316813994,1.376464308869219,0.03327281661816353
957,49.803543262751994,0.9057907314466818,0.007890201666123947
958,52.107010408462735,0.8644934721274047,0.007070161807864045
959,34.228038779145095,0.22907961052860265,0.0065075265373050195
960,84.93113552203272,2.298837497690616,0.03758145766408497
961,75.02584316813994,1.4435103553224808,0.023845474517329025
962,34.228038779145095,0.2788890660745728,0.003702046882329446
963,52.107010408462735,0.9191042006028419,0.01643191102657911
964,52.107010408462735,0.8450092124346732,0.006937019422421656
965,75.02584316813994,1.4637580383560191,0.02669158372794448
966,34.228038779145095,0.28010479870785343,0.005978347146902596
967,52.107010408462735,0.8202945390326833,0.006734106391952148
968,52.107010408462735,0.9255294337150235,0.07020894105333697
969,69.76473638244774,1.3314905034500968,0.02588945285400752
970,52.107010408462735,0.7918391695984854,0.00711437590918438
971,84.93113552203272,1.7145177812058365,0.0336769485845327
972,75.02584316813994,1.3682231775756133,0.02618234309572236
973,52.107010408462735,0.8288581723763088,0.019412858656641458
974,34.228038779145095,0.2450916988693717,0.004525707401170254
975,52.107010408462735,0.9029964470585916,0.07312583367595728
976,84.93113552203272,1.6867402904534299,0.051903602045807275
977,68.02908408999667,1.4143855103329117,0.026958036072965496
978,52.107010408462735,0.7715760166615674,0.006697353244398539
979,52.107010408462735,0.8774966684294029,0.0054572356420723445
980,84.93113552203272,1.7023082982661795,0.05505135370006935
981,84.93113552203272,1.8053760287973175,0.06803654948987307
982,34.228038779145095,0.2211803136138233,0.0008271931044562808
983,34.228038779145095,0.2211803136138233,0.004073136661053189
984,34.228038779145095,0.27135152374823296,0.0019773648485494344
985,52.107010408462735,0.7710496111536767,0.0035158031954270683
986,52.107010408462735,0.8378215780623939,0.0037763959168730307
987,52.107010408462735,0.8560204584817462,0.0653525398965048
988,52.107010408462735,0.9040796684863193,0.0029773801246950338
989,34.228038779145095,0.2450916988693717,0.00103984050706174
990,52.107010408462735,0.7925195923074095,0.0029632587920336295
991,52.107010408462735,0.9215613816212185,0.0548065558927231
992,84.93113552203272,1.6526133230534097,0.07841727914584354
993,60.17748102032627,1.6983270687808791,0.025430166003921513
994,52.107010408462735,0.8820855695735231,0.003809442651043285
995,49.803543262751994,0.880453984736014,0.012925568885126918
996,52.107010408462735,0.7564631407061535,0.03353848455254878
997,52.107010408462735,0.8515467521466809,0.004585099442560497
998,75.02584316813994,0.9567275290318985,0.03189835978962132
999,52.107010408462735,0.7519359590016047,0.004611705934796775
1000,75.02584316813994,1.5307970525662542,0.03382596470850173
1001,52.107010408462735,0.8284942897438986,0.005304861996499023
1002,75.02584316813994,1.3888760156333293,0.02335641341660436
1003,84.93113552203272,1.5948274674237597,0.08027620125557865
1004,52.107010408462735,0.7864757540504261,0.005546660332039724
1005,52.107010408462735,0.7846307045649665,0.004320967777463575
1006,34.228038779145095,0.24082728286340283,0.0022060699642914017
1007,34.228038779145095,0.2556877685573333,0.0024219050257486274
1008,52.107010408462735,0.8771800762366381,0.003703766751024483
1009,52.107010408462735,0.8484611702449298,0.004269108618333087
1010,73.58150607548893,1.5255251815786086,0.025173716370855415
1011,52.107010408462735,0.7857657829115372,0.003223035721908858
1012,84.93113552203272,1.7622236288782736,0.07633893864974964
1013,75.02584316813994,1.5573264621487763,0.02146745345229505
1014,75.02584316813994,1.5493529918553357,0.019814557706758874
1015,62.5974188693418,1.753190091879953,0.07689586293945858
1016,52.107010408462735,0.8325371846453845,0.004077286876909621
1017,52.107010408462735,0.8362877022857348,0.0040371981623707615
1018,64.7370455407715,1.5256860535391303,0.020878942086378482
1019,65.89615816573563,1.512430524504857,0.029758168413471557
1020,52.107010408462735,0.8187493102385549,0.004199640275118523
1021,34.228038779145095,0.2888580736674738,0.005933187092074188
1022,34.999819758157244,1.7770263273952025,0.06007445585162456
1023,34.228038779145095,0.22670982145416885,0.00839453974450427
1024,52.107010408462735,0.8905110819116092,0.002943216876527592
1025,75.02584316813994,1.5071783708666782,0.02077745685236628
1026,84.93113552203272,1.5511986201467916,0.06676957013948412
1027,52.107010408462735,0.7822408479419178,0.003127140232740591
1028,72.18821236436871,1.6357039058613774,0.06619741039587664
1029,52.107010408462735,0.8404990013659461,0.002225235514841259
1030,34.228038779145095,0.2606767981877203,0.008736566056221917
1031,34.228038779145095,0.215914115670637,0.012031354021762197
1032,84.93113552203272,1.6141148308597564,0.05998978452104111
1033,75.02584316813994,1.4307537119761486,0.020926991344385602
1034,52.107010408462735,0.8293583093232414,0.0018870497038760564
1035,34.228038779145095,0.24716484293875554,0.010987982177411593
1036,52.107010408462735,0.8747873459805964,0.0031822429455260967
1037,34.228038779145095,0.27273361979448885,0.012605825203069354
1038,52.107010408462735,0.8342217981716176,0.0023666593809869296
1039,52.107010408462735,0.815140818445076,0.002609412678702322
1040,75.02584316813994,1.5121381511457952,0.0178715942579006
1041,34.228038779145095,0.2657404500561686,0.010588500933502443
1042,34.228038779145095,0.2450916988693717,0.009280367564082737
1043,52.107010408462735,0.8492048914531773,0.002504336209022344
1044,52.107010408462735,0.8940599147714015,0.05157440444582527
1045,67.89457633087014,1.5011188672719809,0.016516438730064677
1046,52.107010408462735,0.8073972108248155,0.0032264383578054015
1047,34.228038779145095,0.23011899170159997,0.006605776814827824
1048,84.93113552203272,1.6971297187349133,0.05954308680766647
1049,84.93113552203272,1.230624382938687,0.06295366810078791
1050,73.0830514479427,1.4983386019957146,0.015614596118895586
1051,84.93113552203272,1.675404519587372,0.05049401127201898
1052,52.107010408462735,0.8857912647365346,0.05247885510825567
1053,52.107010408462735,0.887309484691557,0.004038601971244775
1054,52.107010408462735,0.8967735710992079,0.004457246881974096
1055,52.107010408462735,0.8926549540147437,0.03889715042037126
1056,34.228038779145095,0.28125654541306666,0.009312400511645058
1057,52.107010408462735,0.8303341973173252,0.004025551654780309
1058,52.107010408462735,0.7396225920543789,0.03503276707735671
1059,75.02584316813994,1.4868640170793364,0.015816514670560333
1060,52.107010408462735,0.7492871748476038,0.004980911629717179
1061,75.02584316813994,1.4916373504510405,0.013974056240656252
1062,34.228038779145095,0.24984347670459423,0.008607054967933347
1063,75.02584316813994,1.436527130150479,0.014056089822133366
1064,75.02584316813994,1.1128468056104892,0.03130511835029401
1065,52.107010408462735,0.8927360249372975,0.005531834383442451
1066,52.107010408462735,0.8782483411816616,0.005358728792001631
1067,84.93113552203272,2.4272341769086476,0.10013310634868562
1068,34.228038779145095,0.2608962231020197,0.009077518618335334
1069,34.228038779145095,0.27273361979448885,0.010684675572944058
1070,52.107010408462735,0.8271582473651988,0.005340951493650485
1071,52.107010408462735,0.7623286714685398,0.03980543313940437
1072,34.228038779145095,0.24290338012946663,0.009148092865589708
1073,52.107010408462735,0.9132105908816628,0.027373297844673322
1074,75.02584316813994,1.5630988898061737,0.0341415348243734
1075,52.107010408462735,0.8159646909997335,0.004511316989326802
1076,52.107010408462735,0.8341392878635836,0.003925463555477536
1077,84.93113552203272,1.8030372189300885,0.05277080399650282
1078,84.93113552203272,1.6422748667971223,0.04468503693796344
1079,84.93113552203272,1.6618616283994094,0.04346903866583194
1080,52.107010408462735,0.9124660390527249,0.017032429947457878
1081,67.89457633087014,1.41077871982674,0.013356926735264618
1082,34.228038779145095,0.2538449738289921,0.008522048645697139
1083,52.107010408462735,0.8408023850494045,0.004230872451464668
1084,34.228038779145095,0.25277750127294085,0.008065356103398952
1085,65.89615816573563,1.8950717214561696,0.06823266866289494
1086,84.93113552203272,1.6799671472695947,0.046058401318448364
1087,52.107010408462735,0.8619533242834725,0.004737982055024417
1088,75.02584316813994,1.5353116823759345,0.014546281879625011
1089,75.02584316813994,1.429942662560403,0.026785672023149232
1090,34.228038779145095,0.27273361979448885,0.009665455633282222
1091,75.02584316813994,1.5356897711508117,0.017387174076263813
1092,52.107010408462735,0.9094331979478063,0.018041692165056446
1093,34.228038779145095,0.2510001594671155,0.00943216652579637
1094,34.228038779145095,0.23011899170159997,0.006610793293402417
1095,84.93113552203272,1.749822385802669,0.04542446903693811
1096,58.7310862495383,1.6653247938646767,0.03892368791459309
1097,34.228038779145095,0.23133655250425392,0.004193313464513293
1098,84.93113552203272,2.5359322038863246,0.10402528261049537
1099,18.999088782769817,0.8484764885060276,0.014254091237569787
1100,52.107010408462735,0.7301655599203521,0.039091555649604405
1101,52.107010408462735,0.9025649875819892,0.01763937961421433
1102,34.228038779145095,0.2556877685573333,0.00445270322382102
1103,34.228038779145095,0.21861304211651997,0.007481454762143319
1104,75.02584316813994,1.461724209115724,0.018650420506284748
1105,52.107010408462735,0.82934298154248,0.06155635363068773
1106,18.999088782769817,0.8561968946573365,0.012372870443935292
1107,68.02908408999667,1.529584260725831,0.030591685214516624
1108,59.73065192314049,1.1143889602569657,0.04512661566079854
1109,34.228038779145095,0.2574360609919133,0.007889734788978281
1110,52.107010408462735,0.8482064067732269,0.004651432621655592
1111,75.02584316813994,1.5412607701826615,0.017923339089025447
1112,75.02584316813994,1.457335870788333,0.01789670116265698
1113,34.228038779145095,0.2538449738289921,0.007092418002221129
1114,84.93113552203272,1.6809348946942135,0.039909000736288225
1115,52.107010408462735,0.7995544845987681,0.0033877263978518077
1116,34.228038779145095,0.2625982487886126,0.007976088806042475
1117,34.228038779145095,0.27273361979448885,0.005369639101411361
1118,52.107010408462735,0.7826034702793025,0.02390364604334664
1119,84.93113552203272,1.6654502883973772,0.039609881622865384
1120,52.107010408462735,0.804974278052192,0.00217804826938639
1121,34.228038779145095,0.28010479870785343,0.0022867164759068914
1122,52.107010408462735,0.903519550486122,0.0034377625963137523
1123,52.107010408462735,0.8329550811502293,0.0033024455855892726
1124,52.107010408462735,0.8281405016662025,0.002902602052367226
1125,34.228038779145095,0.24487820435816146,0.0013100157563010195
1126,18.999088782769817,0.7373050508590755,0.03285837113768144
1127,52.107010408462735,0.8630175114222056,0.0032400387902990838
1128,34.228038779145095,0.23480660079181773,0.00306520518495057
1129,34.228038779145095,0.28125654541306666,0.005824008642795808
1130,75.02584316813994,1.5974301749983928,0.02124188491924688
1131,52.107010408462735,0.8568784174952784,0.002916705717777683
1132,34.228038779145095,0.2657404500561686,0.006755322219166693
1133,34.228038779145095,0.24082728286340283,0.007732924497792781
1134,52.107010408462735,0.8700122401067556,0.002927823312454045
1135,84.93113552203272,1.8766541475264054,0.029836286169568165
1136,34.228038779145095,0.2606767981877203,0.008064741529681785
1137,75.02584316813994,1.2690136195696726,0.05303859467035425
1138,34.228038779145095,0.22670982145416885,0.00496667918502669
1139,34.228038779145095,0.2625982487886126,0.005767265808281519
1140,65.89615816573563,1.613195971095271,0.023746758799753985
1141,52.107010408462735,0.7776574541750935,0.002344267177542436
1142,52.107010408462735,0.8435923328996533,0.002450765930036576
1143,75.02584316813994,1.5957618353930156,0.04388607408764086
1144,75.02584316813994,1.4637064540840656,0.02264525362172821
1145,34.228038779145095,0.2510001594671155,0.0053279848370611504
1146,34.228038779145095,0.24984347670459423,0.004816963686710696
1147,84.93113552203272,2.4576809276294997,0.10956552729059375
1148,34.228038779145095,0.24487820435816146,0.00529171358799832
1149,52.107010408462735,0.7924024329168469,0.0028131092033009536
1150,52.107010408462735,0.8416020508890026,0.010920357978768815
1151,34.228038779145095,0.26835040090493456,0.006682486972716922
1152,75.02584316813994,1.5234321145218774,0.019125970180743336
1153,52.107010408462735,0.988639095389268,0.014475676984829853
1154,52.107010408462735,0.8780708585852257,0.012411546703314215
1155,52.107010408462735,0.7627614088733521,0.03553060918347829
1156,77.32673172689762,1.7084778981977133,0.037095717590461263
1157,75.02584316813994,1.5580242787145577,0.021058088834417753
1158,75.02584316813994,1.50849969461541,0.019595570114064154
1159,34.228038779145095,0.2657404500561686,0.005023537314075066
1160,34.228038779145095,0.2590969388047644,0.005349887150304822
1161,75.02584316813994,0.9271331613499734,0.03681912347053084
1162,52.107010408462735,0.7434339847961308,0.020768982246774488
1163,52.107010408462735,0.7082112382180086,0.046861920373720466
1164,66.55619050716554,1.4356335022146114,0.022304518965719944
1165,34.228038779145095,0.23480660079181773,0.0032145682016169186
1166,52.107010408462735,0.7364957316478558,0.018495398021728074
1167,52.107010408462735,0.8489082053015672,0.0032375983050542054
1168,52.107010408462735,0.7951128462507567,0.002172238586125315
1169,52.107010408462735,0.8116322595186203,0.0021774621760039733
1170,34.228038779145095,0.21861304211651997,0.0064342543028041155
1171,84.93113552203272,1.793415401631143,0.031184643211860607
1172,52.107010408462735,0.8519995217726632,0.002033498796511858
1173,34.228038779145095,0.26421069417591103,0.004772206587933481
1174,34.228038779145095,0.23697890744338207,0.0030676501992707994
1175,75.02584316813994,1.3835289175035408,0.023722957164640478
1176,52.107010408462735,0.7057137542801465,0.022138315818973277
1177,52.107010408462735,0.8640011069888653,0.001875540176791514
1178,34.228038779145095,0.23011899170159997,0.0008475578752961677
1179,52.107010408462735,0.7845962397721516,0.00312483181466109
1180,34.228038779145095,0.2510001594671155,0.0009375915602705676
1181,56.241137942709265,1.5950793299999466,0.025199937121769978
1182,52.107010408462735,0.762591477154799,0.0030789126522484805
1183,75.02584316813994,1.4850824937142315,0.02415191258953846
1184,52.107010408462735,0.8902333981469341,0.003977202521042396
1185,34.228038779145095,0.2608962231020197,0.00022680427572385753
1186,34.228038779145095,0.23480660079181773,0.001765129826776679
1187,84.93113552203272,1.6351534180883835,0.029800567477388507
1188,52.107010408462735,0.8481007767232374,0.0040280199589415935
1189,52.107010408462735,0.8871178526111554,0.01908472227287203
1190,75.02584316813994,1.5154239077247504,0.02522643559753348
1191,52.107010408462735,0.8265958487494576,0.0033965284808547616
1192,75.02584316813994,1.675960763596613,0.03351921527193226
1193,75.02584316813994,1.5293081735117926,0.02498598045046365
1194,52.107010408462735,0.7866949724855337,0.003414034619483669
1195,52.107010408462735,0.8925314942769236,0.004068568838975849
1196,75.02584316813994,1.060973339907136,0.021896115863009703
1197,75.02584316813994,1.3943588019915643,0.027833980776609167
1198,52.107010408462735,0.9519948385397992,0.00419056299345167
1199,34.228038779145095,0.23480660079181773,0.003149622822724213
1200,47.40791195650587,0.720620203423737,0.007247667389794394
1201,84.93113552203272,1.7681870999094649,0.04194086156751084
1202,52.107010408462735,0.8109169195801046,0.00404648320029552
1203,34.228038779145095,0.2788890660745728,1.2580009198515096e-05
1204,34.228038779145095,0.2211803136138233,0.002912312688145985
1205,75.02584316813994,1.4980991945680975,0.026606745029403012
1206,52.107010408462735,0.7622118004112576,0.005463293471639409
1207,34.228038779145095,0.2211803136138233,0.005544716115756049
1208,17.08822427197352,0.9102878601610781,0.0494644763126009
1209,75.02584316813994,1.5718550025440883,0.05073324995129128
1210,52.107010408462735,0.7595406507138285,0.013624532411120768
1211,75.02584316813994,1.9159500417393138,0.06219774590458873
1212,52.107010408462735,0.834405268515495,0.006096509467354509
1213,52.107010408462735,0.7966501085601425,0.005524708588624687
1214,52.107010408462735,0.8002126969467686,0.005582862160608458
1215,84.93113552203272,1.704951572879688,0.031223164658996817
1216,34.228038779145095,0.2671937181424133,0.007222421872190382
1217,52.107010408462735,0.8963436318968738,0.00458666571867071
1218,34.228038779145095,0.23480660079181773,0.005493645317921764
1219,52.107010408462735,0.8782403896376505,0.005351460935261905
1220,34.228038779145095,0.26989264458829626,0.007446350798727824
1221,52.107010408462735,0.8372617438457963,0.005143876683230061
1222,52.107010408462735,0.7838523883885015,0.0033852641176343665
1223,52.107010408462735,0.8445538702589682,0.01499660355403281
1224,52.107010408462735,0.7972211044812143,0.0034831491872902437
1225,75.02584316813994,1.6927967950663225,0.08062316871554227
1226,75.02584316813994,1.38033016615233,0.026696206657620382
1227,52.107010408462735,0.895381250744669,0.06208133101315251
1228,52.107010408462735,0.8253253513257548,0.0029564220179593426
1229,53.386550849147135,0.9372972865547454,0.0030068906923623115
1230,34.228038779145095,0.2606767981877203,0.005865865426187167
1231,52.107010408462735,0.7870201196203357,0.004038631397665922
1232,75.02584316813994,1.5960581720741926,0.027677292269103128
1233,84.93113552203272,1.869899377178993,0.03481087740473639
1234,75.02584316813994,1.4348970661767797,0.027789465785283983
1235,34.228038779145095,0.2556877685573333,0.004942331553939278
1236,75.02584316813994,1.4306356545928174,0.027521877331023126
1237,52.107010408462735,0.8010472444292525,0.004612390868073496
1238,52.107010408462735,0.7992145517032381,0.005280282478719589
1239,52.107010408462735,0.8231943096196126,0.005193554766193799
1240,52.107010408462735,0.8964671905799532,0.02197468486136732
1241,34.228038779145095,0.2556877685573333,0.004111151068916186
1242,52.107010408462735,0.765885693931557,0.006256204845990911
1243,34.228038779145095,0.29611078720544504,0.0006792132324157651
1244,34.228038779145095,0.23252289379914753,0.002658753378605161
1245,34.228038779145095,0.26835040090493456,0.0008575887995969089
1246,34.228038779145095,0.2211803136138233,0.0023241306883665103
1247,34.228038779145095,0.2450916988693717,0.0027965397019787397
1248,47.40791195650587,0.8542007744240223,0.0196911301296026
1249,52.107010408462735,0.8219060268956604,0.005805988157766562
1250,34.228038779145095,0.2657404500561686,0.0041565927382095635
1251,34.228038779145095,0.24716484293875554,0.003523079759076009
1252,34.228038779145095,0.2538449738289921,0.003072920375364968
1253,34.228038779145095,0.24716484293875554,0.0025027586941447633
1254,25.826266557517666,1.4667026260318572,0.026148632335450027
1255,34.228038779145095,0.2625982487886126,0.0035329537660322707
1256,52.107010408462735,0.8300161460576735,0.004462133969573977
1257,75.02584316813994,1.5719128497917647,0.06047949857390178
1258,75.02584316813994,1.8290565497737283,0.07488189344643459
1259,52.107010408462735,0.8608576152887581,0.00418735718894022
1260,34.228038779145095,0.28685732510527484,0.0001734248069359401
1261,53.386550849147135,0.8450052869236389,0.004738165587613363
1262,52.107010408462735,0.8395394359101098,0.029697247387328506
1263,34.228038779145095,0.29611078720544504,0.0041050045994460715
1264,27.569067988151843,1.4077503443823793,0.026793293343670456
1265,52.107010408462735,0.8277935721029286,0.005632512817641704
1266,75.02584316813994,1.5337794079855867,0.027245147818151703
1267,52.107010408462735,0.8208962451437356,0.006129879894589442
1268,84.93113552203272,1.6208725723034165,0.04238324690562385
1269,34.228038779145095,0.22670982145416885,0.006784014248885306
1270,75.02584316813994,1.5315768513553887,0.0662523063356607
1271,75.02584316813994,1.482499544750644,0.06844773645619928
1272,84.93113552203272,1.8095942925258615,0.04085416371823562
1273,52.107010408462735,0.8420912356568316,0.018612852039157086
1274,34.228038779145095,0.24487820435816146,0.005511342429900756
1275,44.15061630320437,1.5882382384853122,0.06388778846572885
1276,34.228038779145095,0.2740448391204239,0.003188949347770531
1277,52.107010408462735,0.8772956398391621,0.006202947920387891
1278,34.228038779145095,0.2878854875608493,0.006344273030953196
1279,52.107010408462735,0.8868346692180499,0.015318259187516899
1280,84.93113552203272,2.562869555918959,0.11973516382487652
1281,52.107010408462735,0.7962068873067275,0.0055305613025348754
1282,52.107010408462735,0.9061998554959921,0.0043695993254491625
1283,34.228038779145095,0.24290338012946663,0.007368265156131704
1284,75.02584316813994,1.5054849357590023,0.04436908390817565
1285,75.02584316813994,1.4481948398574738,0.026152743915915412
1286,52.107010408462735,0.919727225255713,0.0031193136324285248
1287,52.107010408462735,0.8009897149136631,0.0034334100675982304
1288,49.803543262751994,0.8914235594570045,0.0035212521437163954
1289,52.107010408462735,0.7223644526830801,0.022317300061730244
1290,52.107010408462735,0.8555791724899925,0.015259392391534586
1291,34.228038779145095,0.2538449738289921,0.0071956986988398475
1292,52.107010408462735,0.7882061974698841,0.004617508937558135
1293,34.228038779145095,0.2788890660745728,0.004535979662719125
1294,52.107010408462735,0.8622514899302467,0.004168316266004342
1295,52.107010408462735,0.8321471877638156,0.004069911684159495
1296,34.228038779145095,0.23252289379914753,0.006778849757753003
1297,52.107010408462735,0.8720852629644273,0.004712999195712893
1298,84.93113552203272,1.7791230935337567,0.040463381341825456
1299,84.93113552203272,1.7404451548894735,0.04124103499142229
1300,52.107010408462735,0.8313811662718567,0.003981060369419816
1301,75.02584316813994,1.5257851565846565,0.0737734252533232
1302,75.02584316813994,1.4895828804425095,0.025572992732469456
1303,34.228038779145095,0.22670982145416885,0.0035010744619493606
1304,84.93113552203272,1.89394984075024,0.07431636938484953
1305,52.107010408462735,0.8861256430727756,0.005120194182548804
1306,75.02584316813994,1.4369626770020414,0.02079333798599146
1307,75.02584316813994,1.064122836939576,0.026439299152246944
1308,75.02584316813994,1.5723914635981804,0.02533081921965118
1309,52.107010408462735,0.7698772349664729,0.00417262624731999
1310,52.107010408462735,0.7929303217199156,0.002951331768917667
1311,75.02584316813994,1.4588923401758596,0.02421964826792562
1312,34.228038779145095,0.2590969388047644,0.0028622530469181173
1313,75.02584316813994,1.4570141493187536,0.04343396722525254
1314,52.107010408462735,1.0293789394820034,0.06543889964409458
1315,34.228038779145095,0.24082728286340283,0.0013240014216182594
1316,52.107010408462735,0.8485240732652156,0.002507482951449938
1317,84.93113552203272,1.6133657046675065,0.04035844043348398
1318,52.107010408462735,0.8377382990815684,0.0033395977687513054
1319,75.02584316813994,1.5066113438693556,0.023892168750389277
1320,52.107010408462735,0.875327838435392,0.014207924534072713
1321,34.228038779145095,0.2625982487886126,0.0021166715513693535
1322,52.107010408462735,0.8362960853179222,0.0038112818551341715
1323,52.107010408462735,0.853733295127361,0.00397305369136737
1324,52.107010408462735,0.7668895020865534,0.00450375126059889
1325,52.107010408462735,0.9105574560184014,0.004314069479188443
1326,52.107010408462735,0.737876865828334,0.020406902969197685
1327,84.93113552203272,1.8052388433946973,0.0398847483319388
1328,75.02584316813994,1.547218206846117,0.023289460461273014
1329,52.107010408462735,0.9531531594770688,0.0027805406064071655
1330,52.107010408462735,0.8474626855649791,0.0025821783662967057
1331,33.05020149571072,1.4815001690763192,0.02209261582154477
1332,34.228038779145095,0.26835040090493456,0.000616386067824215
1333,84.93113552203272,1.7954050205861996,0.04527163487433163
1334,34.228038779145095,0.23480660079181773,0.0026205091439452932
1335,52.107010408462735,0.9181200485946677,0.003032136314641172
1336,34.228038779145095,0.26421069417591103,0.0034951567994511157
1337,75.02584316813994,1.454920419621558,0.020455187363797013
1338,52.107010408462735,0.7998699719967878,0.0024264438675038677
1339,52.107010408462735,0.828347565399136,0.0034744574059223585
1340,52.107010408462735,0.841663072321528,0.002712274918547114
1341,84.93113552203272,1.5710635107296793,0.04363630109770791
1342,52.107010408462735,0.8994895486412965,0.002768008309693537
1343,52.107010408462735,0.8842539705441899,0.002934804318211283
1344,47.40791195650587,0.8055443622953661,0.0021618695216281472
1345,52.107010408462735,0.8933974252415393,0.018430391877956205
1346,52.107010408462735,0.9800315519072551,0.00971840265152344
1347,34.228038779145095,0.24290338012946663,0.002151608284761908
1348,84.93113552203272,1.6759693998248384,0.046530319188101556
1349,34.228038779145095,0.2590969388047644,0.0025617704890714132
1350,75.02584316813994,1.464916114865146,0.02024602552338679
1351,10.299801593022735,0.8963479087511661,0.011192418431044904
1352,84.93113552203272,1.8346533694716354,0.0876037080791496
1353,52.107010408462735,0.7230702936693876,0.03271653422122651
1354,52.107010408462735,0.8693517454715642,0.0031533214513797467
1355,75.02584316813994,1.0041626621367081,0.02035448876275769
1356,52.107010408462735,0.8302668125549275,0.0033524452617060344
1357,52.107010408462735,0.8292993243659361,0.002978863807263886
1358,52.107010408462735,0.869504483899633,0.012437935648095866
1359,52.107010408462735,0.844724450900536,0.002673761298722939
1360,75.02584316813994,1.4026173351260973,0.02273256736776289
1361,84.93113552203272,2.1554767348961246,0.1319636584409018
1362,34.228038779145095,0.27135152374823296,0.0041563749672968164
1363,34.228038779145095,0.2450916988693717,0.002965536509813571
1364,52.107010408462735,0.8608576152887581,0.0030893204148540465
1365,75.02584316813994,1.5264468792039958,0.021093167789103372
1366,34.228038779145095,0.24082728286340283,0.001467340297481745
1367,84.93113552203272,1.6827003554482305,0.04383715023896264
1368,84.93113552203272,2.4526059356616927,0.09637374997476456
1369,34.228038779145095,0.23252289379914753,0.000711475200042444
1370,52.107010408462735,0.7988124199883587,0.003847025550035847
1371,75.02584316813994,1.8320973292725289,0.029156060499148494
1372,52.107010408462735,0.7866104311570177,0.002296813660180648
1373,34.228038779145095,0.27273361979448885,0.0027004663318005995
1374,52.107010408462735,0.8608842271353192,0.0023579416278126653
1375,52.107010408462735,0.8604604657852571,0.002691377785053954
1376,75.02584316813994,1.4157198711700998,0.020094205564957324
1377,34.228038779145095,0.24082728286340283,0.003830961373146813
1378,34.228038779145095,0.2776038630051047,0.006108077712790705
1379,52.107010408462735,0.6816274710727468,0.04265478799541347
1380,34.228038779145095,0.24716484293875554,0.0051135804118352945
1381,84.93113552203272,0.9799397424897545,0.067193384396507
1382,77.43508997859034,1.7051510658282034,0.035182979133254855
1383,75.02584316813994,1.8889070622728035,0.06782071115823733
1384,52.107010408462735,0.8590607112826093,0.003042795201686141
1385,34.228038779145095,0.2740448391204239,0.006906532459142245
1386,34.228038779145095,0.26989264458829626,0.008104969848505783
1387,52.107010408462735,0.8549466365171619,0.002758929919290422
1388,52.107010408462735,0.8557333612926873,0.002409593591513791
1389,52.107010408462735,0.8237627239105376,0.002942172065346131
1390,52.107010408462735,0.7725525937941938,0.002275516730625142
1391,32.63161882135591,1.489170663295146,0.02080601521180886
1392,75.02584316813994,1.4075480793863324,0.02004192881567062
1393,49.803543262751994,0.8928282526709077,0.0028287331697301257
1394,52.107010408462735,0.8781085061957437,0.0030071741523374496
1395,75.02584316813994,1.071367314959736,0.03858709850671615
1396,34.228038779145095,0.2390477709210624,0.006099076132209558
1397,52.107010408462735,0.9566349095816725,0.017776892943937597
1398,75.02584316813994,1.5003430868648129,0.019697757026990413
1399,34.228038779145095,0.24984347670459423,0.00537334236589615
1400,52.107010408462735,0.8236919256007599,0.003275279538094207
1401,52.107010408462735,0.779445869768976,0.0031945982231881623
1402,34.228038779145095,0.2625982487886126,0.00599565918461592
1403,34.228038779145095,0.28010479870785343,0.0030853531373824516
1404,84.93113552203272,1.6145257837903992,0.032290515675807985
1405,52.107010408462735,0.8644107229248127,0.0029891482720210347
1406,52.107010408462735,0.8811755288353271,0.0035028434191850533
1407,34.228038779145095,0.26989264458829626,0.001487293106828047
1408,34.228038779145095,0.28685732510527484,0.0016474289723687474
1409,75.02584316813994,1.4502267177896475,0.020436008802707073
1410,49.803543262751994,0.8459205450305332,0.0032704434735340987
1411,52.107010408462735,0.8208015793635708,0.004017560886269166
1412,84.93113552203272,1.7547302713391302,0.040831766176382046
1413,52.107010408462735,0.8854700544885947,0.00403445550848372
1414,52.107010408462735,0.8280999710374038,0.005126020947070875
1415,75.02584316813994,1.447746801798053,0.020024376758347673
1416,52.107010408462735,0.7901632931711204,0.004190391039566629
1417,75.02584316813994,1.436861612454318,0.01852699954978935
1418,52.107010408462735,0.8283723116557679,0.003615381639857862
1419,52.107010408462735,0.8697032558875666,0.0042019614336442634
1420,34.228038779145095,0.23252289379914753,0.0040948793344674494
1421,34.228038779145095,0.26421069417591103,0.003128804622679948
1422,10.299801593022735,0.7973450482790518,0.0030968403721941817
1423,75.02584316813994,1.6243370321848287,0.09155200239276015
1424,75.02584316813994,1.5185485424042648,0.01777440697039393
1425,34.228038779145095,0.21861304211651997,0.006819102588010328
1426,75.02584316813994,1.4678474824312269,0.017696438729174712
1427,34.228038779145095,0.28125654541306666,0.009080274490066653
1428,34.228038779145095,0.2211803136138233,0.012144815509133627
1429,34.228038779145095,0.24487820435816146,0.012533113351860109
1430,77.32673172689762,2.565305330711273,0.10170493715755301
1431,75.02584316813994,1.8416415833688675,0.06348718583211219
1432,52.107010408462735,0.8280997034100672,0.0025504797400111925
1433,62.494417006171815,1.496534757328471,0.016654525963309595
1434,34.228038779145095,0.27135152374823296,0.013577665897227448
1435,34.228038779145095,0.2211803136138233,0.009500642174617074
1436,84.93113552203272,1.8567665169474132,0.04411450892656064
1437,34.228038779145095,0.2788890660745728,0.011602196070342657
1438,34.228038779145095,0.2450916988693717,0.011930314677675469
1439,52.107010408462735,0.899189997518764,0.01129618358734185
1440,73.58150607548893,1.4610908552959458,0.01582447997669555
1441,34.228038779145095,0.2657404500561686,0.01250685158198811
1442,47.40791195650587,0.8606905890333542,0.006162127520842935
1443,52.107010408462735,0.7799514223556716,0.003041983623237203
1444,52.107010408462735,0.9079714952280596,0.003924887891698002
1445,52.107010408462735,0.8049095427454646,0.003325436034603904
1446,52.107010408462735,0.8658664578678323,0.00376813495730563
1447,34.228038779145095,0.21328101669904387,0.0159832265456204
1448,52.107010408462735,0.856085349079154,0.004371036656655558
1449,34.228038779145095,0.2556877685573333,0.015496841609618228
1450,52.107010408462735,0.876029313636892,0.007595764395216063
1451,34.228038779145095,0.2574360609919133,0.014210074647600351
1452,52.107010408462735,0.7645045597510788,0.006026110302303975
1453,52.107010408462735,0.7402531185312318,0.031193504976419838
1454,52.107010408462735,0.9023750882811508,0.00745512913224778
1455,75.02584316813994,1.6224768957702764,0.01794653492939654
1456,77.32673172689762,1.6483097013359143,0.04464925577368355
1457,52.107010408462735,0.8097364716887601,0.008438338134345968
1458,34.228038779145095,0.23864191732017773,0.012067743081482868
1459,52.107010408462735,0.7923673000031546,0.009112793888093038
1460,75.02584316813994,1.6090581525453023,0.01638812732370536
1461,52.107010408462735,0.8067336803293034,0.008720967649835487
1462,34.228038779145095,0.29688190904712586,0.006965068010145514
1463,52.107010408462735,0.9029093250198273,0.00868244345900749
1464,34.228038779145095,0.2211803136138233,0.009942819989272156
1465,75.02584316813994,1.8645814179036782,0.026140723592973637
1466,56.241137942709265,1.4582139030027583,0.01534560653242667
1467,34.228038779145095,0.24290338012946663,0.008440867860695311
1468,75.02584316813994,1.4559279431722176,0.014920343945787585
1469,75.02584316813994,1.476194253045964,0.01415397165193456
1470,34.228038779145095,0.2788890660745728,0.00534996939583432
1471,52.107010408462735,0.9505266101574033,0.011911190807383266
1472,52.107010408462735,0.8030403648628901,0.06815568134093697
1473,84.93113552203272,1.7956213556866305,0.04157931660674894
1474,52.107010408462735,0.9255185583059162,0.007347141626932369
1475,34.228038779145095,0.27273361979448885,0.006981236446617356
1476,34.228038779145095,0.22362533408744545,0.0035385482216177544
1477,34.228038779145095,0.2608962231020197,0.0025560239004981944
1478,34.228038779145095,0.29688190904712586,0.006783261993966616
1479,52.107010408462735,0.7443006388068232,0.028540191604403714
1480,52.107010408462735,0.8444654697394645,0.0078968888432831
1481,34.228038779145095,0.2625982487886126,0.00572878753629974
1482,75.02584316813994,1.550998342573226,0.012778658101345574
1483,75.02584316813994,1.5346517908143198,0.013517088987117388
1484,52.107010408462735,0.9204908419652269,0.005786370503282519
1485,52.107010408462735,0.8442983674486879,0.006825474283932181
1486,52.107010408462735,0.8861698411835889,0.007064627188283323
1487,52.107010408462735,0.9010245090551698,0.007755228387738698
1488,52.107010408462735,0.8021626479750364,0.008034554244739804
1489,52.107010408462735,0.8763579558674106,0.008617795351675103
1490,52.107010408462735,0.8061606038976665,0.007449629569600019
1491,74.28609502861364,1.441981398896592,0.013904748835610325
1492,34.228038779145095,0.26989264458829626,0.006834375374538348
1493,67.5780457173139,1.4854004263041967,0.01397895503050033
1494,34.228038779145095,0.2571918142547293,0.006559321395596396
1495,34.228038779145095,0.2556877685573333,0.0063013424068241175
1496,34.228038779145095,0.27273361979448885,0.00436457619321351
1497,53.386550849147135,0.8087257877670903,0.007761570681236146
1498,34.228038779145095,0.25277750127294085,0.0036755963139868952
1499,34.228038779145095,0.2538449738289921,0.003162261678288092
1500,53.386550849147135,0.8450253039560621,0.007716963299752841
1501,53.386550849147135,0.9133564847364654,0.006746392541796133
1502,53.386550849147135,0.8767524698506906,0.006023201853367084
1503,84.48694064029635,1.7435394016146741,0.03527511954383713
1504,84.48694064029635,1.5784220533685827,0.035533374222973604
1505,74.28609502861364,1.1939442589756357,0.03288495671744913
1506,49.73327629252873,1.7136811702173014,0.035575189380905134
1507,69.73952933341627,1.593993272405979,0.09041115649787021
1508,53.386550849147135,0.7723414705620139,0.004682132808603405
1509,74.28609502861364,1.4254665442162602,0.015200334790265136
1510,52.107010408462735,0.7582147787589404,0.004915428127154925
1511,53.386550849147135,0.9260084493342975,0.012077186486897408
1512,53.386550849147135,0.8690128652430101,0.003408276199164985
1513,53.386550849147135,0.8770222708358087,0.0037577772257282524
1514,74.28609502861364,1.5424815218413799,0.014376218966126519
1515,53.386550849147135,0.8786702473261013,0.003458484457131185
1516,34.228038779145095,0.28010479870785343,0.0006820541947020753
1517,84.48694064029635,1.7036114733349885,0.0347278355557102
1518,53.386550849147135,0.863428703743993,0.003550734957326253
1519,84.48694064029635,1.1610468409208108,0.04493712049294395
1520,53.386550849147135,0.7738519350170545,0.004198497221445524
1521,74.28609502861364,1.4700109543559976,0.01235702997038155
1522,53.386550849147135,0.7737530867701552,0.0056954912801552085
1523,44.15061630320437,1.4500754312376947,0.012195518754152234
1524,74.28609502861364,1.4430868232233205,0.01134533900875706
1525,34.228038779145095,0.2878854875608493,0.002328201425824905
1526,53.386550849147135,0.7032417772943648,0.048436040366905936
1527,58.7310862495383,1.7117686050914318,0.0279324029855198
1528,53.386550849147135,0.8392284701710319,0.00478684866189856
1529,73.92873723364684,1.9000114610237155,0.048633110398252674
1530,53.386550849147135,0.9251874538360132,0.007163840463683076
1531,34.228038779145095,0.24487820435816146,0.0036868795450369363
1532,84.48694064029635,1.6024437951747936,0.028736021964433877
1533,84.48694064029635,1.6840863626317977,0.028199484142457498
1534,74.28609502861364,1.7498138701128516,0.08332131795448013
1535,85.00469075485182,1.6893046564293053,0.029481662678261668
1536,74.28609502861364,1.4422289437241163,0.010663476280874185
1537,84.48694064029635,1.6810795695678373,0.024622642878714008
1538,53.386550849147135,0.8772849085249776,0.004112236242841308
1539,74.28609502861364,1.399689689592034,0.010468335036175669
1540,56.241137942709265,1.4027627378158363,0.011463168113947287
1541,53.386550849147135,0.8346628263143933,0.003931407593098603
1542,74.28609502861364,1.3761274151910374,0.010341648493246891
1543,53.386550849147135,0.8953840847234222,0.005795387184915873
1544,34.228038779145095,0.2538449738289921,0.004013012905244695
1545,53.386550849147135,0.7863492069373642,0.014190224981137471
1546,34.228038779145095,0.2538449738289921,0.004306532929431672
1547,53.386550849147135,0.8365966865049239,0.006061224777992515
1548,74.28609502861364,1.578009819460103,0.009697213088132239
1549,84.48694064029635,1.8068654348285391,0.026594689670986372
1550,74.28609502861364,1.4922813986977403,0.009457109909487626
1551,34.228038779145095,0.2878854875608493,0.00701576298790596
1552,53.386550849147135,0.8877872252478932,0.006227656293866721
1553,27.705837079518545,1.5200766935140662,0.010045800350164568
1554,34.228038779145095,0.24716484293875554,0.007947944098697868
1555,84.48694064029635,1.648128837067889,0.024398174351484635
1556,73.92873723364684,1.676030566071137,0.026434426945243977
1557,53.386550849147135,0.8865783140430396,0.009698913402732823
1558,26.56912809949952,1.4637053571941137,0.011516228019119456
1559,34.228038779145095,0.28010479870785343,0.005492911521500832
1560,84.48694064029635,2.641610441166009,0.10196856284517249
1561,84.48694064029635,1.8180126678290165,0.05278884418437354
1562,53.386550849147135,0.8952347231701043,0.03339181916124941
1563,74.28609502861364,1.4829046335632594,0.01081125395378607
1564,34.228038779145095,0.23697890744338207,0.002840560562380967
1565,84.48694064029635,1.7471035582268062,0.019886243664125523
1566,53.386550849147135,0.8388047088209697,0.005872798960559013
1567,84.48694064029635,1.7446883119424836,0.01635363043954341
1568,73.92873723364684,1.53962533519413,0.009360386437587454
1569,84.48694064029635,1.7867833627660374,0.021549844078603365
1570,34.228038779145095,0.23480660079181773,0.005160851034507197
1571,74.28609502861364,0.9706758420485163,0.03851500360740579
1572,34.228038779145095,0.2878854875608493,0.0019412237825176537
1573,86.4210817870416,2.7513885763854984,0.0917316777433378
1574,67.19082799162216,1.5067743460344936,0.0076229122280164876
1575,53.386550849147135,0.8660491421461376,0.014836351998189196
1576,74.28609502861364,1.5058813336939596,0.007725975286945142
1577,74.28609502861364,1.4352806330359027,0.008208526165558849
1578,73.92873723364684,1.4042895294688684,0.009114287432361534
1579,34.228038779145095,0.24913167192765806,0.0029189408190462007
1580,47.40791195650587,0.8274172285262703,0.005317590773578414
1581,74.28609502861364,1.5581896467186431,0.008196328833014655
1582,53.386550849147135,0.8977263068171365,0.008309878996247251
1583,53.386550849147135,0.8237933083418368,0.006134241425498725
1584,53.386550849147135,0.9212222578590322,0.00567138088691535
1585,74.28609502861364,1.5461067858563338,0.006979067478976098
1586,34.228038779145095,0.22362533408744545,0.0063495199359431265
1587,47.40791195650587,0.8450671758505168,0.005257468656171896
1588,84.48694064029635,1.6547369522649062,0.018899291391558458
1589,34.228038779145095,0.27135152374823296,0.004664422175071625
1590,11.571932550388198,0.8246498478783464,0.005536510110391517
1591,53.386550849147135,0.8819218188512952,0.011585528727899828
1592,53.386550849147135,0.8571644095712918,0.008066499360271498
1593,53.386550849147135,0.842128240757961,0.005833206599105668
1594,34.228038779145095,0.24290338012946663,0.0028697535804722007
1595,34.228038779145095,0.22907961052860265,0.00012782511475367686
1596,53.386550849147135,0.8731515214371073,0.00466897125521145
1597,74.28609502861364,1.4717097077983954,0.006939903931134683
1598,84.48694064029635,1.6637135646082453,0.01446056522557455
1599,53.386550849147135,0.8311639256601283,0.005822216290284933
1600,34.228038779145095,0.22907961052860265,0.002825645940456978
1601,53.386550849147135,0.7975921937972823,0.004398354328783036
1602,84.48694064029635,1.7912102087384043,0.013109321882192715
1603,53.386550849147135,0.8165895824481685,0.004498638407377464
1604,53.386550849147135,0.7710088128975414,0.005638140420161995
1605,53.386550849147135,0.8014020149807058,0.004276622409042349
1606,84.48694064029635,2.498972060770385,0.10351699512170161
1607,74.28609502861364,1.533991125365498,0.007049888539438798
1608,34.228038779145095,0.2657404500561686,0.0037811265560349083
1609,53.386550849147135,0.8614208856091856,0.0035933470447325894
1610,53.386550849147135,0.8049095427454646,0.003451192955735094
1611,74.28609502861364,0.9055141596120817,0.022637853990302045
1612,74.28609502861364,1.4276712575891755,0.008256392210165508
1613,34.228038779145095,0.24716484293875554,0.0027834983983137662
1614,74.28609502861364,1.612124380738605,0.08620250158981714
1615,64.7370455407715,1.4332027587163978,0.009093667061674925
1616,53.386550849147135,0.8650261096418957,0.003236037310697229
1617,34.228038779145095,0.24082728286340283,0.0040367699079666974
1618,34.228038779145095,0.2590969388047644,0.004332114152618527
1619,85.00469075485182,1.8476462059668481,0.013924059191101446
1620,74.28609502861364,1.5061908996368203,0.009578360576495693
1621,34.228038779145095,0.27273361979448885,0.005961592071777599
1622,47.40791195650587,0.8059676588373442,0.002812468986709067
1623,53.386550849147135,0.9014085132147426,0.011592357429584983
1624,84.48694064029635,1.6717171598388396,0.013089395467498034
1625,34.228038779145095,0.2888580736674738,0.0022864573500581686
1626,67.07895105178899,1.102708861112887,0.023766755380906772
1627,53.386550849147135,0.8160217799610041,0.0029196863279887728
1628,53.386550849147135,0.8248526029004788,0.003069055505099949
1629,34.228038779145095,0.2740448391204239,0.00046015955521566676
1630,53.386550849147135,0.6930048688220181,0.021164267527031145
1631,53.386550849147135,0.8513963094426064,0.003864201267301935
1632,53.386550849147135,0.7016738338479456,0.0306939094931828
1633,74.28609502861364,1.4351772307802828,0.008434358314500323
1634,34.228038779145095,0.27273361979448885,0.0010523865275490762
1635,34.228038779145095,0.2608962231020197,0.0007695960695527915
1636,53.386550849147135,0.8152586564506988,0.0031962032806145055
1637,68.85434109000258,1.6592038841711545,0.016505745920970805
1638,34.228038779145095,0.2556877685573333,0.00042630242032554166
1639,53.386550849147135,0.9170822943424739,0.00927740402585052
1640,87.29656035249133,1.582484717674006,0.029265335858714308
1641,53.386550849147135,0.8769329207385108,0.002279880491346045
1642,34.228038779145095,0.24290338012946663,0.0019710753053842067
1643,74.28609502861364,1.4641679905376428,0.0071256369615228295
1644,53.386550849147135,0.8904419032836902,0.0017410234752887749
1645,34.228038779145095,0.24716484293875554,0.0008098184592219004
1646,74.28609502861364,0.9951685564067139,0.025077493968514032
1647,53.386550849147135,0.8400363635574454,0.00253110981273217
1648,74.28609502861364,1.506509281046197,0.00757221773716098
1649,73.92873723364684,1.4517847598631528,0.008469289070718321
1650,73.88378855782834,1.3184502574164347,0.03669082424433103
1651,53.386550849147135,0.9330564037069292,0.004856315862617366
1652,74.28609502861364,1.404199313224712,0.00808808337836613
1653,53.386550849147135,0.7853018214312586,0.0033605104406477307
1654,53.386550849147135,0.8719779004500519,0.0031631651048358925
1655,65.44108495998206,1.5939361541247412,0.008666162321560589
1656,53.386550849147135,0.9021091076292395,0.004108645859485886
1657,34.228038779145095,0.2671937181424133,0.001767574818041573
1658,34.228038779145095,0.24716484293875554,0.0006266680206135078
1659,34.228038779145095,0.24082728286340283,0.0010339041046070196
1660,34.228038779145095,0.2211803136138233,0.0025286981435100886
1661,34.228038779145095,0.24716484293875554,0.003136587234322308
1662,67.32855090385505,1.588630772908803,0.07993862248876309
1663,53.386550849147135,0.823065985203641,0.004037569631396211
1664,74.28609502861364,1.629987658073331,0.06154491558884908
1665,34.228038779145095,0.2740448391204239,0.004963827947325916
1666,34.228038779145095,0.24290338012946663,0.005937074409985754
1667,53.386550849147135,0.8052026816200797,0.0038761533287195657
1668,34.228038779145095,0.24716484293875554,0.004893591433522193
1669,53.386550849147135,0.872646481420409,0.004796016302564612
1670,74.28609502861364,1.3520613362315754,0.005652895025560223
1671,56.241137942709265,1.4137467087907623,0.02414828474054238
1672,53.386550849147135,0.9041210087978141,0.006603226841801001
1673,74.28609502861364,1.4722899386146187,0.00613767941934582
1674,53.386550849147135,0.858326716690287,0.006660855687919041
1675,75.02584316813994,1.527722146661593,0.007189729194935201
1676,84.48694064029635,1.6868120042361816,0.03757445595006983
1677,34.228038779145095,0.27135152374823296,0.002924698888039423
1678,34.228038779145095,0.28010479870785343,0.005279559786131982
1679,74.28609502861364,1.4586311436718322,0.007586017360866315
1680,34.228038779145095,0.26421069417591103,0.004221639452429704
1681,33.05020149571072,1.4331437801621307,0.007902473110028696
1682,53.386550849147135,0.7682646688756645,0.03591668302134741
1683,85.5158823176707,1.7551657828435574,0.021832776809489383
1684,74.28609502861364,0.9129100608916676,0.027642989822447388
1685,34.228038779145095,0.2776038630051047,0.006090920690438151
1686,34.228038779145095,0.27135152374823296,0.0071480398789585675
1687,85.5158823176707,1.7012601170009751,0.021488162581185043
1688,34.228038779145095,0.27273361979448885,0.008237656753252554
1689,74.28609502861364,1.0334508062204657,0.02066901612440931
1690,53.386550849147135,0.7585001475940105,0.006313862659728178
1691,74.28609502861364,1.4030474224363876,0.019948216830536786
1692,74.28609502861364,1.1119519874891097,0.03712569889351205
1693,85.5158823176707,1.7142074259153004,0.01930672555729631
1694,67.32855090385505,1.4813345730868848,0.008744524065705172
1695,34.228038779145095,0.24290338012946663,0.006235287973614889
1696,34.228038779145095,0.22907961052860265,0.008796268038013644
1697,34.228038779145095,0.27135152374823296,0.0068739587740095365
1698,74.28609502861364,1.5094070126442587,0.008872030791333186
1699,74.28609502861364,1.4562188957277544,0.08030900735654231
1700,34.228038779145095,0.2788890660745728,0.004390126203771827
1701,34.228038779145095,0.24487820435816146,0.005555763062199015
1702,53.386550849147135,0.8901248268002789,0.00750386825846721
1703,34.228038779145095,0.24675898933787085,0.004139192081365539
1704,53.386550849147135,0.8546882794100575,0.006460000386419001
1705,53.386550849147135,0.7983437688127737,0.006802709353936898
1706,42.025133766020325,1.692197586749373,0.018874877527092937
1707,74.28609502861364,1.7468407386808054,0.029871140216935786
1708,74.28609502861364,1.5572438232366186,0.009557983943377946
1709,34.228038779145095,0.23864191732017773,0.005811893957748393
1710,53.386550849147135,0.8187624960487654,0.0051843807008653126
1711,53.386550849147135,0.8935441125480548,0.006228555576467301
1712,34.228038779145095,0.28010479870785343,0.003171037507725405
1713,74.28609502861364,1.515506435905193,0.010113325046473831
1714,53.386550849147135,0.7787025217959673,0.059782283047738985
1715,53.386550849147135,0.8192433495353171,0.007387502015196154
1716,53.386550849147135,0.8606341608336602,0.007725859822195237
1717,83.95510165036987,1.6517132280887172,0.01774912825913131
1718,74.28609502861364,1.5248889768789398,0.009720091352068305
1719,85.5158823176707,1.5023443536811625,0.05450237896810535
1720,53.386550849147135,0.8239184592171168,0.007456226774851034
1721,53.386550849147135,0.7840984204915192,0.005338119916669125
1722,53.386550849147135,0.8327494516193064,0.004761796424058995
1723,34.228038779145095,0.27273361979448885,0.001531384594041174
1724,74.28609502861364,1.3865390496625962,0.009844798155145208
1725,74.28609502861364,1.4443320040235639,0.01010220263194488
1726,34.228038779145095,0.28685732510527484,0.0013566735593532608
1727,34.228038779145095,0.24082728286340283,0.0006470783267789604
1728,34.228038779145095,0.2538449738289921,8.076289314096208e-05
1729,53.386550849147135,0.7155630989742917,0.010642939877067591
1730,34.228038779145095,0.2556877685573333,0.000244641524299094
1731,34.228038779145095,0.2211803136138233,0.003988250994346132
1732,74.28609502861364,1.6275176913123772,0.011016770765611772
1733,74.28609502861364,1.4710435371365338,0.012234112712661149
1734,74.28609502861364,1.5027840266874999,0.011710601828689715
1735,34.228038779145095,0.2878854875608493,0.006890694766571781
1736,22.85425355011386,1.0564068938190847,0.03171516993270119
1737,18.999088782769817,0.8125592121761873,0.003938174949052027
1738,34.228038779145095,0.2538449738289921,0.006098842788389125
1739,73.92873723364684,1.3814574215591378,0.012393684637789216
1740,27.72617765731475,1.5147121522412517,0.01281504337111955
1741,53.386550849147135,0.7795656224837989,0.003990528908494662
1742,53.386550849147135,0.8289492715101883,0.004465739259156949
1743,34.228038779145095,0.24913167192765806,0.006672955480047982
1744,53.386550849147135,0.9008897477974974,0.00813730741452387
1745,53.386550849147135,0.8771876842102138,0.005372475880719416
1746,85.5158823176707,1.6132016979779902,0.019330594237011844
1747,53.386550849147135,0.7899726627915515,0.00649091865917565
1748,51.075674220117456,0.8103857613648855,0.006386206366105741
1749,74.28609502861364,1.4890401360013148,0.011704474062962045
1750,53.386550849147135,0.7861218077257168,0.005941554014689009
1751,53.386550849147135,0.8310040794486926,0.005497997557920423
1752,53.386550849147135,0.8617449144074428,0.006192398374217957
1753,73.23727178301611,1.4224278763269123,0.010903775038564645
1754,53.386550849147135,0.8736055707485888,0.006180292666764925
1755,85.5158823176707,1.6805904845084516,0.03244442988476295
1756,34.228038779145095,0.23480660079181773,0.004056451395966165
1757,34.228038779145095,0.28576868250525483,0.006797805891636255
1758,53.386550849147135,0.8543067277252567,0.00935306683620072
1759,53.386550849147135,0.8687832037197151,0.007398242409756242
1760,34.228038779145095,0.23252289379914753,0.003940446067128567
1761,74.28609502861364,1.6031772545376965,0.022633204977487494
1762,34.228038779145095,0.2574360609919133,0.0036267085831960255
1763,53.386550849147135,0.8528282272623273,0.007819888508259605
1764,53.386550849147135,0.86606739904892,0.007924538724374701
1765,68.85434109000258,1.1840406608220047,0.03799857903680186
1766,67.33143696835899,1.589374496333555,0.012733829229756988
1767,34.228038779145095,0.27273361979448885,0.005076157340673237
1768,53.386550849147135,0.8688389305990757,0.006963498778074395
1769,53.386550849147135,0.9412147341723898,0.015452516737586176
1770,74.28609502861364,1.513200634467349,0.012847512544539263
1771,53.386550849147135,0.9224584899677687,0.007607757403365688
1772,53.386550849147135,0.7586513910979136,0.008427609700311436
1773,53.386550849147135,0.8308119378736616,0.00814896402276613
1774,65.59687254908131,1.4806419014173728,0.012133288977517498
1775,53.386550849147135,0.7746171244398408,0.007239850803979785
1776,53.386550849147135,0.8870435040396456,0.005841113887400523
1777,34.228038779145095,0.2450916988693717,0.0036164691298910534
1778,85.5158823176707,1.6360769431741673,0.01757485768594198
1779,74.28609502861364,1.4868640170793364,0.012134245832866718
1780,53.386550849147135,0.9217468658058134,0.008154991514705737
1781,53.386550849147135,0.8412427225741937,0.00490184670568105
1782,53.386550849147135,0.8153470057204374,0.004283345493479411
1783,85.5158823176707,1.6534616371472963,0.01587690386555749
1784,53.386550849147135,0.8662158924839168,0.0033937125709045807
1785,74.28609502861364,1.5378773297740038,0.013992680808539992
1786,34.228038779145095,0.23864191732017773,0.005213519761525343
1787,53.386550849147135,0.8591037148498871,0.0037317804970643867
1788,74.28609502861364,1.8510418118779133,0.06929515608252516
1789,34.228038779145095,0.2574360609919133,0.005134236584075524
1790,53.386550849147135,0.8328299302749491,0.004797421989010897
1791,85.5158823176707,1.7625429637698304,0.016546880605948843
1792,34.228038779145095,0.26421069417591103,0.005740345042770434
1793,53.386550849147135,0.8000999640918632,0.006015316668145004
1794,34.228038779145095,0.2657404500561686,0.004467837337642222
1795,53.386550849147135,0.9431513886901156,0.012807891858907315
1796,85.5158823176707,1.5662352436786668,0.050574124446159975
1797,74.28609502861364,1.5011258203738467,0.04495993635317562
1798,34.228038779145095,0.24082728286340283,0.005813897122303402
1799,34.228038779145095,0.3143455507557803,0.011372880393115792
1800,85.5158823176707,1.7277510267785485,0.017917481208285645
1801,53.386550849147135,0.8439192649029504,0.004594177800451189
1802,53.386550849147135,0.7514477821723531,0.006585890750533986
1803,34.228038779145095,0.2788890660745728,0.012830316868726155
1804,74.28609502861364,1.493414122814523,0.014095369242179601
1805,53.386550849147135,0.8027117336065438,0.026498099126756346
1806,17.08822427197352,0.8825146673905248,0.004965479984731458
1807,34.228038779145095,0.2450916988693717,0.010762272976255371
1808,84.48694064029635,1.6093443262959775,0.015603955178275198
1809,34.228038779145095,0.24082728286340283,0.0119737267824504
1810,34.228038779145095,0.2788890660745728,0.01349222399974681
1811,34.228038779145095,0.23697890744338207,0.010667855632194523
1812,51.075674220117456,0.917758774000443,0.008306140494434268
1813,85.5158823176707,1.5822368347574975,0.017271825161431376
1814,34.228038779145095,0.24082728286340283,0.011758164057770082
1815,76.63870692699952,1.4437710831712485,0.014430537925178288
1816,53.386550849147135,0.9552311432685534,0.00844522656188431
1817,53.386550849147135,0.8662269600445569,0.007113980533558384
1818,74.28609502861364,1.4400613324772742,0.013538460387350371
1819,53.386550849147135,0.9614781947072002,0.04746741049642666
1820,53.386550849147135,0.676666742141904,0.048794840531951184
1821,34.228038779145095,0.23011899170159997,0.00853024095279481
1822,44.15061630320437,1.5673404176474033,0.014321536183502338
1823,53.386550849147135,0.9742150390154029,0.011438340375499907
1824,74.28609502861364,1.0030312008129147,0.031241100347795217
1825,73.92873723364684,0.9411876956642565,0.021603940240870957
1826,53.386550849147135,0.8090431316045195,0.01161879076092389
1827,53.386550849147135,0.8417855158079802,0.011075673885757066
1828,34.228038779145095,0.22907961052860265,0.005521172041017319
1829,34.228038779145095,0.25277750127294085,0.00518279909485142
1830,34.228038779145095,0.23697890744338207,0.003298404060346205
1831,74.28609502861364,1.7908544145950462,0.0353277601788477
1832,34.228038779145095,0.24913167192765806,0.0028177249777191493
1833,53.386550849147135,0.8778308490773211,0.011464706904890487
1834,34.228038779145095,0.23697890744338207,0.0011698373549271501
1835,74.28609502861364,1.4063404482465007,0.015388677452250166
1836,34.228038779145095,0.2608962231020197,0.00014422091408344828
1837,53.386550849147135,0.7134045669628756,0.045790918229304416
1838,74.28609502861364,1.478067772543604,0.015062220257581882
1839,22.85425355011386,1.486513413579708,0.01487153972605355
1840,74.28609502861364,1.4914852878435123,0.015104983704581987
1841,74.28609502861364,1.4746927135736798,0.014934207613423577
1842,74.28609502861364,1.50735184988367,0.015383595337613697
1843,34.224303178699294,1.6510785166139972,0.01884443671003382
1844,34.228038779145095,0.21861304211651997,0.003449484215874099
1845,34.228038779145095,0.24913167192765806,0.003372358206371856
1846,85.5158823176707,1.695813409362483,0.01985286644194113
1847,34.228038779145095,0.2390477709210624,0.0020961456936271217
1848,34.228038779145095,0.23252289379914753,0.0002950667199653756
1849,34.228038779145095,0.2608962231020197,0.0015114285739570021
1850,53.386550849147135,0.7835975192384297,0.009944324669072323
1851,34.228038779145095,0.2510001594671155,0.0012551664114592298
1852,74.28609502861364,1.4854396971334443,0.0157654477579665
1853,74.28609502861364,1.4597359774339833,0.04793952855348466
1854,74.28609502861364,1.7958437591526688,0.053044750176803136
1855,34.228038779145095,0.2657404500561686,0.0004494985936940865
1856,53.386550849147135,0.6664952204805923,0.04065065895576918
1857,53.386550849147135,0.870018033553466,0.013781329790830733
1858,85.5158823176707,1.7982073810466646,0.02031945127786041
1859,53.386550849147135,0.8376017614069491,0.014569971235952398
1860,74.28609502861364,1.4855634284693346,0.014783232974756689
1861,53.386550849147135,0.8369888972971691,0.00995280461195102
1862,34.228038779145095,0.24913167192765806,0.0005312280425377736
1863,34.228038779145095,0.2450916988693717,5.514284960317362e-07
1864,85.5158823176707,1.7170077125186176,0.016609988808050445
1865,34.228038779145095,0.2671937181424133,0.0017331444031626064
1866,53.386550849147135,0.9259921527263726,0.011602710978916748
1867,34.228038779145095,0.24716484293875554,0.0012895905599967505
1868,53.386550849147135,0.7950034750846231,0.009321543032750235
1869,74.28609502861364,1.4881102288735881,0.014377391646517334
1870,74.28609502861364,1.6225412566570225,0.016976925395870902
1871,53.386550849147135,0.8699650759547543,0.009232412349933265
1872,53.386550849147135,0.7453344419099874,0.008968859797018898
1873,53.386550849147135,0.9016097356509692,0.010429374075235025
1874,34.228038779145095,0.22421850473489227,0.0014042417192388357
1875,85.5158823176707,1.7397694423260504,0.016133256253891837
1876,51.075674220117456,0.7619329609939407,0.008642808389418465
1877,53.386550849147135,0.8878726776055063,0.01309812826281697
1878,34.228038779145095,0.24913167192765806,0.001337374051274265
1879,34.228038779145095,0.2510001594671155,0.0014506663012607002
1880,34.228038779145095,0.26421069417591103,0.0028736827971280465
1881,74.28609502861364,1.4393154784364945,0.017649127520733433
1882,85.5158823176707,1.7128590489295716,0.01462854519100767
1883,53.386550849147135,0.829589998738613,0.00981564362925337
1884,85.5158823176707,1.6912939104962217,0.0135016840202262
1885,11.571932550388198,0.9049737851501395,0.008793083278891715
1886,85.5158823176707,1.7372683714519699,0.009867166596819955
1887,74.28609502861364,1.7526267108639524,0.019791943354116565
1888,34.228038779145095,0.21861304211651997,0.00040536756253045647
1889,53.386550849147135,0.8356697338473569,0.008062956995979663
1890,53.386550849147135,0.7954408658147686,0.00862393178839499
1891,74.28609502861364,1.1202448803444582,0.02722620795783891
1892,74.28609502861364,1.0361031613101646,0.09318075917838807
1893,34.228038779145095,0.2574360609919133,0.0005257890013162236
1894,53.386550849147135,0.8700092740655677,0.006851432170819356
1895,74.28609502861364,1.5270146139111431,0.01781111929826116
1896,34.228038779145095,0.25277750127294085,0.0008979739368809858
1897,74.28609502861364,1.524416991781112,0.018222779898744122
1898,34.228038779145095,0.2574360609919133,7.354129287345801e-06
1899,53.386550849147135,0.8268078440017299,0.007242257156425083
1900,53.386550849147135,0.8821943509745857,0.010312662543372056
1901,53.386550849147135,0.8328303235199996,0.007476859363326788
1902,34.228038779145095,0.2657404500561686,0.001624642603972437
1903,74.28609502861364,1.535354167398879,0.01800378965906606
1904,74.28609502861364,1.5248889768789398,0.018437051770725143
1905,74.28609502861364,1.4891631540218038,0.018419863984290387
1906,74.28609502861364,1.5068917247753169,0.04908169323603321
1907,53.386550849147135,0.7921621862815806,0.007451754373312122
1908,34.228038779145095,0.2888580736674738,0.0023183810774891622
1909,34.228038779145095,0.28685732510527484,0.005667027534584701
1910,85.5158823176707,1.7765739725901737,0.021119700555983903
1911,53.386550849147135,0.9694839003291866,0.06669521135257478
1912,56.60011938734689,1.539459045415287,0.019261317885666242
1913,74.28609502861364,1.4026750977892044,0.026887979651589344
1914,53.386550849147135,0.8230615288991031,0.006488439712937055
1915,53.386550849147135,0.8266512070343114,0.005899844338059915
1916,74.28609502861364,1.5114385201748175,0.019616604034683637
1917,34.228038779145095,0.27135152374823296,0.003637123105444451
1918,53.386550849147135,0.8153470057204374,0.005834470545178841
1919,73.88378855782834,1.5473394888353056,0.020502433578082215
1920,34.228038779145095,0.24716484293875554,0.004228877200165959
1921,34.228038779145095,0.27135152374823296,0.002342787804467561
1922,74.28609502861364,1.5570736465000778,0.07696955175235629
1923,74.80389229948489,1.5401782197356324,0.01920024537249133
1924,53.386550849147135,0.8189686833241266,0.026038032260525874
1925,34.228038779145095,0.27273361979448885,0.0005070977437134361
1926,34.228038779145095,0.2625982487886126,0.00013148621037767372
1927,85.5158823176707,1.8780942007242836,0.020811256783100023
1928,74.28609502861364,1.504687986127665,0.018990840401818244
1929,53.386550849147135,0.8420863688635064,0.0053819739658322735
1930,53.386550849147135,0.8007495491374241,0.006275313113414213
1931,53.386550849147135,0.8472801560252744,0.006086991873637045
1932,53.386550849147135,0.8922725131158523,0.005930081679655655
1933,53.386550849147135,0.8472400894511136,0.006606270425702866
1934,34.228038779145095,0.28125654541306666,0.002322217631787471
1935,53.386550849147135,0.8661840249819989,0.0071749372010598556
1936,74.28609502861364,1.5502369923908632,0.04017584728605833
1937,53.386550849147135,0.8981637892009394,0.005588645317520381
1938,53.386550849147135,0.861408441724494,0.006330122753189414
1939,74.28609502861364,1.6131409389134985,0.016863100909961626
1940,53.386550849147135,0.8163389734966915,0.006273304465756885
1941,53.386550849147135,0.8529080250043496,0.005465688799597294
1942,74.28609502861364,1.4582860157299833,0.06268337143141625
1943,47.40791195650587,0.711707257187973,0.04446709313415003
1944,34.228038779145095,0.2888580736674738,0.005290703915176831
1945,85.5158823176707,1.7640271153675715,0.013522455553116864
1946,67.17740792009613,1.4851499618702506,0.017458706953692237
1947,74.28609502861364,1.852841291081164,0.07146312724217843
1948,34.228038779145095,0.23697890744338207,0.0027744249478180993
1949,51.075674220117456,0.7745398771346835,0.006473301680491296
1950,51.075674220117456,0.8898352351563869,0.008894408182905593
1951,34.228038779145095,0.25277750127294085,0.0031817741407033084
1952,51.075674220117456,0.8460921785035472,0.005909980139041621
1953,51.075674220117456,0.8331838067509107,0.004977263318946629
1954,74.28609502861364,1.430732646461875,0.01806918559062738
1955,85.5158823176707,1.5891495958455297,0.011729922138991666
1956,51.075674220117456,0.7996109908357163,0.005312494545353888
1957,67.19082799162216,1.531881151270841,0.01761921652893983
1958,34.228038779145095,0.22362533408744545,0.00041823426551323983
1959,47.40791195650587,0.8546636320002268,0.004693761367377071
1960,87.29656035249133,1.7554873362240384,0.012039360996133276
1961,51.075674220117456,0.8682921925923692,0.0054404662006238
1962,34.228038779145095,0.23697890744338207,0.002322884495514488
1963,51.075674220117456,0.8526346560009962,0.005135316636137928
1964,34.228038779145095,0.23864191732017773,0.003870768714836048
1965,51.075674220117456,0.7700464158590157,0.006465801370723272
1966,51.075674220117456,0.7463232524661931,0.0066521503297177695
1967,34.228038779145095,0.23133655250425392,0.005994400993817817
1968,34.228038779145095,0.27273361979448885,0.003765963315877918
1969,51.075674220117456,0.8108885383103728,0.006411108301754627
1970,51.075674220117456,0.8765783701255858,0.005693474992711993
1971,17.08822427197352,0.8863432851967682,0.004115277808980383
1972,73.88378855782834,1.4327431942790392,0.01617551908934667
1973,51.075674220117456,0.779499635099775,0.014045320959913381
1974,51.075674220117456,0.7841381987912512,0.003019219838075203
1975,34.228038779145095,0.24290338012946663,0.0024119369279338443
1976,34.228038779145095,0.2608962231020197,0.001590082687034866
1977,51.075674220117456,0.8977263068171365,0.009298929717034034
1978,74.28609502861364,1.3628433048427016,0.01678101700244259
1979,74.28609502861364,1.5796116676635126,0.018222832381732668
1980,51.075674220117456,0.8815247360602947,0.003992746416929344
1981,53.386550849147135,0.8298909951823933,0.004582438093318236
1982,53.386550849147135,0.796579104544851,0.0044478521533891716
1983,53.386550849147135,0.9254330698337128,0.012134663057566553
1984,74.28609502861364,1.536472188577484,0.02416612249197685
1985,53.386550849147135,0.8169523167033301,0.005907916578916303
1986,74.28609502861364,1.4568004748718668,0.06525368200666604
1987,85.00469075485182,1.7750702186888874,0.010980166138210734
1988,34.228038779145095,0.2450916988693717,0.0005902908118756711
1989,53.386550849147135,0.8184561713639398,0.006172738613325325
1990,34.228038779145095,0.26421069417591103,0.0004808251123225582
1991,74.28609502861364,1.3787042194110408,0.017785924559282806
1992,34.228038779145095,0.2538449738289921,0.0005053103040037477
1993,53.386550849147135,0.8269767727095177,0.0059536785826766955
1994,34.228038779145095,0.2776038630051047,0.002808631518701532
1995,53.386550849147135,0.9082638249955493,0.005541552416738607
1996,73.92873723364684,1.4816759387456815,0.016890698097310176
1997,74.28609502861364,1.4447369860270283,0.017160929131515745
1998,53.386550849147135,0.8949753615894712,0.010130005830500617
1999,53.386550849147135,0.8061564951065472,0.0061648220873555745
2000,77.50864521140944,1.5796700389216685,0.012128161896073552
2001,74.28609502861364,1.4697202254955046,0.016791329757705965
2002,34.228038779145095,0.22670982145416885,0.005544183428696947
2003,34.228038779145095,0.22362533408744545,0.008314628884365183
2004,74.28609502861364,1.4824957566617436,0.017695338822804073
2005,53.386550849147135,0.7984212079936952,0.0060563850900797606
2006,53.386550849147135,0.8999189435320922,0.010060597766297398
2007,85.5158823176707,1.5268171102063202,0.036997339175221876
2008,53.386550849147135,0.8009514205462726,0.030352465815637622
2009,85.5158823176707,1.6502219882574454,0.011053174734064131
2010,53.386550849147135,0.8759206869746216,0.011340900939712496
2011,53.386550849147135,0.81355435425787,0.006047412510050289
2012,53.386550849147135,0.8266512070343114,0.006504125618247543
2013,53.386550849147135,0.8044563017048376,0.006756564574755805
2014,52.107010408462735,0.7696814904244815,0.007554567936974385
2015,53.386550849147135,0.7203083690228975,0.04142450053840044
2016,65.02631501439497,1.4313396872932374,0.01702028691659837
2017,34.228038779145095,0.26835040090493456,0.009462271767576191
2018,74.28609502861364,1.444489524465905,0.01668884201429278
2019,74.28609502861364,1.91426726866528,0.0709777071420714
2020,53.386550849147135,0.8313929579106063,0.007131891842736236
2021,52.107010408462735,0.8605561560029237,0.006739944190309932
2022,34.228038779145095,0.24716484293875554,0.009601721792546591
2023,53.386550849147135,0.8359886820229498,0.006589257948924315
2024,34.228038779145095,0.24716484293875554,0.008516044590818561
2025,53.386550849147135,0.8003351404332206,0.006190677815681812
2026,51.075674220117456,0.8841513684092468,0.0072483055795381016
2027,51.075674220117456,0.8591241058001176,0.006840616790082882
2028,34.228038779145095,0.2538449738289921,0.00820694819828699
2029,53.386550849147135,0.8196557923198086,0.007264367853618503
2030,34.228038779145095,0.2657404500561686,0.00911830906772626
2031,51.075674220117456,0.9024066904628318,0.008124047379203705
2032,75.02584316813994,1.9364833803287134,0.09458630557883078
2033,34.228038779145095,0.22670982145416885,0.0060354709900216075
2034,52.107010408462735,0.7813907831749909,0.035098745333125306
2035,52.107010408462735,0.8223445443387442,0.008731445564751888
2036,34.228038779145095,0.23864191732017773,0.004454126306688289
2037,34.228038779145095,0.2657404500561686,0.002722070617420358
2038,34.228038779145095,0.2450916988693717,0.0032280956157588747
2039,56.60011938734689,1.1111717425848238,0.030579378020489767
2040,75.02584316813994,1.581930777778823,0.015758934740266017
2041,52.107010408462735,0.7912571114137372,0.00838425455104401
2042,34.228038779145095,0.23864191732017773,0.004328496269182941
2043,52.107010408462735,0.866376383268109,0.007259030150531233
2044,34.228038779145095,0.23697890744338207,0.0027389850665034132
2045,75.02584316813994,1.479177146289467,0.015024928379728408
2046,34.228038779145095,0.28010479870785343,0.005621014110538974
2047,18.999088782769817,0.8188137682989322,0.006609894310020681
2048,52.107010408462735,0.8030200708612768,0.005564704225952316
2049,68.02908408999667,1.5926631794902992,0.01374080396188947
2050,84.93113552203272,1.8793146789578583,0.03395055494935813
2051,52.107010408462735,0.8411988182842309,0.014266173294825341
2052,34.228038779145095,0.2574360609919133,0.0047319603314470715
2053,75.02584316813994,1.57595008416886,0.0150829210506488
2054,52.107010408462735,0.8380846062918836,0.0049140234023247326
2055,52.107010408462735,0.7600713333756913,0.0064207866662312554
2056,75.80956056940752,1.530526968485445,0.01642275180235625
2057,75.02584316813994,1.5303381379961243,0.016125220753298884
2058,34.228038779145095,0.24290338012946663,0.003605644613240422
2059,34.228038779145095,0.24082728286340283,0.004466374024908765
2060,34.228038779145095,0.28010479870785343,0.001313278910965221
2061,52.107010408462735,0.8633994008778131,0.005853438791362617
2062,75.02584316813994,1.3626888500122867,0.017697269655257742
2063,34.228038779145095,0.24716484293875554,0.0017694888853257984
2064,34.228038779145095,0.24290338012946663,0.0007558047389397693
2065,52.107010408462735,0.8297162288789471,0.005826977632237287
2066,84.93113552203272,1.67692746036309,0.010053138545289175
2067,75.02584316813994,1.5011628221210924,0.01706833721088129
2068,34.228038779145095,0.27273361979448885,0.0013904839697090332
2069,75.02584316813994,1.8243821862552583,0.10229924385582327
2070,84.93113552203272,1.6906791116655149,0.010613595983058643
2071,34.228038779145095,0.24716484293875554,0.0018766534205275631
2072,75.02584316813994,1.4830213728018724,0.017283019754394037
2073,77.32673172689762,2.652108653857108,0.0999982488049896
2074,52.107010408462735,0.8405543258795883,0.0051354779633856346
2075,75.02584316813994,1.4831766540083693,0.017296096528356297
2076,75.02584316813994,1.15795415381178,0.0426208414507657
2077,75.02584316813994,1.641448388020644,0.06969136291940158
2078,75.02584316813994,1.5756298114523823,0.06626227704923626
2079,75.02584316813994,1.4049527187046407,0.01870832248917994
2080,84.93113552203272,2.1561414870136995,0.04502796004702855
2081,75.02584316813994,1.5071178478837322,0.019597964464062378
2082,52.107010408462735,0.8034167829149804,0.005206433590921419
2083,84.93113552203272,1.69453193338979,0.010857361238582941
2084,75.02584316813994,1.4115384034574667,0.02067812010118849
2085,75.02584316813994,1.4318397979123347,0.019690406928156944
2086,52.107010408462735,0.8049007842898591,0.004943612847819155
2087,52.107010408462735,0.8243003486727243,0.0050055932959524735
2088,52.107010408462735,0.7269425527882979,0.055646322038470475
2089,75.02584316813994,1.483329964442531,0.019375248904485144
2090,52.107010408462735,0.9415758290058285,0.0038962294072511366
2091,34.228038779145095,0.2625982487886126,0.0007708653412785149
2092,73.28913436464913,1.4347985708821456,0.06490839481236417
2093,34.228038779145095,0.22907961052860265,0.0031275198959553885
2094,52.107010408462735,0.9820448691718714,0.027518944183357964
2095,34.228038779145095,0.215914115670637,0.006565058480961117
2096,34.228038779145095,0.24290338012946663,0.006959916761583307
2097,52.107010408462735,0.9170822943424739,0.011749087612682493
2098,34.228038779145095,0.24716484293875554,0.006889142933214409
2099,52.107010408462735,0.8464349034535281,0.004061037168850895
2100,75.02584316813994,1.5263564687635465,0.02027084183503588
2101,60.17748102032627,1.503733616356813,0.01966138338804565
2102,75.02584316813994,1.4095815300044845,0.019087851506972165
2103,49.803543262751994,0.896517075910053,0.004408534768982293
2104,10.299801593022735,0.8581625999898976,0.004972984167196902
2105,52.107010408462735,0.828185782895174,0.004730975857332689
2106,75.02584316813994,1.5595293669851078,0.020178127245682465
2107,52.107010408462735,0.9498842429122797,0.014509803148319372
2108,52.107010408462735,0.8587106798922814,0.004494171644180714
2109,47.40050247318693,0.7543843974960076,0.03496329132085447
2110,10.299801593022735,0.7078570389184939,0.031895964373570986
2111,34.228038779145095,0.22907961052860265,0.004455401844409679
2112,34.228038779145095,0.27273361979448885,0.006630435791074085
2113,67.89457633087014,1.5681617368235696,0.019143998015766616
2114,34.228038779145095,0.25189980161574316,0.0065045845251974765
2115,34.228038779145095,0.23133655250425392,0.008023717123115615
2116,75.02584316813994,1.4535168860337466,0.01954894129732928
2117,52.107010408462735,0.8447982037906218,0.0038822200522578357
2118,75.02584316813994,1.5795917305202776,0.017639727782207636
2119,52.107010408462735,0.9009923790476454,0.012929582711829452
2120,34.228038779145095,0.24290338012946663,0.0070108088351990006
2121,34.228038779145095,0.21861304211651997,0.009650379212098714
2122,52.107010408462735,0.8542029153089141,0.003218649583769974
2123,34.228038779145095,0.2776038630051047,0.012208810040537588
2124,52.107010408462735,0.8748725571855663,0.06774973089725034
2125,34.228038779145095,0.24716484293875554,0.011467495779497627
2126,52.107010408462735,0.7297247333822399,0.003561935654130377
2127,34.228038779145095,0.28010479870785343,0.007693933459574032
2128,52.107010408462735,0.9308098186862616,0.018349499514819595
2129,52.107010408462735,0.8904419032836902,0.0030977795428692306
2130,34.228038779145095,0.22670982145416885,0.004981248476179423
2131,52.107010408462735,0.9694113270214305,0.019181689718297937
2132,52.107010408462735,0.8523541807250106,0.004269577706579819
2133,66.55619050716554,1.5008017817191588,0.0160665249546455
2134,52.107010408462735,0.8644934721274047,0.004419851261181051
2135,52.107010408462735,0.8436994482475055,0.0035272314801024288
2136,66.55619050716554,1.5535396108179782,0.015536761158277634
2137,66.55619050716554,1.5601305222774147,0.01433389766721952
2138,78.4575052209067,1.7501490406927944,0.010694459476639629
2139,52.107010408462735,0.8221991657702756,0.003924651053763585
2140,52.107010408462735,0.7575263950736314,0.004080045000874569
2141,52.107010408462735,0.8239884815566701,0.0046240574203319715
2142,66.55619050716554,1.003441006861736,0.015279709081454387
2143,52.107010408462735,0.9130040995532156,0.0042853002978126
2144,66.55619050716554,1.1359908274953079,0.02271981654990616
2145,66.55619050716554,1.0890481395153244,0.0413588583243025
2146,34.228038779145095,0.28010479870785343,0.007879329716492689
2147,66.55619050716554,1.5542758506402443,0.07185188394128274
2148,34.228038779145095,0.2740448391204239,0.005089119587304403
2149,34.228038779145095,0.24716484293875554,0.005265930089201787
2150,34.228038779145095,0.2538449738289921,0.004757046451885766
2151,66.55619050716554,1.4962472925971766,0.013208168707134737
2152,34.228038779145095,0.2556877685573333,0.0041147717054672295
2153,34.228038779145095,0.27273361979448885,0.005985926930412749
2154,34.228038779145095,0.2538449738289921,0.005592159131470209
2155,66.55619050716554,1.5882817200433477,0.0647927172765503
2156,66.55619050716554,1.4377873532553307,0.011712234288560186
2157,66.55619050716554,1.4563283472376731,0.012025789361523287
2158,52.107010408462735,0.8674230710306613,0.013369235179603145
2159,34.228038779145095,0.2608962231020197,0.006092459164674269
2160,52.107010408462735,0.8227683056888062,0.004846317812421189
2161,52.107010408462735,0.895281304733529,0.004308127602530298
2162,52.107010408462735,0.8129124035699411,0.004722637417214778
2163,66.55619050716554,1.2863361781402602,0.028356449012572272
2164,34.228038779145095,0.2590969388047644,0.005212871648048734
2165,66.55619050716554,1.4404923630362576,0.010849508770452865
2166,66.55619050716554,1.5286467185557227,0.01143805596264339
2167,34.228038779145095,0.2608962231020197,0.004241314453360234
2168,34.228038779145095,0.2574360609919133,0.003712929189151226
2169,52.107010408462735,0.9442521630689337,0.011321488223684187
2170,34.228038779145095,0.23864191732017773,0.0019377686408506567
2171,34.228038779145095,0.24290338012946663,0.0007662704283090682
2172,34.228038779145095,0.24290338012946663,0.0017439917767655966
2173,34.228038779145095,0.23697890744338207,9.71961168697022e-05
2174,66.55619050716554,1.572591866754458,0.01109389418653568
2175,52.107010408462735,0.8622514899302467,0.005710923484413238
2176,66.55619050716554,1.446810408006782,0.010995033286481326
2177,34.228038779145095,0.24290338012946663,0.000792472708428138
2178,52.107010408462735,0.7511163767927516,0.04871052994314276
2179,34.228038779145095,0.2390477709210624,0.0019787355720366495
2180,34.228038779145095,0.24913167192765806,0.002037982048624737
2181,66.55619050716554,1.5276937987027916,0.011002851149996351
2182,52.107010408462735,0.851826077759484,0.006123866720234267
2183,30.900176629226646,1.5266678654914283,0.01145872705984149
2184,52.107010408462735,0.8092154466423646,0.005654011717804344
2185,52.107010408462735,0.8335567872612816,0.005107151995061968
2186,53.386550849147135,0.8602961504043504,0.003941446045633026
2187,52.107010408462735,0.8076533637281508,0.0027108449669966395
2188,34.228038779145095,0.28125654541306666,0.0011211834709868307
2189,67.19082799162216,1.4345496965911906,0.012859442863796455
2190,34.228038779145095,0.2625982487886126,3.1645818683145865e-05
2191,85.5158823176707,1.586854404690723,0.010419992082086594
2192,34.228038779145095,0.28125654541306666,0.00281476773083561
2193,74.28609502861364,1.4459717229677262,0.013534394096631198
2194,85.5158823176707,1.817195664320392,0.012160784835965143
2195,34.228038779145095,0.26421069417591103,0.0036719548016869163
2196,85.5158823176707,1.5582320878320868,0.014948984331299143
2197,34.228038779145095,0.28125654541306666,0.006148008289168672
2198,53.386550849147135,0.846535732907412,0.0019761752829848683
2199,53.386550849147135,0.8630175114222056,0.00119335814432317
2200,53.386550849147135,0.6786526580238582,0.0397140014397261
2201,74.28609502861364,1.9719020312371573,0.030452250437904782
2202,34.228038779145095,0.26421069417591103,0.006671871304186672
2203,53.386550849147135,0.7220084191991804,0.023589991124429076
2204,53.386550849147135,0.8688069134488327,0.011451075638468512
2205,34.228038779145095,0.28010479870785343,0.003943797007057548
2206,53.386550849147135,0.765252908189531,0.001968077067347654
2207,51.075674220117456,0.8776132069533286,0.0026228295565444565
2208,53.386550849147135,0.8207178355746616,0.001912814310656992
2209,34.228038779145095,0.2878854875608493,0.0007104612543417654
2210,34.228038779145095,0.23697890744338207,0.0015412407053949084
2211,53.386550849147135,0.8626752512803088,0.002435105213452686
2212,74.28609502861364,1.1917144370034665,0.039496068776363344
2213,53.386550849147135,0.7131806991416523,0.039140165136395025
2214,53.386550849147135,1.0867461788733224,0.026708067651815513
2215,53.386550849147135,1.0493359424740947,0.03939172141485866
2216,53.386550849147135,0.8465154750455256,0.00259233316327203
2217,52.107010408462735,0.793946632943664,0.002143074453710009
2218,34.228038779145095,0.2776038630051047,0.0034230804272646354
2219,74.28609502861364,1.5687734478175392,0.01394040432050413
2220,53.386550849147135,0.8756572382264407,0.0031694365464042737
2221,85.5158823176707,2.421981936492426,0.11531085323809413
2222,53.386550849147135,0.79564705309013,0.004066585512612221
2223,34.228038779145095,0.2608962231020197,0.0034459721866388904
2224,53.386550849147135,0.818512717144597,0.0029861646718847973
2225,65.59687254908131,1.0104428962924807,0.01436968347870585
2226,53.386550849147135,0.8429424022655789,0.003105024664002136
2227,31.221516283236355,1.5240584397166708,0.012877204382776297
2228,74.28609502861364,1.0731195121515906,0.0422640911787487
2229,85.5158823176707,1.7043340112444891,0.015879805126580448
2230,53.386550849147135,0.9935058188710133,0.02938027175571746
2231,53.386550849147135,0.8926549540147437,0.015546751332929917
2232,53.386550849147135,0.8709251950226151,0.00384902413798921
2233,85.5158823176707,2.1144695747828304,0.05945950353645237
2234,74.28609502861364,1.5107586914699678,0.01143862497822017
2235,85.5158823176707,1.675267655155563,0.01590076170629897
2236,34.228038779145095,0.2888580736674738,0.0002845873279927469
2237,78.36452103815242,1.5082073592117757,0.02491200544281887
2238,53.386550849147135,0.8503569693046596,0.003103068360240935
2239,74.28609502861364,1.4257906662089543,0.010366160245695399
2240,34.228038779145095,0.29688190904712586,0.0033630425827539945
2241,85.5158823176707,1.7882103733483357,0.016759838595115362
2242,53.386550849147135,0.837479317920497,0.0031806857049467563
2243,85.5158823176707,1.811249280281887,0.017077987371169345
2244,74.28609502861364,1.4488831377201765,0.06086641043772957
2245,53.386550849147135,0.8249015899756927,0.003138810694551436
2246,34.228038779145095,0.28010479870785343,0.00496819846849883
2247,34.228038779145095,0.24487820435816146,0.006549397759447795
2248,74.28609502861364,1.505779958622274,0.00968558368600093
2249,74.28609502861364,1.411458815573215,0.007689390757478154
2250,53.386550849147135,0.7069279855095552,0.03269889033539181
2251,34.228038779145095,0.23252289379914753,0.0032358475657475183
2252,53.386550849147135,0.848418166677652,0.0027019718174771945
2253,85.5158823176707,1.5950636327373424,0.016613828866966163
2254,74.28609502861364,1.4419864469021066,0.007597264346890264
2255,34.228038779145095,0.2740448391204239,0.0017422634513753477
2256,85.5158823176707,1.6969382385356493,0.01604756417184876
2257,34.228038779145095,0.23697890744338207,0.0007943303585314365
2258,34.228038779145095,0.27135152374823296,0.0018692245242472594
2259,53.386550849147135,0.8189474541336558,0.0024957349393940897
2260,74.28609502861364,1.3942680687343,0.007771833420217844
2261,34.228038779145095,0.28010479870785343,0.0001604301732837654
2262,52.107010408462735,0.9007492173998152,0.013043551542998494
2263,53.386550849147135,0.8843669073834903,0.010390559213678263
2264,74.28609502861364,1.4295250171585707,0.00886936692333592
2265,34.228038779145095,0.28125654541306666,0.002102294071583022
2266,53.386550849147135,0.7721500205116347,0.0019468122078958663
2267,53.386550849147135,0.8643059492846233,0.007878201562984008
2268,74.28609502861364,1.438465749776619,0.007827600198515283
2269,34.228038779145095,0.2590969388047644,0.0016340109192221064
2270,34.228038779145095,0.26421069417591103,0.001380689127310042
2271,53.386550849147135,0.8350777557237982,0.007694738385110325
2272,74.28609502861364,1.3989583005718043,0.007949968236694704
2273,53.386550849147135,0.8740837886753898,0.0012602124334804635
2274,34.228038779145095,0.2888580736674738,0.003935347776456155
2275,34.228038779145095,0.24082728286340283,0.0014314614802805603
2276,34.228038779145095,0.2363384239097513,0.0012709220816425892
2277,34.228038779145095,0.2211803136138233,0.005218878316966269
2278,53.386550849147135,0.8113232752994314,0.001671033026077802
2279,67.17740792009613,1.4832667178269843,0.008166210478528002
2280,51.075674220117456,0.8652755217503126,0.0023608507411745708
2281,34.228038779145095,0.23864191732017773,0.0028899902441137937
2282,34.228038779145095,0.25189980161574316,0.0033712020557131184
2283,53.386550849147135,0.8445507080671678,0.0024542239284521955
2284,53.386550849147135,0.985382775416431,0.008480713493906292
2285,34.228038779145095,0.2574360609919133,0.0031546171573194615
2286,53.386550849147135,0.8526136266941658,0.002496507438751197
2287,34.228038779145095,0.27273361979448885,0.001504325969884257
2288,34.228038779145095,0.23133655250425392,0.00415877063021608
2289,74.28609502861364,1.4726375508130913,0.008176229326534412
2290,74.28609502861364,1.431554642072304,0.007895183111419568
2291,85.5158823176707,1.733119762124776,0.015431495975205389
2292,34.228038779145095,0.23864191732017773,0.005817234342922306
2293,53.386550849147135,0.8818767238467614,0.0024020625781456806
2294,74.28609502861364,1.4699530758000687,0.008658910531020825
2295,53.386550849147135,0.7999118438912424,0.002051848188207632
2296,34.228038779145095,0.23011899170159997,0.008162144246215697
2297,34.228038779145095,0.2776038630051047,0.009983998038980535
2298,74.28609502861364,1.1411925621628878,0.019459440280180616
2299,53.386550849147135,0.8927852491036301,0.001388494537640561
2300,34.228038779145095,0.2776038630051047,0.011623666452468873
2301,34.228038779145095,0.2657404500561686,0.011913026729714782
2302,34.228038779145095,0.2888580736674738,0.008149537446091482
2303,34.228038779145095,0.24913167192765806,0.006749083882761742
2304,34.228038779145095,0.2606767981877203,0.006180071075476079
2305,34.228038779145095,0.2538449738289921,0.005390993058612736
2306,53.386550849147135,0.8748329999335916,0.010546643748075561
2307,53.386550849147135,0.689571745045279,0.04626286682260554
2308,53.386550849147135,0.8339275279591584,0.0028285195935831356
2309,53.386550849147135,0.7970688121769591,0.003143402670628785
2310,85.5158823176707,1.3926723499074714,0.05057741504573639
2311,74.28609502861364,1.490265778624566,0.008938247976883895
2312,53.386550849147135,1.0192774951435646,0.016538064032284187
2313,74.28609502861364,1.348593595793202,0.035944191182622987
2314,34.228038779145095,0.2606767981877203,0.004878881532055679
2315,34.228038779145095,0.26421069417591103,0.0052052833515705554
2316,53.386550849147135,0.7461571592062809,0.037005569144449794
2317,74.28609502861364,1.585132252026723,0.06506957277286869
2318,34.228038779145095,0.24290338012946663,0.003368313584489524
2319,53.386550849147135,0.8209073063619383,0.0032591971953729523
2320,53.386550849147135,0.8655075504421712,0.0029779018656463374
2321,85.5158823176707,1.7710790295048633,0.017421479960315223
2322,74.28609502861364,1.4607243076183942,0.008930168944261773
2323,53.386550849147135,0.7382743420210549,0.0320294709588993
2324,74.28609502861364,1.533642653507684,0.007061652864490009
2325,74.28609502861364,1.5046859565909965,0.00662199988990142
2326,74.28609502861364,1.5219918688704621,0.07326316466041137
2327,34.228038779145095,0.2608962231020197,0.002885470719158234
2328,53.386550849147135,0.8885422099641999,0.007184356363065435
2329,53.386550849147135,0.8892894948864081,0.008420810827950334
2330,34.228038779145095,0.23480660079181773,0.005059874371380224
2331,34.228038779145095,0.24913167192765806,0.004029430760826402
2332,53.386550849147135,0.8681728099037935,0.002873821602581303
2333,53.386550849147135,0.9768923666386012,0.01333815579307029
2334,34.228038779145095,0.2574360609919133,0.00393247041775352
2335,53.386550849147135,0.8309578697298784,0.0027906129455705087
2336,53.386550849147135,0.8871518634382805,0.0030181585751114445
2337,53.386550849147135,0.7834516794090169,0.0038963718216481757
2338,53.386550849147135,0.8669400420814212,0.0037221943103686525
2339,34.228038779145095,0.2211803136138233,0.00021963137117891884
2340,53.386550849147135,0.7956513880264205,0.003961842977177006
2341,34.228038779145095,0.27135152374823296,0.0014778976374628106
2342,34.228038779145095,0.29688190904712586,0.005558712275129607
2343,74.28609502861364,1.7468489572660881,0.07225858930708973
2344,74.28609502861364,1.6342298973947247,0.007835817699376257
2345,53.386550849147135,0.8414432556660834,0.003411344126781235
2346,53.386550849147135,0.8101377838582919,0.001988443037292703
2347,53.386550849147135,0.7421750492182672,0.0013112433896204645
2348,85.5158823176707,1.7357656944509747,0.01750293321384866
2349,53.386550849147135,0.8420863688635064,0.0017363316128180331
2350,59.67335297547062,1.5165596921130042,0.0755449628322719
2351,34.228038779145095,0.2788890660745728,0.003129392170971801
2352,53.386550849147135,0.8321306239530097,0.0019174146949896206
2353,34.228038779145095,0.21861304211651997,0.0010247613481886297
2354,53.386550849147135,0.9173114703531554,0.0010468788179439845
2355,53.386550849147135,0.8406677577030934,0.0009951048077872782
2356,67.17740792009613,0.8559033201552451,0.041258466675641356
2357,52.107010408462735,0.8519282707464287,0.0016742287227142702
2358,74.28609502861364,1.47046036770864,0.007781340950568949
2359,34.228038779145095,0.2590969388047644,0.0012319367149498106
2360,53.386550849147135,0.708835489147255,0.04714375140959285
2361,84.09830417622474,2.296229343896783,0.04472645176013176
2362,74.28609502861364,1.379166740026571,0.006983754435033973
2363,53.386550849147135,0.8376493919323604,0.0010514518587278823
2364,73.92873723364684,1.5467613494001686,0.006051178609503383
2365,34.228038779145095,0.24716484293875554,0.00022518495843398822
2366,34.228038779145095,0.21861304211651997,0.0039639231256783924
2367,53.386550849147135,0.8478039344471456,0.008016450963407945
2368,34.228038779145095,0.2671937181424133,0.005060734065179928
2369,34.228038779145095,0.25277750127294085,0.004606242223784085
2370,34.228038779145095,0.24082728286340283,0.005749682499615771
2371,34.228038779145095,0.23252289379914753,0.0033151790949801363
2372,53.386550849147135,0.837178000056887,0.0016933521963402795
2373,74.28609502861364,1.6699515247626162,0.06806090463716948
2374,53.386550849147135,0.8772849085249776,0.0021336468523950117
2375,34.228038779145095,0.23480660079181773,0.0049463435503871445
2376,53.386550849147135,0.8028926508782528,0.0029453486467781037
2377,34.228038779145095,0.2363384239097513,0.003136843497275499
2378,34.228038779145095,0.24290338012946663,0.003795213573376921
2379,74.28609502861364,1.5285041236758037,0.006272617558587412
2380,34.228038779145095,0.2556877685573333,0.0031093077990815288
2381,74.28609502861364,1.5615805517992396,0.00644808073240446
2382,53.386550849147135,0.8117644926223747,0.002998644504322155
2383,74.28609502861364,1.44517092112752,0.03254791954628266
2384,85.5158823176707,1.7214785676232434,0.01762666591812556
2385,74.28609502861364,1.3879761532998205,0.0051451588840267124
2386,74.28609502861364,1.6231561897030065,0.05606819614916868
2387,85.5158823176707,1.7837533034294215,0.017254121532142362
2388,51.075674220117456,0.7541230257999988,0.012991388836507283
2389,74.28609502861364,1.5699350083926065,0.0618899544616441
2390,74.28609502861364,1.6234522538390594,0.05296197515768717
2391,51.075674220117456,0.9209431601067744,0.008280203991789609
2392,74.28609502861364,1.6575379209658332,0.05469436068665441
2393,53.386550849147135,0.8630175114222056,0.0018544458414515089
2394,73.6121175226001,1.725251030611939,0.016056441303727055
2395,34.228038779145095,0.26989264458829626,0.0010715049991193992
2396,53.386550849147135,0.7838498598569096,0.002442984839477143
2397,85.5158823176707,1.6941832652919306,0.017385328741716055
2398,34.228038779145095,0.2608962231020197,0.00013712462778114887
2399,74.28609502861364,1.4615034430080476,0.05503703197053063
2400,34.228038779145095,0.2450916988693717,0.0008766347168415178
2401,85.5158823176707,1.6795735359776258,0.01848100733276046
2402,67.17740792009613,1.5402725151203436,0.025147995767140302
2403,85.5158823176707,1.6940348098419313,0.01875948154124889
2404,53.386550849147135,0.9007873834064435,0.002896320639594857
2405,85.5158823176707,1.6821868550499877,0.01889796212097954
2406,34.228038779145095,0.2211803136138233,0.0039333323225506645
2407,53.386550849147135,0.791202811960978,0.003913084078229004
2408,34.228038779145095,0.25277750127294085,0.0039486900110691225
2409,85.5158823176707,1.651463606948737,0.018536619123405384
2410,53.386550849147135,0.8417441087216094,0.003062830629651847
2411,53.386550849147135,0.9174849143663347,0.0031509849002517576
2412,53.386550849147135,0.8860257180826018,0.003801830678131772
2413,53.386550849147135,0.9111782026831459,0.003688461653973775
2414,74.28609502861364,1.4901398537873216,0.004888992171099382
2415,53.386550849147135,0.8427981618751069,0.0077338478815496894
2416,34.228038779145095,0.2510001594671155,0.003717733270878154
2417,53.386550849147135,0.9333825395184381,0.0033540728259923297
2418,53.386550849147135,0.8302668125549275,0.0038069963708185772
2419,34.228038779145095,0.24716484293875554,0.003893403857542277
2420,34.228038779145095,0.2538449738289921,0.004013973032813978
2421,53.386550849147135,0.891653587061677,0.003397667703715808
2422,81.59683640228613,1.695689231196035,0.017486912319967664
2423,34.228038779145095,0.2888580736674738,2.753487939877175e-06
2424,74.28609502861364,1.518134745460283,0.027246354803086997
2425,53.386550849147135,0.8513103023080508,0.003310711723457503
2426,53.386550849147135,0.784235186989925,0.060515151962162186
2427,53.386550849147135,0.8609174305971482,0.003375586336629141
2428,53.386550849147135,0.8316958869639508,0.002924959645259538
2429,85.5158823176707,1.7818183023765681,0.01822585672287045
2430,18.999088782769817,0.9161853249974766,0.0030178611312006998
2431,53.386550849147135,0.7226317537278574,0.03515510081656641
2432,53.386550849147135,0.8627699170604735,0.003648097516883844
2433,84.98303524608936,1.6848533251093079,0.017940087370235135
2434,53.386550849147135,0.8328592400278195,0.00655655491549325
2435,74.28609502861364,1.527881148661165,0.0051853804154806445
2436,74.28609502861364,0.8458078241172449,0.03269457918818466
2437,74.28609502861364,1.4662737487459976,0.006613779761710048
2438,11.571932550388198,0.9472857639416542,0.015945806116006295
2439,74.28609502861364,1.4101911775746827,0.007697057741100566
2440,53.386550849147135,0.7985553111751184,0.0036317360708923926
2441,53.386550849147135,0.8226267919100445,0.0027814538954527637
2442,74.28609502861364,1.4198071311906455,0.008817665409563958
2443,34.228038779145095,0.23480660079181773,0.0017978031851187959
2444,53.386550849147135,0.8032159487728704,0.0029255545604962158
2445,53.386550849147135,0.8580080058551725,0.003157094299354256
2446,53.386550849147135,0.9020661040619617,0.003677179654144311
2447,34.228038779145095,0.2671937181424133,0.0032411898742054635
2448,67.17740792009613,1.5405261187238868,0.009660223564483173
2449,85.5158823176707,2.1188544708051187,0.06458458651352213
2450,85.5158823176707,1.728163137618151,0.01844588838323862
2451,76.63870692699952,1.0342011548536252,0.032358368182029654
2452,74.28609502861364,1.921191262342222,0.10091619010025195
2453,48.90922386274471,1.7766959423334914,0.016989655493862978
2454,74.28609502861364,1.4697964508782027,0.008591725261448968
2455,34.228038779145095,0.2657404500561686,0.004394911085759012
2456,53.386550849147135,0.9043407486244468,0.004177112502723762
2457,74.28609502861364,1.5220318712724665,0.009253917347091578
2458,52.107010408462735,0.8468167929091356,0.0035958896857096745
2459,53.386550849147135,0.8918967591009024,0.004297621303484253
2460,85.5158823176707,1.634270418494932,0.01666177918499321
2461,53.386550849147135,0.8013783837103793,0.007219813494757692
2462,85.5158823176707,1.6217579154088284,0.013758559815973482
2463,34.228038779145095,0.2211803136138233,0.0009772465319226598
2464,73.6121175226001,1.656062649187869,0.016790581984063312
2465,74.28609502861364,1.6039073893782152,0.046692533667900445
2466,51.075674220117456,0.8696038013605298,0.005113505599333816
2467,74.28609502861364,1.4608822339586873,0.009494741329474986
2468,77.3273092895354,1.777328560755508,0.018585914833634254
2469,74.28609502861364,1.388815738427199,0.05855965034105977
2470,85.5158823176707,1.6349018755945515,0.019033431066052774
2471,34.228038779145095,0.2574360609919133,0.0015269231712789488
2472,34.228038779145095,0.24082728286340283,0.0003607543338485786
2473,34.228038779145095,0.24290338012946663,0.0011666211275446758
2474,74.28609502861364,1.4517653089921128,0.008184653882148096
2475,53.386550849147135,0.8701384702470898,0.00612066758771302
2476,34.228038779145095,0.27273361979448885,0.0010911227246310218
2477,53.386550849147135,0.8454333380189546,0.005650372209103652
2478,34.228038779145095,0.2671937181424133,0.002569102026381609
2479,74.28609502861364,1.5076099631516118,0.008383983889407443
2480,53.386550849147135,0.86729263700225,0.011199559765088782
2481,53.386550849147135,0.8584632543649063,0.005767431560833584
2482,53.386550849147135,0.8135925866059032,0.005957597876426017
2483,34.228038779145095,0.24716484293875554,0.0029848979725337066
2484,74.28609502861364,1.5509304013501661,0.008355070686655797
2485,17.08822427197352,0.8493319666516292,0.005901358851458663
2486,74.28609502861364,1.3757389821345973,0.008486296809993498
2487,51.075674220117456,0.7993016910903604,0.007161809506623172
2488,84.73927044164576,2.5295815137038336,0.11464692439871278
2489,34.228038779145095,0.2574360609919133,0.0033393136290592595
2490,74.28609502861364,1.5681459337371302,0.009817364401232698
2491,34.228038779145095,0.2450916988693717,0.0024238515076780986
2492,53.386550849147135,0.8625523429857728,0.007314251104213097
2493,74.28609502861364,1.4360399637532346,0.010174952557538752
2494,53.386550849147135,0.822502524577162,0.007747816953865769
2495,53.386550849147135,0.910154350481927,0.007569356487820714
2496,74.28609502861364,1.5657533182791235,0.008729567111469261
2497,71.10083875851291,1.587787396965275,0.008881510524668424
2498,53.386550849147135,0.8633994008778131,0.0071501670898552055
2499,34.228038779145095,0.23864191732017773,0.0009549574435156472
2500,34.228038779145095,0.23697890744338207,0.0023477673445898573
2501,34.228038779145095,0.23697890744338207,0.0008594616991640658
2502,34.228038779145095,0.24716484293875554,0.0005385801678182145
2503,53.386550849147135,0.7762020133403714,0.007186723286784075
2504,53.386550849147135,0.890605499521199,0.007928298639336001
2505,34.228038779145095,0.2888580736674738,0.003395807543624174
2506,53.386550849147135,0.9051174176203717,0.008377057988314549
2507,85.5158823176707,1.730010046727911,0.01816712117896486
2508,53.386550849147135,0.8797708356214237,0.007955427008717125
2509,74.28609502861364,1.460611893966293,0.05051333085816771
2510,34.228038779145095,0.2878854875608493,0.0003874635403739446
2511,74.28609502861364,1.5703353565963605,0.056208627503304534
2512,34.228038779145095,0.2888580736674738,0.0031534853999242163
2513,85.5158823176707,1.7992025891689356,0.01988638815808479
2514,86.4210817870416,1.5812408059881362,0.02015111694315015
2515,53.386550849147135,0.8594126990690761,0.007456038993906719
2516,53.386550849147135,0.8720209040173297,0.006366581396515469
2517,85.5158823176707,1.7542805357180935,0.01926071705642023
2518,74.28609502861364,1.4655046028846912,0.009061885471592845
2519,53.386550849147135,0.7593613622368025,0.008403387481921598
2520,73.92873723364684,1.4998328348916117,0.008783217366684493
2521,74.28609502861364,1.3664855192319796,0.06651968061062279
2522,34.228038779145095,0.24913167192765806,0.003623922987645023
2523,53.386550849147135,0.7840193054597351,0.009816828192349566
2524,86.4210817870416,1.6820463779228607,0.018579981275854494
2525,53.386550849147135,0.8484611702449298,0.009704479391682348
2526,53.386550849147135,0.8365966865049239,0.009714671889146494
2527,74.28609502861364,1.4278001941859961,0.006543538164667318
2528,59.324325865667404,1.6509855970203104,0.017426644437289696
2529,34.228038779145095,0.2510001594671155,0.00302498561387754
2530,53.386550849147135,0.671464681404236,0.04986044381082243
2531,74.28609502861364,1.511770280986455,0.006720742177005068
2532,34.228038779145095,0.23864191732017773,0.004497354903574335
2533,85.5158823176707,1.649570018161516,0.017092475736027478
2534,85.5158823176707,1.827904328882371,0.016605717048945423
2535,34.228038779145095,0.2657404500561686,0.005432340326088914
2536,34.228038779145095,0.24487820435816146,0.0061338439830176394
2537,34.228038779145095,0.2657404500561686,0.0069753308632807265
2538,34.228038779145095,0.24290338012946663,0.007804166577386085
2539,34.228038779145095,0.3048199280056052,0.012469452564566552
2540,53.386550849147135,0.8690319192819368,0.009327649728262201
2541,74.28609502861364,1.4879344592042258,0.00667410456640013
2542,53.386550849147135,0.7132804630005629,0.0504696253978773
2543,53.386550849147135,0.8389968907983673,0.008132272397106337
2544,53.386550849147135,0.8332140623113008,0.007471483669917692
2545,34.228038779145095,0.2590969388047644,0.011596048839731588
2546,74.28609502861364,1.401505901180214,0.0061896830079539835
2547,34.228038779145095,0.2538449738289921,0.010697310810532656
2548,34.228038779145095,0.24675898933787085,0.01114504240487052
2549,34.228038779145095,0.2888580736674738,0.007338092406814323
2550,53.386550849147135,0.7761999126407731,0.00693043230467251
2551,67.17740792009613,1.5092497872110235,0.006343521718566026
2552,85.5158823176707,1.205359122165577,0.02410718244331154
2553,51.075674220117456,0.8604190586988864,0.008150508435097369
2554,81.57055802150815,2.6702796114469596,0.09399260410653026
2555,34.228038779145095,0.28685732510527484,0.004111912264783635
2556,34.228038779145095,0.2888580736674738,0.006804358022352797
2557,74.28609502861364,1.5370415589164979,0.006535804539595469
2558,85.5158823176707,1.7278208347717094,0.017328743915597866
2559,74.28609502861364,1.1921836133362642,0.04044329980898778
2560,74.28609502861364,1.6119256536539794,0.06241459059822555
2561,17.08822427197352,0.8413939914100622,0.007949762084067842
2562,85.5158823176707,1.6621329021451947,0.016670065036772284
2563,53.386550849147135,0.8500873065509487,0.005273153395096278
2564,34.228038779145095,0.25277750127294085,0.005619501964711726
2565,53.386550849147135,0.7766698524596446,0.00887013793610062
2566,34.228038779145095,0.22907961052860265,0.002183342438400959
2567,18.999088782769817,0.766759791295665,0.03795120860885354
2568,53.386550849147135,0.784747025877096,0.00800106779927122
2569,74.28609502861364,1.3562858645727196,0.007814823529716675
2570,51.075674220117456,0.8262201225518777,0.007846303603512073
2571,53.386550849147135,0.8345350786027562,0.007065671995222053
2572,74.28609502861364,1.0731195121515906,0.027915181525295835
2573,53.386550849147135,0.7927229896277079,0.007441629227696103
2574,53.386550849147135,0.8540626874268726,0.006747673018812961
2575,34.228038779145095,0.2538449738289921,0.002581015438201606
2576,53.386550849147135,0.8566453684970469,0.005346428077169868
2577,34.228038779145095,0.2878854875608493,0.0004651302351635356
2578,74.28609502861364,1.4125968158302185,0.009174963366864186
2579,34.228038779145095,0.25189980161574316,0.0012756547001291918
2580,34.228038779145095,0.22670982145416885,0.002100380804510249
2581,11.571932550388198,0.8136673312609124,0.004600270198987011
2582,77.50864521140944,1.7263352704672195,0.017488854687457266
2583,53.386550849147135,0.9885774165660317,0.009588194648896924
2584,74.28609502861364,1.534350050884347,0.008158095772801022
2585,53.386550849147135,0.8503150974102051,0.002468869695173223
2586,34.228038779145095,0.23011899170159997,0.004797895733942625
2587,47.40050247318693,0.8627819133778623,0.06282162324894117
2588,53.386550849147135,0.9019221257144391,0.02504065486985243
2589,85.5158823176707,1.6769402851714315,0.017872480333918618
2590,73.88378855782834,1.4461607095789475,0.008931904157971104
2591,34.228038779145095,0.2390477709210624,0.0063327812484855195
2592,53.386550849147135,0.8119032666159518,0.03460690792758127
2593,34.228038779145095,0.22670982145416885,0.008947973158263456
2594,85.5158823176707,2.232053677506603,0.08155752391620323
2595,82.41747409999138,1.7507170378321808,0.05821669623485241
2596,34.228038779145095,0.2450916988693717,0.007537690865157209
2597,53.386550849147135,0.7966096594963044,0.0023783517320352596
2598,53.386550849147135,0.6671829989259843,0.05583495135235206
2599,85.5158823176707,2.730878090934803,0.12542709378460362
2600,67.32855090385505,1.1194867401796456,0.040482103574699335
2601,34.228038779145095,0.2510001594671155,0.007462329782662702
2602,85.5158823176707,1.7529997084399267,0.017297812747865526
2603,85.5158823176707,1.7082416848968296,0.017458456338698893
2604,34.228038779145095,0.20820289725382857,0.020820289725382857
2605,74.28609502861364,1.6026562454545796,0.04046046296882507
2606,69.09157770441035,1.7019428172253048,0.04629557940730059
2607,74.28609502861364,1.4168147171332355,0.009130618208533758
2608,68.36324929009128,1.6759693998248384,0.01773104114769213
2609,53.386550849147135,0.8968803382828526,0.005034271321228044
2610,83.50405508955089,1.6669505531150373,0.01766421298608085
2611,53.386550849147135,0.8870435040396456,0.002506606210041673
2612,53.386550849147135,0.9245364737592534,0.0042441440892669186
2613,53.386550849147135,0.8619533242834725,0.004154763647568685
2614,53.386550849147135,0.8709831204664408,0.004570820214585332
2615,42.30027523148546,1.7943475107081328,0.01726419282570164
2616,53.386550849147135,0.8111545189622841,0.0034702270104172706
2617,53.386550849147135,0.8898509671661706,0.004647857266757781
2618,53.386550849147135,0.8111975225295617,0.0038902044001652702
2619,87.29656035249133,1.7041560197323875,0.01667027128831422
2620,53.386550849147135,0.8759376355249046,0.005518144487923468
2621,85.5158823176707,1.61801376130826,0.029616904642296993
2622,53.386550849147135,0.8271582473651988,0.003680356556226637
2623,53.386550849147135,0.8780286297332253,0.004752588998824761
2624,34.228038779145095,0.2538449738289921,0.007068403214829155
2625,53.386550849147135,0.7987150703511777,0.004525840821930416
2626,71.10083875851291,1.5719871068120994,0.05145738607028165
2627,34.228038779145095,0.28010479870785343,0.004090114316510296
2628,53.386550849147135,0.9317646394784493,0.0029466517198828146
2629,53.386550849147135,0.855158396421587,0.0032830036660682974
2630,53.386550849147135,0.7883757589682387,0.004034531643824633
2631,53.386550849147135,0.8327494516193064,0.004264360931951247
2632,85.5158823176707,2.2199556530445963,0.08579232493661566
2633,34.228038779145095,0.22907961052860265,0.0012590440754211563
2634,18.999088782769817,0.8061564951065472,0.004528770929971573
2635,53.386550849147135,0.8016195890554063,0.003949807231837035
2636,53.386550849147135,0.8333210724248061,0.0033552640013323268
2637,34.228038779145095,0.24913167192765806,0.0007162869983464715
2638,53.386550849147135,0.7150126776917225,0.03655837574377182
2639,85.5158823176707,2.5069388482267323,0.12735917152913032
2640,85.5158823176707,1.5694822362681078,0.017412891257435503
2641,34.228038779145095,0.23864191732017773,0.0021821151286270934
2642,67.12920186219202,1.4453524158120024,0.00867315469661063
2643,74.28609502861364,1.5764933659238611,0.0073750826227812595
2644,34.228038779145095,0.26989264458829626,0.003769731025323686
2645,34.228038779145095,0.25277750127294085,0.0034870710008150785
2646,34.228038779145095,0.2888580736674738,0.00021529931666197655
2647,53.386550849147135,0.8850395622797899,0.004379884344767958
2648,51.075674220117456,0.8612521292720381,0.0027650826449366686
2649,53.386550849147135,0.8296734211076926,0.003364447575253962
2650,53.386550849147135,0.9333825395184381,0.004734513983989649
2651,53.386550849147135,0.9112987825795551,0.0041157425624156335
2652,53.386550849147135,0.8604654044965128,0.005135584636551997
2653,53.386550849147135,0.8598904396254125,0.005203345939258745
2654,53.386550849147135,0.9449065887471284,0.023274849834730424
2655,53.386550849147135,0.9167147809973512,0.00337790770979967
2656,53.386550849147135,0.8414846627524541,0.0033593017808939904
2657,53.386550849147135,0.8017334361219108,0.00410287742183299
2658,53.386550849147135,0.8610029690194562,0.0031693594691849306
2659,53.386550849147135,0.9119940195198186,0.003209881556792596
2660,53.386550849147135,0.8749336203936823,0.018198549850377544
2661,53.386550849147135,0.858415410353315,0.004459007548958643
2662,84.73927044164576,1.7013297575080748,0.033813721205686556
2663,27.713656895654093,1.402528366986716,0.0060530530464838915
2664,53.386550849147135,0.9002981268828086,0.003063210854862934
2665,34.228038779145095,0.2590969388047644,0.0005713191161204056
2666,74.28609502861364,1.479588976269157,0.005924243735847279
2667,34.228038779145095,0.2625982487886126,0.0012418679340178151
2668,34.228038779145095,0.23697890744338207,0.0007165722643975858
2669,53.386550849147135,0.8722554291272983,0.004760361659261261
2670,53.386550849147135,0.8693327723374629,0.003667351257375613
2671,74.28609502861364,1.4412638210094642,0.004523734281861702
2672,34.228038779145095,0.23697890744338207,0.0011176811406160558
2673,53.386550849147135,0.8485659451596703,0.0031690556008116405
2674,34.228038779145095,0.2625982487886126,0.00191701909656522
2675,51.075674220117456,0.9265516047659037,0.003771777430737769
2676,34.228038779145095,0.28010479870785343,0.0007447419653696663
2677,73.92873723364684,1.4983870083480308,0.0047939937231137545
2678,34.228038779145095,0.24487820435816146,0.00038233251385816347
2679,85.5158823176707,1.6973284891469937,0.016403633177171327
2680,74.28609502861364,1.5870937861416152,0.04938038304674407
2681,34.228038779145095,0.22907961052860265,0.002976558928119044
2682,34.228038779145095,0.23480660079181773,0.0009167982887938186
2683,74.28609502861364,1.3919071366390336,0.027033521950251094
2684,53.386550849147135,0.8387882862208529,0.002383355040428671
2685,34.228038779145095,0.28010479870785343,0.0018509167562964501
2686,53.386550849147135,0.8089048777702804,0.003114585213633815
2687,18.999088782769817,0.7738519350170545,0.003833507385315564
2688,34.228038779145095,0.2510001594671155,0.0020853454641593383
2689,34.228038779145095,0.26421069417591103,0.0009752778303563914
2690,34.228038779145095,0.23011899170159997,0.003385387207364865
2691,34.228038779145095,0.28125654541306666,0.0059915054184674355
2692,53.386550849147135,0.7429157047046497,0.026563532451331938
2693,11.571932550388198,0.8384464231188072,0.00506025350916002
2694,53.386550849147135,0.8274591004207249,0.00273778683711131
2695,53.386550849147135,0.8465573469399802,0.0027724696268141766
2696,74.28609502861364,1.4874731477515963,0.005826264244843204
2697,74.28609502861364,1.4863443964998524,0.005277946250590848
2698,34.228038779145095,0.24487820435816146,0.006684682592118907
2699,85.5158823176707,1.635667065695734,0.02946385640940642
2700,74.28609502861364,1.586780024549319,0.0034280523938811204
2701,53.386550849147135,0.906073950585091,0.0032931286763801734
2702,53.386550849147135,0.8434158840424509,0.003544207522871122
2703,53.386550849147135,0.797997911451717,0.003646124927466389
2704,34.228038779145095,0.2608962231020197,0.006994156751006508
2705,53.386550849147135,0.8713242944065693,0.030552949124731322
2706,34.228038779145095,0.2556877685573333,0.006537059787375676
2707,34.228038779145095,0.2788890660745728,0.00861487082762985
2708,53.386550849147135,0.9560247561869906,0.02164807249200593
2709,53.386550849147135,0.9057024382710728,0.0038282579543257797
2710,53.386550849147135,0.7666932735407022,0.0038781851267549808
2711,34.228038779145095,0.24290338012946663,0.009481922403148768
2712,34.228038779145095,0.23864191732017773,0.007327237463937986
2713,53.386550849147135,0.7981020701344914,0.0024148569236107364
2714,53.386550849147135,0.8185030500796101,0.0017984605953043978
2715,85.5158823176707,1.7371711765539468,0.017774281357411926
2716,53.386550849147135,0.8237627239105376,0.0022253488519788367
2717,47.034398687182744,1.7072288351188325,0.017396885481652948
2718,53.386550849147135,0.8446755510352273,0.03823411483761037
2719,51.075674220117456,0.8961556026608299,0.004102230549338573
2720,53.386550849147135,0.8561968946573365,0.0032552279563866776
2721,53.386550849147135,0.8183806065931579,0.004023895275326622
2722,53.386550849147135,0.8026864636028915,0.00341979508973847
2723,53.386550849147135,0.8218545514921924,0.0031263380907772947
2724,53.386550849147135,0.8792669695713301,0.004457073670606493
2725,74.28609502861364,1.60538937654479,0.0384632999406899
2726,34.228038779145095,0.2606767981877203,0.0063302420760796285
2727,34.228038779145095,0.2538449738289921,0.0059113312816713726
2728,74.28609502861364,1.4366076888405335,0.0034924609268045083
2729,53.386550849147135,0.9184376157088342,0.004509712493098547
2730,34.228038779145095,0.2788890660745728,0.0031928086439135805
2731,34.228038779145095,0.24082728286340283,0.0045523165910486
2732,34.228038779145095,0.28125654541306666,0.0069164540344886505
2733,85.5158823176707,1.7080941589063154,0.01587408018964125
2734,74.28609502861364,1.4318577413412463,0.004079462040349579
2735,74.28609502861364,1.4393974267594756,0.02984520343660179
2736,53.386550849147135,0.8819218188512952,0.004271822551959049
2737,53.386550849147135,0.8629630261436315,0.00444649843451575
2738,74.28609502861364,1.5368746327938863,0.004065602934358559
2739,53.386550849147135,0.8503006004478918,0.004480351910616347
2740,34.228038779145095,0.2363384239097513,0.004552365583253115
2741,34.228038779145095,0.28010479870785343,0.006801323456951336
2742,85.5158823176707,2.3624314095912617,0.12116485835151813
2743,85.5158823176707,1.5960237886938016,0.03521945455832593
2744,34.228038779145095,0.2608962231020197,0.00601798658551117
2745,85.5158823176707,2.579228134502859,0.06251777651530395
2746,53.386550849147135,0.7929296849986736,0.003489403059180496
2747,85.5158823176707,1.6335581919982434,0.018281702015892104
2748,74.28609502861364,1.427488826901537,0.004996302268888753
2749,34.228038779145095,0.3053642493056152,0.010567993731615766
2750,74.28609502861364,1.5105193394682959,0.003912851461677735
2751,85.5158823176707,2.047673234292821,0.03804233847084577
2752,53.386550849147135,0.8638453719264267,0.002253635118446694
2753,74.28609502861364,1.4960234515270279,0.003921251858175634
2754,74.28609502861364,1.513661362154384,0.00435052955570675
2755,85.5158823176707,2.4022699925624256,0.121392548785211
2756,34.228038779145095,0.2538449738289921,0.009511072615447591
2757,34.228038779145095,0.2776038630051047,0.007135305440842898
2758,85.5158823176707,2.1926750234971784,0.10228101079929924
2759,53.386550849147135,0.8402527726871672,0.0016457143448021655
2760,53.386550849147135,0.6667190883018156,0.05366170341449157
2761,53.386550849147135,0.9008876458646553,0.002615391389825361
2762,53.386550849147135,0.8415109073490695,0.0033426326403186504
2763,34.228038779145095,0.23252289379914753,0.004051868433307071
2764,53.386550849147135,0.8675978450326931,0.0021929353437927443
2765,34.228038779145095,0.2556877685573333,0.003593262602343439
2766,85.5158823176707,1.695238517971048,0.04595874962510007
2767,74.28609502861364,1.46732576118915,0.004622162462657375
2768,53.386550849147135,0.7258555792090984,0.028954581021820386
2769,85.5158823176707,1.627514808817423,0.01937380263140236
2770,53.386550849147135,0.9492461000293408,0.025376619194271532
2771,53.386550849147135,0.7745398771346835,0.002741441441062413
2772,53.386550849147135,0.9101254972557091,0.003956813986252555
2773,13.013040406809612,0.9136242970656284,0.02459639491573411
2774,74.28609502861364,1.5317491201299036,0.004377580414306736
2775,34.228038779145095,0.22907961052860265,0.0005197015516030801
2776,53.386550849147135,0.9316694175756702,0.004370535456218905
2777,53.386550849147135,0.8216203947412399,0.003530027034649663
2778,34.228038779145095,0.2625982487886126,0.00011792748389188867
2779,53.386550849147135,0.8508755653189921,0.0034353729752586784
2780,53.386550849147135,0.8515467521466809,0.0035830525140816485
2781,85.5158823176707,1.732372982870358,0.018833970916537313
2782,34.228038779145095,0.28010479870785343,0.0024424486077614382
2783,34.228038779145095,0.22670982145416885,0.005445632460871153
2784,53.386550849147135,0.9101824176619779,0.003737881056902148
2785,42.296889861683596,1.5329901482088895,0.0028723319847356764
2786,76.63870692699952,1.4043086704579408,0.003482914795127523
2787,53.386550849147135,0.8094136342607876,0.0035533906720985192
2788,74.28609502861364,1.5710565020404508,0.05867038995312244
2789,74.28609502861364,1.4663759834187882,0.004678078664664876
2790,85.00469075485182,1.6432598891646715,0.019560777622555793
2791,85.5158823176707,1.6666402380963072,0.018883463041839944
2792,34.228038779145095,0.26989264458829626,0.0038302156152571487
2793,74.28609502861364,1.8928869652807423,0.023458849047054618
2794,53.386550849147135,0.8245593298337958,0.002704311952180391
2795,74.28609502861364,1.6097114112878819,0.0062366884757315
2796,85.5158823176707,1.6626653418326947,0.019025216731761718
2797,53.386550849147135,0.8327601909715971,0.0037811385238077713
2798,74.28609502861364,1.5100012153867988,0.007131460751162
2799,74.28609502861364,1.5091728371630138,0.0064179142653034375
2800,53.386550849147135,0.8204211406567846,0.002788462183068982
2801,53.386550849147135,0.7869878891568896,0.025897833365621053
2802,53.386550849147135,0.8824122100338088,0.0024543916621878326
2803,53.386550849147135,0.8257683252118727,0.0021205652002813657
2804,34.228038779145095,0.25277750127294085,0.0031895548832485132
2805,34.228038779145095,0.23252289379914753,0.0005874994770614372
2806,34.228038779145095,0.28125654541306666,0.0020027657664682397
2807,34.228038779145095,0.2556877685573333,0.0020281281562180564
2808,53.386550849147135,0.8590177077153315,0.002286698028569484
2809,74.28609502861364,1.454898245708656,0.007732308417022249
2810,34.228038779145095,0.2574360609919133,0.0018761250635349058
2811,74.28609502861364,1.5334868663144803,0.00761256057264148
2812,53.386550849147135,0.7901092004661711,0.003201379436159918
2813,53.386550849147135,0.9269553277023878,0.013192909385354057
2814,53.386550849147135,0.8518451559010368,0.0025830627055965574
2815,34.228038779145095,0.2625982487886126,0.0023415341202661644
2816,34.228038779145095,0.2510001594671155,0.0016005933391746163
2817,34.228038779145095,0.23252289379914753,0.0009139799306046026
2818,34.228038779145095,0.24716484293875554,2.3660908703648786e-05
2819,11.571932550388198,0.8700569219349671,0.003576147142662439
2820,34.228038779145095,0.2608962231020197,0.0005505560787822938
2821,73.92873723364684,1.5249897799164198,0.007314387062336669
2822,53.386550849147135,0.8954881724269382,0.0018640985869803686
2823,53.386550849147135,0.8344038451533218,0.0036701772033607694
2824,85.5158823176707,1.5547004002378646,0.02447799112822684
2825,53.386550849147135,0.8650142162510189,0.004290787977466112
2826,53.386550849147135,0.9573833310967037,0.019420660576790996
2827,74.28609502861364,1.5263869190252848,0.03602370633146433
2828,53.386550849147135,0.824438305516002,0.003386065796184272
2829,11.571932550388198,0.8564546561452161,0.0036690156827499376
2830,85.5158823176707,1.5932959695339535,0.018709708752060815
2831,40.23431525703351,1.9051969455654238,0.0981234989399429
2832,34.228038779145095,0.2788890660745728,0.0018205791150885942
2833,53.386550849147135,0.8728188459730633,0.0027957327141606703
2834,74.28609502861364,1.2030345874591135,0.028800852686995754
2835,34.228038779145095,0.24716484293875554,0.000782178475990658
2836,34.228038779145095,0.2363384239097513,0.002721163106480129
2837,34.228038779145095,0.2590969388047644,0.0021903977844193734
2838,34.228038779145095,0.24716484293875554,0.0029059185811655674
2839,34.228038779145095,0.2590969388047644,0.0023566777116362236
2840,53.386550849147135,0.7911620137048425,0.0018201284105792415
2841,34.228038779145095,0.2788890660745728,0.00011685179792098044
2842,34.228038779145095,0.26421069417591103,0.0008751911666562973
2843,74.28609502861364,1.1739742975250036,0.03286348574891004
2844,53.386550849147135,0.8681945366784712,0.0026723893244604002
2845,84.98303524608936,1.821506709101177,0.017541016635321018
2846,67.17740792009613,0.9674999394787929,0.0114206779200673
2847,53.386550849147135,0.7885243635965429,0.003056787759997473
2848,74.28609502861364,1.3836127202382609,0.006203798145274275
2849,34.228038779145095,0.26835040090493456,0.0003088040547734594
2850,53.386550849147135,0.8318646433010983,0.002697833612425281
2851,51.075674220117456,0.7459805683763061,0.0020780961902316097
2852,53.386550849147135,0.8786492474039862,0.001728257613111954
2853,74.28609502861364,1.5725808788118947,0.006634404203166211
2854,74.28609502861364,1.4949900436097583,0.005081799332751258
2855,65.59687254908131,1.415441987707523,0.005948032718103779
2856,74.28609502861364,1.485921272796384,0.04382049643666007
2857,34.228038779145095,0.26421069417591103,0.0009604290811578986
2858,85.5158823176707,1.8067551216193478,0.017856846995810895
2859,53.386550849147135,1.0526953374583716,0.01170762153269305
2860,53.386550849147135,0.8678638256846044,0.002357374409030638
2861,34.228038779145095,0.29688190904712586,0.0029891978378253636
2862,53.386550849147135,0.8549282870238485,0.002618373998285517
2863,76.63870692699952,1.4918618647011304,0.005597265397667539
2864,65.02631501439497,1.6264321608136463,0.07136297814661005
2865,34.228038779145095,0.22907961052860265,0.00023636778694202665
2866,53.386550849147135,0.8221060477864304,0.0035315041660998053
2867,85.5158823176707,2.2507951589285113,0.08981633697179059
2868,31.822901562919032,1.5034410010936892,0.004741637427339995
2869,53.386550849147135,0.8291848653100621,0.003577768227283111
2870,53.386550849147135,0.8389276171155057,0.003663764903313285
2871,53.386550849147135,0.847198217556659,0.0033653176141271446
2872,34.228038779145095,0.24716484293875554,0.0008817548130275465
2873,74.28609502861364,1.4957233758246644,0.004628225714137846
2874,34.228038779145095,0.23011899170159997,0.0019173161319633314
2875,47.40050247318693,0.7589424991763014,0.0027692158463373806
2876,53.386550849147135,0.7745005404026313,0.0016544831262022691
2877,85.5158823176707,1.5359384110343148,0.020422843061500905
2878,34.228038779145095,0.2625982487886126,0.002454346376976446
2879,47.40050247318693,0.8785493738568395,0.001914755112852981
2880,53.386550849147135,0.886608767050587,0.0019234015526811907
2881,34.228038779145095,0.2538449738289921,0.002600912014729062
2882,53.386550849147135,0.8758537557199976,0.0018858262038741955
2883,53.386550849147135,0.8516622900945174,0.0026814263937113073
2884,74.28609502861364,1.9054591928099842,0.026788956318647233
2885,74.28609502861364,1.5604051495961329,0.03873653997090939
2886,74.28609502861364,1.4844021302269785,0.003995819995101457
2887,74.28609502861364,1.494425639846491,0.0035256168648840737
2888,34.228038779145095,0.23697890744338207,0.0005223051007178237
2889,34.228038779145095,0.24716484293875554,0.0013222272637188337
2890,74.28609502861364,1.490720485320737,0.0029750131009820937
2891,53.386550849147135,0.8462055231116176,0.00425714062432947
2892,53.386550849147135,0.8977486514614784,0.0038366713102144095
2893,74.28609502861364,1.6551818360686894,0.06488741120297731
2894,53.386550849147135,0.8602747014444183,0.0027330489241483014
2895,71.39431083632167,1.6677079176354273,0.05380700257193438
2896,34.228038779145095,0.27273361979448885,0.0005147204751536072
2897,74.28609502861364,1.861743742656811,0.090477360796028
2898,74.28609502861364,1.4121879389287026,0.002282709399960214
2899,34.228038779145095,0.23011899170159997,0.0030714582719419403
2900,34.228038779145095,0.22670982145416885,0.00012233140289513722
2901,74.28609502861364,1.495420169650285,0.03079305212013217
2902,74.28609502861364,1.54999504850988,0.0020946288339784734
2903,85.5158823176707,1.7594205220494061,0.020998075440060625
2904,53.386550849147135,0.8122162608029653,0.0024290787118336904
2905,53.386550849147135,0.8757226814669508,0.003075856191866129
2906,74.28609502861364,1.440937227684728,0.0018070746272989325
2907,74.28609502861364,1.521795225270365,0.0020197720604650414
2908,22.32246687896797,1.110118850447715,0.025596218005895205
2909,74.28609502861364,1.5714067560531888,0.0007850109373954584
2910,34.228038779145095,0.27273361979448885,0.0020704970547850143
2911,53.386550849147135,0.6653086103972063,0.058767953274235334
2912,34.228038779145095,0.24290338012946663,0.0030931222291078475
2913,59.16369355320243,1.5260898509915977,0.03957671509229836
2914,74.28609502861364,1.4488039705297338,0.0015358249513075628
2915,34.228038779145095,0.24716484293875554,0.00358733860506949
2916,53.386550849147135,0.8961579414757157,0.0034238952478580983
2917,73.92873723364684,1.6211483620758538,0.06478777037021252
2918,74.28609502861364,1.6041666673217867,0.05098122291978287
2919,53.386550849147135,0.660993330025262,0.06765542909399314
2920,53.386550849147135,0.9224132483471124,0.019945646619562003
2921,53.386550849147135,0.9466555726624838,0.0017236456144392523
2922,85.5158823176707,1.8162603781644857,0.039276412111332364
2923,67.12920186219202,1.5359234327668831,0.03274282842916902
2924,34.228038779145095,0.2657404500561686,0.004641370717938353
2925,34.228038779145095,0.215914115670637,0.008211238183115699
2926,34.228038779145095,0.26421069417591103,0.009006891496671887
2927,67.12920186219202,1.820274963189212,0.10344704010561427
2928,53.386550849147135,0.9292515122094065,0.0025484953947557884
2929,85.5158823176707,1.790424318130189,0.02341060216690587
2930,53.386550849147135,0.9337091799787235,0.0036675190964988655
2931,34.228038779145095,0.23864191732017773,0.00994699205037744
2932,34.228038779145095,0.28685732510527484,0.005971541770202704
2933,74.28609502861364,1.5316062311702296,0.0029810182966755862
2934,53.386550849147135,0.8474540837961536,0.0019928835382294757
2935,34.228038779145095,0.24487820435816146,0.006591548592756791
2936,53.386550849147135,0.836068125547182,0.003052778953711907
2937,51.075674220117456,0.8609174305971482,0.003261587139585291
2938,85.5158823176707,1.6513422244619989,0.023940549495731857
2939,74.28609502861364,1.5164212628134943,0.003227279677353689
2940,67.32855090385505,1.200465823023059,0.026333221057327143
2941,74.28609502861364,1.5222066670390917,0.002852230231908226
2942,74.28609502861364,1.530523672647118,0.003565326177992811
2943,74.28609502861364,1.5577186930287263,0.021277764640042034
2944,53.386550849147135,0.9452969125957008,0.019967157737553264
2945,53.386550849147135,0.7773410155012339,0.00437711547958896
2946,53.386550849147135,0.7950730679510248,0.005059076658536131
2947,74.28609502861364,0.9923919669395298,0.028307663139727542
2948,74.28609502861364,1.9553335340397853,0.1179831939419449
2949,34.228038779145095,0.27273361979448885,0.00815992913681518
2950,85.5158823176707,1.6803011670460328,0.021708789034518783
2951,51.075674220117456,0.7901092004661711,0.004467148191476332
2952,34.228038779145095,0.2574360609919133,0.008041715746210154
2953,53.386550849147135,0.7578122054763812,0.005360453128044812
2954,77.63367541085348,1.6468578209724216,0.02240600832449178
2955,42.296889861683596,1.8441837247874733,0.10543802580228907
2956,34.228038779145095,0.25277750127294085,0.007469467722768408
2957,77.3273092895354,2.390953423038673,0.12645041816586372
2958,34.228038779145095,0.2390477709210624,0.005581471466482968
2959,34.228038779145095,0.2538449738289921,0.005361995126619057
2960,53.386550849147135,0.8210868620421719,0.00515402481979603
2961,34.228038779145095,0.25277750127294085,0.005130071575439821
2962,34.228038779145095,0.22670982145416885,0.007528108361255698
2963,69.09157770441035,1.811761274795118,0.047653980476439255
2964,74.28609502861364,1.5314820584689732,0.025701528438857556
2965,53.386550849147135,0.8694372752356554,0.005473672711334948
2966,53.386550849147135,0.8575727914956495,0.006436359632493414
2967,53.386550849147135,0.9205942292814255,0.011575121659797113
2968,53.386550849147135,0.8003412098802178,0.006838507055843719
2969,81.59683640228613,1.6410347720097562,0.02096357480876656
2970,85.5158823176707,2.3489195144117105,0.11243287028631439
2971,34.228038779145095,0.2574360609919133,0.007689688371670306
2972,74.28609502861364,1.3717804418590567,0.003993181288854319
2973,53.386550849147135,0.9168027633745822,0.006452749645426026
2974,75.55966956977605,1.4085633177530237,0.00551569271383201
2975,74.28609502861364,1.4049527187046407,0.00631606914584415
2976,69.09157770441035,1.6757669665686818,0.0211333859365036
2977,53.386550849147135,0.8357711079482492,0.00643117357888897
2978,34.228038779145095,0.2590969388047644,0.006609209743845018
2979,74.28609502861364,1.8782088116352496,0.10014988405013847
2980,34.228038779145095,0.27273361979448885,0.008284387633475693
2981,53.386550849147135,0.8129124035699411,0.0062666336810441245
2982,74.28609502861364,1.5067548771772714,0.024397101706362494
2983,53.386550849147135,0.9101584791369746,0.01913599248899648
2984,74.28609502861364,1.5305214938611416,0.005640840417915649
2985,34.228038779145095,0.2657404500561686,0.0066476057432925395
2986,34.228038779145095,0.26989264458829626,0.007871168323340894
2987,73.92873723364684,1.6960297554078305,0.021303144551792004
2988,53.386550849147135,0.8396936386074646,0.006226131118868501
2989,53.386550849147135,0.8174184277252018,0.002130900757644792
2990,34.228038779145095,0.24290338012946663,0.008681771614846234
2991,34.228038779145095,0.23252289379914753,0.006046002857974908
2992,76.63870692699952,1.6283599161312954,0.062320875082466434
2993,85.5158823176707,1.7846560735310606,0.02191080390411586
2994,85.5158823176707,2.6443097085549554,0.13420373033257807
2995,44.15061630320437,1.5511010178070428,0.029277495888345807
2996,74.28609502861364,1.4332966394000617,0.004865654196068203
2997,74.28609502861364,1.5852316439215608,0.017949562903268775
2998,34.228038779145095,0.22670982145416885,0.003092503742292807
2999,34.228038779145095,0.25189980161574316,0.0029533525543363748
3000,74.28609502861364,1.503168526796226,0.022659690828653767
3001,85.5158823176707,1.6965779421129097,0.022386864010571262
3002,18.999088782769817,0.8696038013605298,0.005496718961389924
3003,85.5158823176707,2.594143563304801,0.11463230909011106
3004,53.386550849147135,0.8493441255248314,0.004776111858474104
3005,53.386550849147135,0.9260214351568083,0.006774462848960466
3006,34.228038779145095,0.22670982145416885,0.005302251384220968
3007,34.228038779145095,0.24716484293875554,0.004703519447361415
3008,53.386550849147135,0.7752111020845674,0.008070504805699368
3009,74.28609502861364,1.5280525942476353,0.005193812453656554
3010,74.28609502861364,1.4665048817754962,0.005880811658306562
3011,53.386550849147135,0.8428993986983011,0.008581104023738254
3012,53.386550849147135,0.841454482478619,0.008182758536189008
3013,34.228038779145095,0.28685732510527484,0.0008027780291469666
3014,74.28609502861364,1.475412775869578,0.006207635420632351
3015,53.386550849147135,0.8596913602512956,0.006968251802445299
3016,53.386550849147135,0.7902540179728751,0.006702869614990628
3017,34.228038779145095,0.2657404500561686,0.0021214799977146703
3018,53.386550849147135,0.9916247844549413,0.05976677882938357
3019,53.386550849147135,0.8404017770511822,0.006250637042084353
3020,34.228038779145095,0.24487820435816146,0.002808724796033002
3021,74.28609502861364,1.4966842331268926,0.005436196236684765
3022,85.5158823176707,2.2514549488188615,0.09961079697023008
3023,53.386550849147135,0.7880336504404466,0.005563829420097061
3024,53.386550849147135,0.8639592350944106,0.004992491154263888
3025,34.228038779145095,0.24290338012946663,0.001711849575073754
3026,53.386550849147135,0.8920153522866566,0.0060628490346170474
3027,53.386550849147135,0.9515950076029862,0.0030592826453782196
3028,67.32855090385505,1.441118418319725,0.0053594452790549415
3029,47.40050247318693,0.8177505897048329,0.006416708699747586
3030,53.386550849147135,0.8320839436047576,0.0061912603571908364
3031,34.228038779145095,0.2211803136138233,0.0014476447753539179
3032,74.28609502861364,1.504645988849433,0.005605098536251152
3033,34.228038779145095,0.26421069417591103,1.1848365469968591e-05
3034,74.28609502861364,1.4200250948764257,0.00626082080100987
3035,34.228038779145095,0.23480660079181773,0.0016150171461978835
3036,53.386550849147135,0.8074164228404368,0.005579780718269811
3037,53.386550849147135,0.7973068249622121,0.005383584886427803
3038,74.80389229948489,1.4870680818575945,0.024908457372317405
3039,74.28609502861364,1.5184875352777452,0.0060215898227681365
3040,74.28609502861364,1.4777281322601064,0.0058818483016914724
3041,34.228038779145095,0.2450916988693717,0.001017846278832446
3042,58.7310862495383,1.6808631323556724,0.02264559876200205
3043,53.386550849147135,0.6752876132035942,0.07113248087899746
3044,34.228038779145095,0.24082728286340283,5.3950897606652726e-05
3045,74.28609502861364,1.56131201963499,0.006171925086366814
3046,74.28609502861364,1.5703051036913516,0.00593389973218047
3047,74.28609502861364,1.450699013068759,0.004780206525841458
3048,74.28609502861364,1.4734046170802804,0.004121812319820473
3049,53.386550849147135,0.8927852491036301,0.004859860378787544
3050,73.92873723364684,1.3271712077188205,0.054446596033019413
3051,85.5158823176707,1.3401605955357132,0.03455177740033103
3052,74.28609502861364,1.4605273979156117,0.004088026428200164
3053,34.228038779145095,0.2878854875608493,0.0038922655242480952
3054,51.075674220117456,0.8188137682989322,0.004829489638096741
3055,53.386550849147135,0.778686729409964,0.03383303192559986
3056,53.386550849147135,0.7908251693584665,0.03731207598755351
3057,73.23727178301611,1.4576392829847307,0.0044462624429807305
3058,34.228038779145095,0.2878854875608493,4.8555807846017984e-05
3059,52.107010408462735,0.8293725680521665,0.004988325025920219
3060,74.28609502861364,1.3823507714889343,0.004561590371722169
3061,74.80389229948489,1.5389439324180345,0.0243928182209441
3062,53.386550849147135,0.8284841030737554,0.005068818974286904
3063,53.386550849147135,0.9058438833261546,0.00647551783255608
3064,53.386550849147135,0.811374571921091,0.006740124240076105
3065,76.63870692699952,1.5317124660085868,0.0033179455240955557
3066,85.5158823176707,1.7726119073790474,0.021591899185742357
3067,34.228038779145095,0.22907961052860265,0.002377548731401391
3068,85.5158823176707,2.4652802811233214,0.10250609821046774
3069,74.28609502861364,1.5415022975101476,0.004508475030485326
3070,34.228038779145095,0.2450916988693717,0.0015575086070155342
3071,34.228038779145095,0.22670982145416885,0.0010187152464520288
3072,34.228038779145095,0.25277750127294085,0.0012050102355631864
3073,34.228038779145095,0.2606767981877203,0.0021626054172412257
3074,34.228038779145095,0.28010479870785343,0.004967241132764755
3075,53.386550849147135,0.8339386767168889,0.006562164346581419
3076,53.386550849147135,0.943193729045817,0.008099631705332622
3077,34.228038779145095,0.26989264458829626,0.002967560287472859
3078,53.386550849147135,0.884814034304615,0.008736424158235369
3079,52.107010408462735,0.8754493124635976,0.009384210974107514
3080,74.28609502861364,1.8204746027246244,0.0279033720509758
3081,74.28609502861364,1.0267552093494956,0.007479956159141366
3082,74.28609502861364,1.423986770329424,0.005171904576278008
3083,53.386550849147135,0.8342390649643312,0.008957101122936545
3084,53.386550849147135,0.8240038093475194,0.008715916260358031
3085,53.386550849147135,0.7456817729873013,0.019877627983416614
3086,34.228038779145095,0.23133655250425392,0.005023456735114368
3087,34.228038779145095,0.2608962231020197,0.003917796478215163
3088,53.386550849147135,0.9232901704447528,0.009315962093865093
3089,53.386550849147135,0.8254086303065803,0.009523186837876216
3090,34.228038779145095,0.2390477709210624,0.0023362658435072126
3091,53.386550849147135,0.8572656255267589,0.009020653314028411
3092,85.5158823176707,1.5834685724673196,0.02218079678283469
3093,53.386550849147135,0.8106128137228423,0.033425341453779234
3094,53.386550849147135,0.8058753495926352,0.009549221099891245
3095,53.386550849147135,0.821921247796766,0.008735967136517843
3096,74.28609502861364,1.5991981336625591,0.006110398788589222
3097,74.28609502861364,1.52805185566181,0.02127063269252717
3098,53.386550849147135,0.9084548233898944,0.010298544202033341
3099,74.28609502861364,1.459557047541695,0.005711571050880748
3100,74.28609502861364,0.9919007146921539,0.019826196132576593
3101,53.386550849147135,0.8553877815977311,0.010198868640393308
3102,34.228038779145095,0.28010479870785343,0.0050185910509491505
3103,34.228038779145095,0.26989264458829626,0.006411468325691172
3104,53.386550849147135,0.8230185253318254,0.011068693611447931
3105,85.5158823176707,1.7332871419824192,0.056334325679122124
3106,74.28609502861364,1.427225606412431,0.02533478527675199
3107,34.228038779145095,0.2450916988693717,0.00699682651774669
3108,53.386550849147135,0.8684387905557046,0.011841986306768658
3109,85.5158823176707,1.7806023220692706,0.021494477790806578
3110,34.228038779145095,0.22907961052860265,0.00912485772467353
3111,53.386550849147135,0.8428942622499199,0.010514337939550214
3112,34.228038779145095,0.22670982145416885,0.006060164958528624
3113,53.386550849147135,0.975744455691035,0.025493726127525176
3114,53.386550849147135,0.8922102842325298,0.009610158687015868
3115,74.28609502861364,1.504744800380235,0.005708449121402659
3116,34.228038779145095,0.2888580736674738,0.009516766690328693
3117,53.386550849147135,0.834704233400764,0.011157696758623617
3118,53.386550849147135,0.8033058812640266,0.010003360991252055
3119,53.386550849147135,0.751883854854826,0.026388613915839534
3120,77.3273092895354,1.7713721649530687,0.05248679543523444
3121,34.228038779145095,0.2556877685573333,0.009310677737934703
3122,34.228038779145095,0.26835040090493456,0.00729882678653565
3123,53.386550849147135,0.9081953556984521,0.009520398986073944
3124,53.386550849147135,0.7504838438773713,0.018429602619398293
3125,34.228038779145095,0.2625982487886126,0.007804394752508992
3126,74.28609502861364,1.506670231096006,0.00544781635982422
3127,74.28609502861364,1.5580242787145577,0.0032670059875670844
3128,74.28609502861364,1.738537310415068,0.017610667870790735
3129,34.228038779145095,0.2211803136138233,0.010710737625360983
3130,53.386550849147135,0.8966905199232323,0.00959040930270328
3131,34.228038779145095,0.2556877685573333,0.010474700771609086
3132,53.386550849147135,0.835894016242785,0.010291811409771166
3133,34.228038779145095,0.2390477709210624,0.008598267839605295
3134,53.386550849147135,0.9003423249936219,0.010393631772903478
3135,85.5158823176707,1.6305379852462116,0.020663101071658762
3136,34.228038779145095,0.22670982145416885,0.01066102564113755
3137,74.28609502861364,1.4695595053249533,0.0033373149076009303
3138,34.228038779145095,0.29611078720544504,0.014678537630772398
3139,34.228038779145095,0.24675898933787085,0.01453010286378123
3140,53.386550849147135,0.8450478131204523,0.009636526249895846
3141,53.386550849147135,0.8203697404531283,0.03252395439834809
3142,85.5158823176707,1.6855709379776564,0.02113554154411885
3143,74.28609502861364,1.53521963743506,0.003188061747455595
3144,53.386550849147135,0.8536531366131987,0.0030436069125498316
3145,34.228038779145095,0.23697890744338207,0.01537451976293805
3146,85.5158823176707,1.7336894996085086,0.021614679605789954
3147,53.386550849147135,0.881753064982832,0.0021813665909797483
3148,85.5158823176707,1.6443467100895885,0.022615007740657632
3149,77.50864521140944,1.7361067013220066,0.021038811069110253
3150,53.386550849147135,0.9126346895880677,0.0018153949881064002
3151,51.075674220117456,0.929677706036697,0.002113364768904162
3152,53.386550849147135,0.7874190192985067,0.008772067979763917
3153,85.5158823176707,2.5635073392980243,0.11348767165381103
3154,34.228038779145095,0.25189980161574316,0.014642405554943061
3155,53.386550849147135,0.8261860385978784,0.007341037634445803
3156,74.28609502861364,1.434987038605019,0.002646916806588595
3157,53.386550849147135,0.821868453911056,0.007526611675832989
3158,51.075674220117456,0.855647831528596,0.00614769162340946
3159,74.28609502861364,1.4352334622954885,0.03353208440928562
3160,74.28609502861364,1.5050548657509488,0.0034154059246814692
3161,53.386550849147135,0.8406140472813918,0.006045214670885264
3162,85.5158823176707,1.7663590451660782,0.05117907447981377
3163,34.228038779145095,0.26989264458829626,0.01218421847049228
3164,53.386550849147135,0.8361990354293775,0.005762335493120281
3165,53.386550849147135,0.8105795540911838,0.005710714382217583
3166,51.075674220117456,0.9338875795351365,0.007174996481321055
3167,85.5158823176707,1.6557071351871546,0.021334584543301727
3168,53.386550849147135,0.8730672852191189,0.007298746022027673
3169,74.28609502861364,1.5150486986581209,0.004177004138440988
3170,34.228038779145095,0.25277750127294085,0.011466650667913192
3171,34.228038779145095,0.24290338012946663,0.00983342753124461
3172,62.49225100304638,1.9420037399262369,0.028707666164318024
3173,53.386550849147135,0.8271096839888302,0.018084454286459287
3174,34.228038779145095,0.22362533408744545,0.012247790205323988
3175,34.228038779145095,0.24487820435816146,0.01097537180519173
3176,51.075674220117456,0.9426886890291186,0.009743922033865184
3177,34.228038779145095,0.2590969388047644,0.011252068689733025
3178,53.386550849147135,0.8800798198406128,0.010061396912336283
3179,45.745354561493194,1.6980181840001396,0.020126013616093296
3180,34.228038779145095,0.29688190904712586,0.015279592910056344
3181,53.386550849147135,0.8583685885847417,0.009952127242157209
3182,74.28609502861364,1.3955522465083257,0.005066404839542793
3183,53.386550849147135,0.8364538504593827,0.010309236652357744
3184,53.386550849147135,0.7813325565361497,0.012622035468179395
3185,53.386550849147135,0.8446318516895106,0.012372823987149485
3186,74.28609502861364,1.336053919990583,0.0031011528387120623
3187,53.386550849147135,0.8089903377188096,0.011844276754716797
3188,53.386550849147135,0.825167417124441,0.011491944746694453
3189,85.5158823176707,2.187165419195341,0.0570364990397643
3190,74.28609502861364,1.4827024302534388,0.003201649002810203
3191,85.5158823176707,1.7588156657797827,0.02101074005317729
3192,85.5158823176707,1.7857997701354495,0.02128821099405136
3193,53.386550849147135,0.7601622837996981,0.013295405773582264
3194,53.386550849147135,0.8524381591384773,0.013627587776869204
3195,53.386550849147135,0.8475069937387024,0.002644552834065214
3196,85.5158823176707,1.709288556298867,0.0210053343495326
3197,73.92873723364684,1.4961952351279328,0.0026809207344356658
3198,34.228038779145095,0.23252289379914753,0.012468463183549466
3199,53.386550849147135,0.9231001333844682,0.002660948385930721
3200,34.228038779145095,0.24487820435816146,0.012516102563149306
3201,34.228038779145095,0.26421069417591103,0.010625729023014202
3202,74.28609502861364,1.0446790729253428,0.02935000141313979
3203,53.386550849147135,0.8273018832984922,0.013130847541923368
3204,53.386550849147135,0.8670623525300718,0.012857601966215396
3205,47.40050247318693,0.9309364657247539,0.020840103841606193
3206,53.386550849147135,0.8679304273673895,0.013356511680624981
3207,53.386550849147135,0.9162295231082899,0.013459534101047582
3208,74.28609502861364,1.6543349672306924,0.051414590435294026
3209,53.386550849147135,0.9649088895047221,0.012901919602160167
3210,53.386550849147135,0.9474294985771712,0.03214035905428861
3211,34.228038779145095,0.25277750127294085,0.010121173016537338
3212,74.28609502861364,1.4313518287430502,0.0028705042766414947
3213,53.386550849147135,0.7984366770944525,0.01334948453762358
3214,53.386550849147135,0.8518911151881106,0.0019795182995433758
3215,53.386550849147135,0.8699150157919917,0.013636852385922688
3216,34.228038779145095,0.24716484293875554,0.009105806777289643
3217,53.386550849147135,0.7723964941823322,0.014104043045680546
3218,85.5158823176707,1.7275573093036747,0.02127530181828574
3219,84.98303524608936,1.7353229975916986,0.021735809677430985
3220,85.5158823176707,1.5486181176959442,0.014910051881236387
3221,53.386550849147135,0.8421556774900534,0.014172660105902159
3222,53.386550849147135,0.7870065765140151,0.015300751616172142
3223,34.228038779145095,0.2510001594671155,0.008725524062047602
3224,73.92873723364684,1.493978372092656,0.0037562193709732793
3225,53.386550849147135,0.9146123666252653,0.01586222585532529
3226,34.228038779145095,0.27273361979448885,0.010368572132297998
3227,53.386550849147135,0.9238453511792978,0.0020293913390014157
3228,53.386550849147135,0.8599108300118989,0.015740526930451817
3229,34.228038779145095,0.2556877685573333,0.009557556779558385
3230,34.228038779145095,0.28010479870785343,0.006385939947040731
3231,74.28609502861364,1.4301051122727828,0.004762742327387159
3232,51.075674220117456,0.7806954746160394,0.01673354324456968
3233,53.386550849147135,0.8808153412078669,0.017408817665430065
3234,53.386550849147135,0.8414846627524541,0.017906715047425317
3235,53.386550849147135,0.8392630644891901,0.016881389730886327
3236,18.999088782769817,0.8514238438521448,0.017370846395804752
3237,53.386550849147135,0.8127480881890343,0.01660612009638454
3238,74.28609502861364,1.4749258208058333,0.0034013598064677963
3239,53.386550849147135,0.7479060406671255,0.017600440617238894
3240,34.228038779145095,0.23011899170159997,0.008530065498400186
3241,85.5158823176707,1.5488056923547495,0.04538479148535798
3242,53.386550849147135,0.7951128462507567,0.016863885033292933
3243,34.228038779145095,0.2657404500561686,0.006897632659166819
3244,34.228038779145095,0.22421850473489227,0.003524864416432516
3245,74.28609502861364,1.395424247934999,0.004037232892467002
3246,53.386550849147135,0.7290272746626725,0.02043097194899246
3247,22.85425355011386,1.5260794238937903,0.0053667765736391424
3248,53.386550849147135,0.7713427500282919,0.01805851100209776
3249,74.28609502861364,2.0130118428288264,0.030728468037162476
3250,53.386550849147135,0.8075533104366769,0.01757773575912267
3251,34.228038779145095,0.21328101669904387,0.007301618196834947
3252,74.28609502861364,1.5318633098198435,0.020017726806652553
3253,34.228038779145095,0.28010479870785343,0.0040183183983161785
3254,74.28609502861364,1.3971381867934332,0.006876055874576692
3255,74.28609502861364,1.4306904812645471,0.006231989915828196
3256,53.386550849147135,0.9130297438016828,0.0018654089422542874
3257,74.28609502861364,1.158551436619848,0.04051228356729884
3258,74.28609502861364,1.4204040539558795,0.005407364494434253
3259,34.228038779145095,0.24984347670459423,0.00408948077997523
3260,53.386550849147135,0.8105577397667764,0.01843824583353204
3261,53.386550849147135,0.8429518764150572,0.019050853599445403
3262,34.228038779145095,0.20820289725382857,0.03955855047822743
3263,34.228038779145095,0.25277750127294085,0.003909889015319246
3264,34.228038779145095,0.25189980161574316,0.0037683026676975095
3265,53.386550849147135,0.8252945129150899,0.01929788745575265
3266,74.28609502861364,1.5668665263121673,0.004288782445579975
3267,53.386550849147135,0.7343524470095084,0.01949622084825746
3268,77.63367541085348,1.6793302816994395,0.021182543529227927
3269,34.228038779145095,0.28010479870785343,0.000820375245626892
3270,73.23727178301611,1.5388817461368303,0.004602111676165799
3271,53.386550849147135,0.8383505869437949,0.01917832936181401
3272,74.80389229948489,1.5216547139741627,0.019726243780296044
3273,34.228038779145095,0.25277750127294085,0.0008999703092545941
3274,53.386550849147135,0.9162010895763136,0.039995869121616325
3275,85.5158823176707,1.4677152556180726,0.02935430511236145
3276,34.228038779145095,0.2363384239097513,0.0009055700152547641
3277,85.5158823176707,1.4737945165743038,0.03417837923661279
3278,53.386550849147135,0.9416289690622235,0.022540622705868166
3279,34.228038779145095,0.24913167192765806,0.001251231505522532
3280,74.28609502861364,1.5033070492177847,0.004962909363144341
3281,74.28609502861364,1.433771314351223,0.004914677848625526
3282,34.228038779145095,0.22362533408744545,0.004112960630784757
3283,34.228038779145095,0.25189980161574316,0.0038610700906909767
3284,53.386550849147135,0.9056089193784725,0.021672380389510727
3285,53.386550849147135,0.9811237174181178,0.03915723501373052
3286,73.92873723364684,1.5524609739216082,0.014217014919443698
3287,53.386550849147135,0.7901634789320272,0.021346680092757968
3288,85.5158823176707,2.528045716359613,0.038734441424561165
3289,53.386550849147135,0.8654191542205446,0.02188493972788174
3290,53.386550849147135,0.8869873757226391,0.001793806430622026
3291,83.95510165036987,1.6226700200811215,0.07113997555518167
3292,34.228038779145095,0.26421069417591103,0.004932753823723046
3293,53.386550849147135,0.8098521581076694,0.021477113201882093
3294,53.386550849147135,0.8317652983082082,0.02206243345424285
3295,34.228038779145095,0.27135152374823296,0.0027608801243896863
3296,53.386550849147135,0.8049503410015999,0.02238047391834643
3297,34.228038779145095,0.24716484293875554,0.0032248618759374015
3298,53.386550849147135,0.9942824311490424,0.03950685412480827
3299,74.28609502861364,1.4069019330848431,0.003924617601078739
3300,70.18837318853815,1.5381847347917035,0.003322845939275498
3301,74.28609502861364,1.3165771864505762,0.013764315183564543
3302,53.386550849147135,0.7638117033458758,0.022304627605373363
3303,50.64809090436153,1.545251089529655,0.0029959629575765923
3304,74.28609502861364,1.5080972559466341,0.004452292548947356
3305,85.5158823176707,1.732612814187231,0.02328888455336542
3306,53.386550849147135,0.8798212995538727,0.021394925713580128
3307,34.228038779145095,0.22421850473489227,0.00019015829156437958
3308,74.28609502861364,1.4719935025663913,0.004443337431494732
3309,53.386550849147135,0.8232849833542011,0.020944451137742355
3310,34.228038779145095,0.23252289379914753,0.00207193678191811
3311,74.28609502861364,1.5335955838856603,0.004042983645253284
3312,18.999088782769817,0.7780530992206203,0.022122272719354186
3313,34.228038779145095,0.2888580736674738,0.0058046604492405784
3314,34.228038779145095,0.28685732510527484,0.008964036893610888
3315,53.386550849147135,0.8346969566600644,0.0217819917802448
3316,11.571932550388198,0.8563513297310653,0.021561641063402942
3317,34.228038779145095,0.22670982145416885,0.0057927253284335845
3318,34.228038779145095,0.2625982487886126,0.006527387653218392
3319,53.386550849147135,0.6810469519882882,0.032768333345127014
3320,74.28609502861364,1.4931633734185208,0.003637687311600679
3321,34.228038779145095,0.23864191732017773,0.00760908594243373
3322,74.28609502861364,1.5407459544427797,0.004098465015453356
3323,53.386550849147135,0.8367128316204542,0.02168933380397861
3324,34.228038779145095,0.2363384239097513,0.008812963743770191
3325,87.29656035249133,1.5923934891967444,0.043340000222186995
3326,85.5158823176707,1.6298754804477438,0.024388257299559513
3327,34.228038779145095,0.29611078720544504,0.003919217435403632
3328,85.5158823176707,2.1553295473061453,0.031458123983955366
3329,34.228038779145095,0.2556877685573333,0.0035571476226848864
3330,85.5158823176707,1.7091846027444557,0.02338291664362526
3331,74.28609502861364,1.5375356876735964,0.005045945616021286
3332,85.5158823176707,1.7804843625094917,0.035609687250189835
3333,74.28609502861364,1.5294248937316515,0.004972418320542027
3334,74.28609502861364,1.893195396927647,0.023408824775051573
3335,74.28609502861364,1.4856461892114838,0.0050290824137449565
3336,74.28609502861364,1.4424749773889558,0.004752221168198645
3337,67.06675955489015,1.6328134552277924,0.013449179816972846
3338,74.28609502861364,1.5426310958995388,0.004446190977256248
3339,74.28609502861364,1.4704836181201033,0.005140939601676386
3340,53.386550849147135,0.8865227599160315,0.02230853728079832
3341,53.386550849147135,0.9022966086382344,0.0017022561302396794
3342,74.28609502861364,1.4642327133071802,0.005354426781215315
3343,34.228038779145095,0.27273361979448885,0.005231880815578793
3344,53.386550849147135,0.7136644276583984,0.01892182523793543
3345,17.08822427197352,0.738886006930721,0.017804399281542253
3346,34.228038779145095,0.25277750127294085,0.0047435288370285544
3347,34.228038779145095,0.23252289379914753,0.0067341534814002735
3348,53.386550849147135,0.8197875208193112,0.02203488589831419
3349,53.386550849147135,0.8867345198204566,0.020497506184580898
3350,53.386550849147135,0.7986827091974703,0.020061906086294552
3351,34.228038779145095,0.22907961052860265,0.003924847626271211
3352,74.28609502861364,1.4450492455246298,0.005328950326724857
3353,53.386550849147135,0.8215257289610751,0.020130519544475985
3354,34.228038779145095,0.22907961052860265,0.006060738133260246
3355,34.228038779145095,0.2878854875608493,0.00941295056686875
3356,53.386550849147135,0.933314943173431,0.002848513826421456
3357,34.228038779145095,0.2556877685573333,0.008674436220285825
3358,85.5158823176707,1.6536188478265044,0.02372380948306081
3359,74.28609502861364,1.5256036317773642,0.006122081631796628
3360,84.73927044164576,1.691943782359419,0.023562842705070586
3361,34.228038779145095,0.24913167192765806,0.008665382971328711
3362,74.28609502861364,1.499934209963297,0.007636251387279458
3363,34.228038779145095,0.25447020775467927,0.008340846180959344
3364,85.5158823176707,1.7607168010497833,0.022644970091481365
3365,34.228038779145095,0.22670982145416885,0.00527272443957591
3366,53.386550849147135,0.9018497992064963,0.002979478463534413
3367,74.28609502861364,1.5311672811499257,0.016459346385637195
3368,53.386550849147135,0.8604224009292349,0.020417944272870782
3369,73.92873723364684,1.5407453438047283,0.01903054485518397
3370,34.228038779145095,0.2657404500561686,0.0036036987026634715
3371,34.228038779145095,0.21328101669904387,0.007347518875154724
3372,51.075674220117456,0.7514016648117205,0.0212944218865245
3373,34.228038779145095,0.22907961052860265,0.009137097647440973
3374,74.28609502861364,1.5504759832649833,0.008747207327420492
3375,85.5158823176707,1.6961010809234933,0.023855397861039983
3376,74.55579499999702,1.6035373170106986,0.01576975943727276
3377,34.228038779145095,0.25189980161574316,0.008465699433784557
3378,53.386550849147135,0.9037557737672255,0.019282904113609875
3379,34.228038779145095,0.2556877685573333,0.008602184576855909
3380,34.228038779145095,0.26989264458829626,0.010145508808716397
3381,53.386550849147135,0.8899147571258945,0.003110907114631835
3382,53.386550849147135,0.6873532293493003,0.0730602422315876
3383,34.228038779145095,0.23697890744338207,0.008243126902899411
3384,53.386550849147135,0.8700987938294219,0.018338936996991448
3385,74.28609502861364,1.4749233104362545,0.00954719307128582
3386,67.06675955489015,1.4411645144389382,0.00945569213455023
3387,53.386550849147135,0.9550073352845034,0.0013246766596549664
3388,53.386550849147135,0.8315556590819093,0.01883373813813314
3389,34.228038779145095,0.28010479870785343,0.0048183688013976045
3390,54.59621800084979,1.4414468131019706,0.008151910490543302
3391,85.5158823176707,2.638819278485529,0.11598270846651099
3392,85.5158823176707,1.7350162574838666,0.023277436608421475
3393,74.28609502861364,1.5444383690437715,0.008278365501081398
3394,74.28609502861364,1.5036171977324508,0.020167469607581763
3395,53.386550849147135,0.8428109832690945,0.019542475978651663
3396,53.386550849147135,0.8145391123340239,0.018675458437954366
3397,34.228038779145095,0.2608962231020197,0.003656944070629331
3398,53.386550849147135,0.785072614579578,0.018933668215048154
3399,53.386550849147135,0.811437156390622,0.018756900789296427
3400,69.09157770441035,2.1156719932507535,0.05728014495326355
3401,74.28609502861364,1.5176455601207084,0.008586352452187983
3402,53.386550849147135,0.8458806416662424,0.018410544653871028
3403,34.228038779145095,0.26989264458829626,0.005236174069885469
3404,85.5158823176707,1.8414184817067814,0.02256098660787247
3405,53.386550849147135,0.771816047981585,0.018313519082438424
3406,34.228038779145095,0.24913167192765806,0.005367346929630201
3407,53.386550849147135,0.9057002440443163,0.0017203712509592448
3408,53.386550849147135,0.8775694994732705,0.016583242504935924
3409,67.5780457173139,1.489170663295146,0.009634425892284915
3410,53.386550849147135,0.7953588783537746,0.016994176397499255
3411,53.386550849147135,0.8069051466187797,0.015805530856300445
3412,34.228038779145095,0.29688190904712586,0.0007103787914536919
3413,74.28609502861364,1.412407464316907,0.01081986057373242
3414,85.5158823176707,1.7597232110524574,0.021242226644943085
3415,34.228038779145095,0.2574360609919133,0.0008860274311459637
3416,18.999088782769817,0.8807143645000483,0.03429903248948095
3417,53.386550849147135,0.8880356384555026,0.0015587047189422054
3418,53.386550849147135,0.8613157380026333,0.02729390427609546
3419,53.386550849147135,0.9782073428862554,0.03130629656938683
3420,85.5158823176707,2.0195558071125292,0.01862744442814423
3421,53.386550849147135,0.8836812743930322,0.02775616999377738
3422,34.228038779145095,0.2590969388047644,0.0004732531310232546
3423,74.28609502861364,1.4896919139651272,0.010934542073830045
3424,53.386550849147135,0.6774143075020129,0.08114226664011942
3425,85.5158823176707,1.6611375069234078,0.021941348894243106
3426,74.28609502861364,1.4936860684960915,0.01061223486191971
3427,74.80389229948489,1.4333028848805216,0.009282016186615472
3428,34.228038779145095,0.2590969388047644,0.0007974246880314007
3429,74.28609502861364,1.5288838049995244,0.00921527961461115
3430,34.228038779145095,0.24290338012946663,0.002045283685450705
3431,34.228038779145095,0.28125654541306666,0.0006669597452318987
3432,53.386550849147135,0.9809730311893545,0.027946928971093393
3433,53.386550849147135,0.9219146443805186,0.028932399817987894
3434,52.107010408462735,0.8648652834716691,0.026511786561038465
3435,34.228038779145095,0.23864191732017773,0.002420707492383267
3436,74.28609502861364,1.4925896656933149,0.00931609455370629
3437,34.228038779145095,0.2211803136138233,0.001145896599926699
3438,53.386550849147135,0.8456536758707788,0.028625930262028938
3439,34.228038779145095,0.24487820435816146,0.00019115233128885745
3440,53.386550849147135,0.9367415972508163,0.02623179584087431
3441,53.386550849147135,0.9440073272668676,0.027487109262091504
3442,74.28609502861364,1.5153006435648446,0.008783279091705731
3443,75.43439028419168,1.6423099914199841,0.020314554261187223
3444,74.28609502861364,1.6901122894604472,0.04316494434641617
3445,34.228038779145095,0.2574360609919133,0.00022447872344116826
3446,74.28609502861364,1.5217728959681818,0.007981593013197374
3447,53.386550849147135,0.8832412547404835,0.001852302861383201
3448,53.386550849147135,0.8632084351013684,0.0017481214309707227
3449,53.386550849147135,0.8319828723829089,0.013744349038967318
3450,34.228038779145095,0.26421069417591103,0.0012760099910979483
3451,67.17740792009613,1.5340521324920176,0.007197996038461596
3452,34.228038779145095,0.23697890744338207,0.0029252095243499365
3453,34.228038779145095,0.22907961052860265,0.005199418795754668
3454,47.40050247318693,1.0475810857967844,0.02201740776279444
3455,59.2015354688682,1.4800628492518282,0.006754110934994939
3456,85.5158823176707,1.6859897112986069,0.021001443192435597
3457,53.386550849147135,0.9042170671089329,0.0220392057247301
3458,34.228038779145095,0.23480660079181773,0.0032053875982364366
3459,53.386550849147135,1.0230424641378115,0.020896038129466547
3460,53.386550849147135,0.9615709056739781,0.017323461519751164
3461,53.386550849147135,0.9313104004779977,0.017595479583908148
3462,85.5158823176707,1.7152786366603485,0.020552969191240944
3463,53.386550849147135,0.9751003103727776,0.01975364248335707
3464,52.107010408462735,0.9732433844032875,0.02345714450334281
3465,53.386550849147135,0.8880105382615912,0.02295200987679004
3466,53.386550849147135,0.8620141864778282,0.022559980071542203
3467,53.386550849147135,1.0133868718189236,0.01899952439715849
3468,74.28609502861364,1.5642838103471033,0.007091278673650503
3469,53.386550849147135,0.9997185024796352,0.02140211381737136
3470,53.386550849147135,0.9446316743775599,0.02260934344308544
3471,53.386550849147135,0.856681286966852,0.0024523956206390918
3472,40.775603417211656,1.7614635803042016,0.020983893014925935
3473,52.107010408462735,0.7472401312994348,0.01081673602064074
3474,53.386550849147135,0.8572542451555913,0.02297111283206109
3475,85.5158823176707,1.7629948958663246,0.02060043575317183
3476,51.075674220117456,0.9349146880802951,0.02171524738549887
3477,74.80389229948489,1.4944523975872084,0.006837957800927774
3478,53.386550849147135,0.8478518014106169,0.021460913615988182
3479,53.386550849147135,1.006844660184496,0.020937136677665155
3480,74.28609502861364,1.5300945307209923,0.0071618204111931535
3481,77.3273092895354,1.7680902290759182,0.01962245644130567
3482,53.386550849147135,0.8823926400783799,0.019625795315261638
3483,53.386550849147135,0.9418791796866287,0.020513454102503485
3484,34.228038779145095,0.26989264458829626,0.004919363900117907
3485,74.28609502861364,1.6372155015272671,0.007840538075389192
3486,74.28609502861364,1.616750406204938,0.021940325879884353
3487,34.228038779145095,0.28576868250525483,0.008049546363507049
3488,30.443323215219685,1.3920418706477953,0.06555835457601876
3489,34.228038779145095,0.27135152374823296,0.00942499470485511
3490,53.386550849147135,0.913765971446895,0.021870844785431803
3491,34.228038779145095,0.23252289379914753,0.011127454722064889
3492,53.386550849147135,0.9055787567555588,0.020026898679849255
3493,74.28609502861364,1.3968785994425867,0.009764687777587511
3494,34.228038779145095,0.28010479870785343,0.013240685725240176
3495,53.386550849147135,0.7987622657969341,0.014476288321365917
3496,34.228038779145095,0.24290338012946663,0.011422451770259245
3497,74.28609502861364,1.4642885806760537,0.009022443045401373
3498,74.28609502861364,1.7366541898917454,0.027405272801590608
3499,74.28609502861364,1.5160148526463024,0.00932345080062269
3500,53.386550849147135,0.8866467585721466,0.0021435561583700025
3501,53.386550849147135,0.8808298833954928,0.01974397601197244
3502,34.228038779145095,0.22907961052860265,0.008403664250690057
3503,53.386550849147135,0.7636815691568344,0.022724483520319784
3504,74.28609502861364,1.5546606508394334,0.008588580730159445
3505,53.386550849147135,0.9445477903955115,0.02300187145654345
3506,34.228038779145095,0.28010479870785343,0.010789274301002849
3507,34.228038779145095,0.24290338012946663,0.009216181488445663
3508,74.28609502861364,1.6350392980772437,0.06232640853790981
3509,53.386550849147135,0.7782024904376819,0.07522415204446459
3510,74.28609502861364,1.5622978277426098,0.00985125196307889
3511,34.228038779145095,0.24290338012946663,0.007800397957144212
3512,51.075674220117456,0.9143258056634929,0.02138678568296136
3513,53.386550849147135,0.943741013749819,0.008577579611961102
3514,34.228038779145095,0.2878854875608493,0.011024403522111148
3515,74.28609502861364,1.479814315322558,0.009023571624271708
3516,53.386550849147135,0.9537769632078434,0.01849143085185217
3517,85.5158823176707,1.7686242770996672,0.019288202122878607
3518,74.28609502861364,1.4459276023467942,0.008804740841121362
3519,34.228038779145095,0.2878854875608493,0.007020358161429763
3520,34.228038779145095,0.26835040090493456,0.007968454504308553
3521,74.28609502861364,1.5363576796447207,0.02881991725864034
3522,74.28609502861364,1.466340434811038,0.007532759285015289
3523,34.228038779145095,0.2211803136138233,0.011035331074397914
3524,53.386550849147135,0.8754229691610779,0.0300434249859498
3525,11.571932550388198,0.8964335759178892,0.002029092695704768
3526,85.5158823176707,2.4806297752603066,0.10304438877738371
3527,53.386550849147135,0.977209743200114,0.017410763268361676
3528,53.386550849147135,0.9161648191965903,0.014946082596506538
3529,34.228038779145095,0.24913167192765806,0.011000384156094861
3530,70.52855882186266,1.7440734735987422,0.018534431878287648
3531,34.228038779145095,0.27135152374823296,0.012153783149015635
3532,34.228038779145095,0.2888580736674738,0.008149690748561311
3533,47.034398687182744,1.8362828865730731,0.018200909150710244
3534,53.386550849147135,0.9554936129864581,0.01657660603572029
3535,74.28609502861364,1.5028862613602905,0.008601576891439788
3536,52.107010408462735,0.9076101006902869,0.017562308662270203
3537,34.228038779145095,0.26989264458829626,0.006442550496070176
3538,85.5158823176707,1.7370113230534856,0.018556255467516623
3539,74.28609502861364,1.57665549346904,0.009365670850377716
3540,74.28609502861364,1.5315234462268332,0.030027116405137368
3541,74.28609502861364,1.3446387330211187,0.0283806466537025
3542,34.228038779145095,0.26989264458829626,0.004906124268828138
3543,53.386550849147135,0.9629722884020839,0.0174979926830671
3544,53.386550849147135,0.9722171640377827,0.016491117873990213
3545,74.28609502861364,1.406197481085526,0.008480101503218696
3546,74.28609502861364,1.5298045064028554,0.007028507674833151
3547,53.386550849147135,0.9690615913680072,0.026358584990284744
3548,34.228038779145095,0.2878854875608493,0.007597579743718441
3549,53.386550849147135,0.8029746994369236,0.018893768635241427
3550,11.571932550388198,0.9058940238060673,0.015084131866497479
3551,53.386550849147135,0.8200460924415505,0.003025839639274268
3552,74.28609502861364,1.4856621724458858,0.006731200756488165
3553,53.386550849147135,0.9370065652808107,0.014319321487218366
3554,34.228038779145095,0.2538449738289921,0.006615838297933996
3555,34.228038779145095,0.25277750127294085,0.005625523741122851
3556,34.228038779145095,0.2606767981877203,0.005164324776662621
3557,53.386550849147135,0.8934643705297785,0.013153773155434909
3558,74.28609502861364,1.5301590239690273,0.006219489205070117
3559,74.28609502861364,1.512431735942525,0.006136115529225106
3560,34.228038779145095,0.2556877685573333,0.004564068403971833
3561,53.386550849147135,0.9249787303483546,0.012992315788998655
3562,53.386550849147135,0.9942440861811495,0.011330108488765075
3563,53.386550849147135,0.9682362929097319,0.009270510325781522
3564,34.228038779145095,0.24082728286340283,0.006133940868389365
3565,34.228038779145095,0.24716484293875554,0.004741417571109907
3566,74.28609502861364,1.5201780685857518,0.006525922820464358
3567,53.386550849147135,0.9581552819142106,0.007236687512661842
3568,34.228038779145095,0.23864191732017773,0.0026358540417005805
3569,53.386550849147135,0.7593596592774433,0.013479543585155573
3570,53.386550849147135,1.0547672902584155,0.007289820820008362
3571,53.386550849147135,1.0201370530751621,0.008847539082076208
3572,53.386550849147135,0.8910852118295772,0.008084443143608303
3573,42.30027523148546,1.684550264779699,0.01780365940262869
3574,34.228038779145095,0.2556877685573333,0.002562690690283309
3575,74.28609502861364,1.867216227039504,0.03908079223440714
3576,34.228038779145095,0.2556877685573333,0.002496843674007765
3577,53.386550849147135,0.9966798561358754,0.010320599511702694
3578,18.999088782769817,0.9280123312210751,0.009367840984673567
3579,53.386550849147135,0.9929204494764702,0.007828665303790075
3580,34.228038779145095,0.22421850473489227,0.005584507741603906
3581,73.92873723364684,1.4098849422008826,0.006201825903828828
3582,67.19082799162216,1.5802914963683623,0.00828059006780103
3583,11.571932550388198,0.9606806737523692,0.008410622137730306
3584,53.386550849147135,0.8843267184178722,0.008095165133351373
3585,53.386550849147135,0.7442968388851279,0.01842863968753211
3586,34.228038779145095,0.2590969388047644,0.005735002713594228
3587,53.386550849147135,1.0085216168816307,0.008200304775849022
3588,74.28609502861364,1.4877261936386428,0.008548117123065645
3589,53.386550849147135,0.944539641741088,0.006070983788607924
3590,78.36452103815242,2.547944030228168,0.09191454972408863
3591,53.386550849147135,0.9050141950422445,0.0061756345975395865
3592,74.28609502861364,1.374763142604857,0.0070356453067794145
3593,74.28609502861364,1.425205733998933,0.007699383339281452
3594,85.5158823176707,1.62163404930013,0.018898035827573212
3595,42.30027523148546,1.6777411754823044,0.045179741238681306
3596,34.228038779145095,0.23011899170159997,0.002972653478069076
3597,34.228038779145095,0.24913167192765806,0.00238780718870224
3598,34.228038779145095,0.24290338012946663,0.0032982173100813417
3599,53.386550849147135,0.8847830909318267,0.005106750082521774
3600,53.386550849147135,0.9285358950579493,0.004421073788883276
3601,52.107010408462735,0.94482834538725,0.0033021509904294297
3602,53.386550849147135,0.7214195522506324,0.011350709067850247
3603,74.28609502861364,1.6148474532333132,0.00562052677956848
3604,44.15061630320437,1.4758788135095169,0.006434907251346278
3605,59.16369355320243,1.5339030857154903,0.005869426323686722
3606,34.228038779145095,0.23133655250425392,0.005274269181843788
3607,53.386550849147135,0.8577985696914497,0.0021826666655872726
3608,53.386550849147135,0.739759795430573,0.010793006628450029
3609,85.5158823176707,1.6109951282045283,0.020607184787975096
3610,34.228038779145095,0.2510001594671155,0.00508635517014383
3611,74.28609502861364,1.5793685660848404,0.0075858679346553215
3612,34.228038779145095,0.23480660079181773,0.0031274863961296417
3613,34.228038779145095,0.24716484293875554,0.003341895438435688
3614,53.386550849147135,0.899701130301222,0.003502204752659638
3615,74.28609502861364,1.5326144834857471,0.006399128305269642
3616,74.28609502861364,1.5020442862032537,0.006261118714030544
3617,53.386550849147135,0.878421605160227,0.004274554978243084
3618,73.23727178301611,1.4882031282281796,0.00586369876271301
3619,34.228038779145095,0.2788890660745728,0.0003624412629293916
3620,53.386550849147135,0.9657619241811624,0.00468258458304098
3621,53.386550849147135,1.023219500809217,0.003049926608097102
3622,53.386550849147135,0.9311513360953388,0.003651163827248463
3623,53.386550849147135,0.927844445119931,0.004166387198852907
3624,74.28609502861364,1.334173078193483,0.025399965129205948
3625,53.386550849147135,0.9883966377341831,0.005760659959548546
3626,11.571932550388198,0.7545285952239185,0.009333790610460642
3627,74.28609502861364,1.485315559378009,0.0067082421307397165
3628,74.28609502861364,1.506930134446762,0.006152943364133157
3629,85.5158823176707,1.5659183052941437,0.020641324581578458
3630,53.386550849147135,0.9755578593484175,0.006049891901452165
3631,34.228038779145095,0.24290338012946663,0.0005908626999184818
3632,18.999088782769817,0.9682950487745317,0.007128685321709544
3633,53.386550849147135,0.931917357587298,0.006228809273318134
3634,34.228038779145095,0.2625982487886126,0.0005206505994330146
3635,34.228038779145095,0.22907961052860265,0.0018308512571516555
3636,34.228038779145095,0.25277750127294085,0.001901203534944107
3637,74.28609502861364,1.6167183099017595,0.03315865515707302
3638,53.386550849147135,0.9587812698948999,0.004532752891473264
3639,53.386550849147135,0.8803805178211371,0.0025934662483458673
3640,74.28609502861364,1.4429198420374263,0.006494367677808799
3641,65.59687254908131,1.9426410493047923,0.10270563471585947
3642,85.5158823176707,1.659648246772427,0.019199275175831955
3643,74.28609502861364,1.4036776836345035,0.00761149745848122
3644,74.28609502861364,1.3974897167832092,0.03309491670865823
3645,53.386550849147135,0.8940207841845671,0.004622365033376652
3646,74.28609502861364,1.5100274434457313,0.007083362595566023
3647,51.075674220117456,0.9136305413903348,0.002552084884393041
3648,85.5158823176707,1.6133750896268697,0.018359303118365023
3649,53.386550849147135,0.9146308817222356,0.005430794460046795
3650,53.386550849147135,0.919311737729668,0.00549342463114641
3651,85.5158823176707,1.7423821247664126,0.019100972542749096
3652,34.228038779145095,0.20820289725382857,0.056422985155787544
3653,56.057807171621974,1.4500570277208624,0.007030267838489734
3654,85.5158823176707,1.7709733969582842,0.02021425302699902
3655,34.228038779145095,0.2625982487886126,0.0029465953365245268
3656,74.28609502861364,1.60991617852597,0.038741713371305574
3657,85.5158823176707,1.8153737074050609,0.044651811678387616
3658,34.228038779145095,0.26421069417591103,0.001549838642719903
3659,34.228038779145095,0.24716484293875554,0.0019973427420112433
3660,53.386550849147135,0.8453796966852928,0.0033872462162050365
3661,53.386550849147135,0.9942848818482264,0.003379521170144492
3662,53.386550849147135,0.7674442556766824,0.024851144874818223
3663,34.228038779145095,0.23864191732017773,0.0005425622165901034
3664,85.5158823176707,1.737747909836591,0.01991969674278009
3665,53.386550849147135,0.7082112382180086,0.08601495181244491
3666,74.28609502861364,1.409902565973231,0.0049789917801708605
3667,74.28609502861364,1.460851519908306,0.00464829151805346
3668,34.228038779145095,0.24290338012946663,0.0003405939753600151
3669,85.5158823176707,1.7830722121025302,0.020609587087738235
3670,85.5158823176707,1.576498811892909,0.026579010785251128
3671,34.228038779145095,0.22670982145416885,0.002107661862460891
3672,85.5158823176707,1.8330326410001456,0.02224775055254391
3673,34.228038779145095,0.22907961052860265,0.004074113209056318
3674,53.386550849147135,0.9976638625596804,0.004494936127472572
3675,34.228038779145095,0.27273361979448885,0.006262296602803419
3676,53.386550849147135,0.9442008262557641,0.061738271936015846
3677,34.228038779145095,0.2657404500561686,0.007532344683343795
3678,53.386550849147135,0.871884416975332,0.002996110446693269
3679,53.386550849147135,0.9567907776789496,0.005563194785038923
3680,53.386550849147135,1.020796086136448,0.003108982589526868
3681,53.386550849147135,0.8711532123755963,0.0037185237850236863
3682,34.228038779145095,0.2888580736674738,0.010987150316960625
3683,53.386550849147135,0.8689618133687194,0.0020916849658162984
3684,67.06675955489015,1.6457555517131022,0.0307132617737503
3685,74.28609502861364,1.550780769092148,0.00586731426142455
3686,34.228038779145095,0.27135152374823296,0.008529765206933465
3687,84.98303524608936,1.6990849579709262,0.02321114923444596
3688,85.5158823176707,1.708146104384121,0.055771393038503904
3689,53.386550849147135,0.9554911705652342,0.003775573890738189
3690,34.228038779145095,0.24716484293875554,0.008736786688856774
3691,74.28609502861364,1.5294455859007912,0.007414524972859804
3692,17.08822427197352,0.8918512333215362,0.004154273669514354
3693,53.386550849147135,0.7286714490774283,0.009080941911965484
3694,34.228038779145095,0.2606767981877203,0.007571910497691292
3695,74.28609502861364,1.5390980050133534,0.007960821299747045
3696,74.28609502861364,1.4297809902800886,0.0065343588574031
3697,53.386550849147135,1.0088405194499348,0.006450058217424726
3698,34.228038779145095,0.24082728286340283,0.0058781564875393655
3699,53.386550849147135,0.8879099365755899,0.00687757653898164
3700,47.40050247318693,1.0597242750170517,0.0088991721690945
3701,34.228038779145095,0.24082728286340283,0.0043537778784026315
3702,34.228038779145095,0.24487820435816146,0.0033869292796554484
3703,53.386550849147135,0.9649355063241567,0.010351424221461132
3704,34.228038779145095,0.2590969388047644,0.0024965266459021085
3705,34.228038779145095,0.24913167192765806,0.002051709663979273
3706,74.28609502861364,1.3949356394152057,0.007707442939648923
3707,85.5158823176707,2.129854172154985,0.0456636448643705
3708,53.386550849147135,0.9723008584145724,0.008563139772138892
3709,85.5158823176707,1.7125153843458496,0.025010142681896698
3710,34.228038779145095,0.21861304211651997,0.0014004886008650574
3711,34.228038779145095,0.2888580736674738,0.005177964457514006
3712,53.386550849147135,0.9220925891415088,0.009110790230278332
3713,53.386550849147135,0.8700828727183936,0.0020502173217794573
3714,34.228038779145095,0.26421069417591103,0.0037251776899348
3715,53.386550849147135,0.9057452434415186,0.009412326089772695
3716,74.28609502861364,1.4989841981407226,0.0075746256432894675
3717,74.28609502861364,1.5953268120136659,0.007276603478340049
3718,34.228038779145095,0.21861304211651997,0.00697743480505264
3719,53.386550849147135,0.6842563872285925,0.0827410191986096
3720,30.443323215219685,1.4452052646043658,0.008180252098338326
3721,85.5158823176707,1.84925492986324,0.02293317309808718
3722,65.02631501439497,1.022986584344096,0.025862884132554394
3723,34.228038779145095,0.2556877685573333,0.006196993564577369
3724,34.228038779145095,0.23011899170159997,0.003722813638974032
3725,53.386550849147135,0.9846528988900414,0.009918106603505672
3726,53.386550849147135,0.9679103386033134,0.008789907129471912
3727,53.386550849147135,0.8715465634200213,0.0014868640441440609
3728,74.28609502861364,1.4783895872161763,0.007300939204726076
3729,53.386550849147135,0.6804548704562369,0.04205933349770786
3730,34.228038779145095,0.2211803136138233,0.0006021838971533855
3731,67.32855090385505,1.5604985101570512,0.026598945972734482
3732,53.386550849147135,0.8946089515649069,0.008919225611476914
3733,85.5158823176707,1.5729362040145287,0.022843642024134046
3734,74.28609502861364,1.5234551222709052,0.00834109211153039
3735,34.228038779145095,0.26421069417591103,0.0009525057811321513
3736,34.228038779145095,0.24290338012946663,0.0002209950869446753
3737,74.28609502861364,1.478842174012478,0.007400374267417997
3738,86.51961588596775,1.5473211042827382,0.018656755902546986
3739,74.28609502861364,1.2933930854452078,0.03439527716548757
3740,34.228038779145095,0.24913167192765806,0.00018546464199509227
3741,74.28609502861364,1.4854110178662998,0.00824919051348283
3742,74.28609502861364,1.5361948040890365,0.009286887704213053
3743,85.5158823176707,1.6034636086379375,0.02450928513491992
3744,74.28609502861364,1.4492891835335444,0.010019224962093787
3745,34.228038779145095,0.29688190904712586,0.004928510953487286
3746,85.5158823176707,1.1527580880980937,0.034431063309265535
3747,34.228038779145095,0.2538449738289921,0.004470611699608995
3748,53.386550849147135,0.8554248544439627,0.0067226100789643944
3749,53.386550849147135,0.7609347005371481,0.012234889362120983
3750,34.228038779145095,0.2590969388047644,0.004960856355715804
3751,34.228038779145095,0.2211803136138233,0.00781521304874222
3752,53.386550849147135,0.9112140977531775,0.009822459678425863
3753,73.92873723364684,1.5264358526661128,0.027408628477765713
3754,53.386550849147135,0.8735426836533356,0.0020347353255260048
3755,34.228038779145095,0.2390477709210624,0.008597388341742063
3756,34.228038779145095,0.23011899170159997,0.00614081382192172
3757,73.92873723364684,1.4722796105118432,0.009773761379921076
3758,34.228038779145095,0.2510001594671155,0.006018013530634969
3759,53.386550849147135,0.898127811076043,0.009844671893769127
3760,74.28609502861364,1.5688469012900819,0.010985298627374306
3761,34.228038779145095,0.2510001594671155,0.005907493268476893
3762,53.386550849147135,0.8940919571456734,0.009274680050154097
3763,74.28609502861364,1.4835756622839678,0.010972970905141922
3764,44.97358937566312,1.719029745874107,0.02243188902745876
3765,53.386550849147135,0.9469767598094012,0.009850345199920472
3766,53.386550849147135,0.9456920139045122,0.011102799582643381
3767,53.386550849147135,1.0193677446663916,0.012172308512061324
3768,53.386550849147135,0.9939937275028805,0.013544263858602114
3769,53.386550849147135,0.9456158629339075,0.0025076251501456176
3770,53.386550849147135,0.9086230846858536,0.03505894726744336
3771,53.386550849147135,1.0563919299891718,0.009666974784680288
3772,34.228038779145095,0.2625982487886126,0.006967833964684367
3773,85.5158823176707,1.7850686213562654,0.020403091367923443
3774,74.28609502861364,1.5038065220455037,0.010534534149686548
3775,34.228038779145095,0.29688190904712586,0.011350506617122391
3776,53.386550849147135,0.9062706918978886,0.01325595008789527
3777,85.5158823176707,1.7464680233362944,0.032165749954272044
3778,53.386550849147135,0.8978634096441432,0.0017486547818649015
3779,75.55966956977605,1.5323286932528195,0.010244678474227687
3780,34.228038779145095,0.2606767981877203,0.011674400918376071
3781,85.5158823176707,1.7725538347811671,0.018633028038772315
3782,85.5158823176707,1.417942433744311,0.0868350972614916
3783,74.28609502861364,1.510101748426801,0.010033681286162721
3784,85.5158823176707,1.702555852802886,0.01833219306130838
3785,74.28609502861364,1.4098106713151766,0.01017768675697962
3786,74.28609502861364,1.4204686965944662,0.008003806240216516
3787,34.228038779145095,0.2657404500561686,0.009709090768565326
3788,74.28609502861364,1.2786444664386392,0.021269395122927044
3789,85.5158823176707,1.6733804278340236,0.019122997410039044
3790,34.228038779145095,0.2606767981877203,0.01000059563969366
3791,74.28609502861364,1.4289079224505274,0.0065976621394150505
3792,45.745354561493194,1.8099607345893682,0.01623036549372896
3793,34.228038779145095,0.23697890744338207,0.007893160949275307
3794,53.386550849147135,0.9649648214817689,0.0018506928686483418
3795,74.28609502861364,1.4727677395048102,0.025921752310938934
3796,34.228038779145095,0.2211803136138233,0.01058039545868017
3797,53.386550849147135,0.9975435246531376,0.012269123815443102
3798,53.386550849147135,0.9815996848765065,0.012807676885097617
3799,53.386550849147135,0.9141478609025026,0.012589681288209545
3800,34.228038779145095,0.29611078720544504,0.005505859157982351
3801,53.386550849147135,0.9659220653922266,0.01282376889442123
3802,34.228038779145095,0.24290338012946663,0.004201615205214282
3803,67.19082799162216,1.573681280363566,0.020226403187797764
3804,34.228038779145095,0.2510001594671155,0.0038374735814878935
3805,85.5158823176707,1.7061858748954775,0.051284303327223946
3806,53.386550849147135,0.8610012887943772,0.0007150885945683277
3807,53.386550849147135,1.002929421669358,0.013353142219093256
3808,85.5158823176707,1.6965170678932275,0.015355957098927875
3809,74.28609502861364,1.5517265925741726,0.006011367500303888
3810,74.28609502861364,1.8375296761407125,0.04361286112811567
3811,34.228038779145095,0.2657404500561686,0.0023074246257875353
3812,74.80389229948489,1.7746395664320962,0.022492405530249823
3813,53.386550849147135,0.9026957677407802,0.000556766243632878
3814,53.386550849147135,0.8949284388167035,0.00190840297586619
3815,53.386550849147135,1.0051942668917084,0.01372577280504321
3816,34.228038779145095,0.23697890744338207,0.0038065348269358257
3817,74.28609502861364,1.4731899338900118,0.006309916499733492
3818,42.30027523148546,1.5633953995072052,0.015058507291802203
3819,53.386550849147135,0.9209340956356238,0.013454536489583467
3820,17.08822427197352,1.0526111349351668,0.013831771812764376
3821,34.228038779145095,0.23697890744338207,0.002076682163208776
3822,53.386550849147135,0.9939881586563376,0.014797932588015539
3823,53.386550849147135,0.9438014104802694,0.014029111848811865
3824,75.43439028419168,1.689407072238521,0.01504371478803963
3825,53.386550849147135,0.8880582211374881,0.07286113127634214
3826,53.386550849147135,1.014253256571275,0.011893445091386713
3827,53.386550849147135,0.9114679069710182,0.010723883135813364
3828,76.24396276203835,1.8285079854267514,0.016698664335016322
3829,53.386550849147135,0.9469767598094012,0.010382641973774191
3830,34.228038779145095,0.23480660079181773,0.0003025841006980001
3831,34.228038779145095,0.24290338012946663,0.0010593360131230245
3832,34.228038779145095,0.27135152374823296,0.003117140052504852
3833,78.36452103815242,1.5465724776272727,0.028981310807764588
3834,53.386550849147135,0.9889497277343439,0.00945923430355644
3835,85.5158823176707,1.5883703287967477,0.019011917474975815
3836,53.386550849147135,0.7676139423980498,0.007998666746930255
3837,85.5158823176707,1.7237175339276298,0.04322958384859806
3838,34.228038779145095,0.24716484293875554,0.0033720704927584777
3839,52.107010408462735,0.8526368434863041,0.08023774827200755
3840,22.85425355011386,1.5038654092721542,0.006281272204858257
3841,34.228038779145095,0.23697890744338207,0.0046201014385240935
3842,53.386550849147135,0.8876348519308805,0.007763796913008297
3843,53.386550849147135,0.9196639694782778,0.006723435046440594
3844,53.386550849147135,0.7027058657867098,0.012288321567132998
3845,34.228038779145095,0.24082728286340283,0.0034197009854847193
3846,34.228038779145095,0.26421069417591103,0.00467768170900007
3847,53.386550849147135,0.9258196707467413,0.006963880688277385
3848,34.228038779145095,0.2211803136138233,0.0015068263039551277
3849,34.228038779145095,0.2556877685573333,0.0007591680437490644
3850,74.28609502861364,1.5206082183228178,0.018394177228150045
3851,74.28609502861364,1.3710931716158208,0.007315352946737752
3852,53.386550849147135,0.9069354331348654,0.006397030269838622
3853,53.386550849147135,0.857506215298069,0.0019274390317148074
3854,28.742898753680976,1.5033671961153936,0.008374462614812516
3855,51.075674220117456,1.0001278826850366,0.00634683090523569
3856,53.386550849147135,1.0063519032688029,0.007721939565833377
3857,53.386550849147135,0.9761263451466423,0.007447173155023176
3858,35.81746966628673,1.670355801122252,0.016685588489332038
3859,34.228038779145095,0.26421069417591103,0.002208436235417388
3860,53.386550849147135,0.9085250261110782,0.007875272292097064
3861,53.386550849147135,0.845415667393875,0.008924997722386911
3862,45.745354561493194,1.7854389702608295,0.018219782398425876
3863,34.228038779145095,0.26421069417591103,0.000683251239374183
3864,76.24396276203835,1.8210427137615817,0.019076264013048804
3865,34.228038779145095,0.23252289379914753,0.002479364780611615
3866,53.386550849147135,0.7343346989487136,0.012153026658235547
3867,53.386550849147135,0.9645432955319112,0.008512691383430478
3868,85.5158823176707,1.7210271443133573,0.05712297348770649
3869,53.386550849147135,0.9028270847454004,0.008473563154051691
3870,34.228038779145095,0.2510001594671155,0.002462652682233557
3871,53.386550849147135,0.8901980330383045,0.008065882220443688
3872,34.228038779145095,0.23864191732017773,0.0034672525172442237
3873,74.28609502861364,1.5014022295487095,0.00855438209385142
3874,61.60690030563822,1.5536166549899146,0.016940369120487554
3875,53.386550849147135,0.8644718702302746,0.008793295722816771
3876,53.386550849147135,0.9814824515193813,0.007777185697934737
3877,53.386550849147135,0.7854747462944572,0.006330083809146986
3878,34.228038779145095,0.24290338012946663,0.0026425336949391087
3879,74.28609502861364,1.6071450351432988,0.07230606633614117
3880,74.28609502861364,1.6378340410919157,0.06780698838154567
3881,74.28609502861364,1.4669703269523735,0.008303074878428029
3882,53.386550849147135,0.9471546881978302,0.015625108596325016
3883,34.228038779145095,0.23011899170159997,0.004398966108306479
3884,34.228038779145095,0.2538449738289921,0.0047508785381844
3885,53.386550849147135,1.0357379335975867,0.005424163930546913
3886,84.73927044164576,1.7315774297230577,0.016380219606208012
3887,74.28609502861364,1.2870181653372863,0.02789109991206199
3888,34.228038779145095,0.29688190904712586,0.009371293246887902
3889,85.5158823176707,2.0855026426986383,0.03475837737831063
3890,34.228038779145095,0.2574360609919133,0.008220375489887216
3891,74.28609502861364,1.499839912208952,0.008079035986946648
3892,34.228038779145095,0.22907961052860265,0.01002019455491765
3893,53.386550849147135,0.8871094667211478,0.005586607255836228
3894,53.386550849147135,0.9801062904192929,0.005900896334562637
3895,34.228038779145095,0.2788890660745728,0.012379283495495497
3896,85.5158823176707,1.7152653540754315,0.016775333650327507
3897,74.28609502861364,1.512562923582646,0.060367423853371203
3898,85.5158823176707,1.6259169581168553,0.026782406373810456
3899,34.228038779145095,0.27273361979448885,0.009633719727434292
3900,34.228038779145095,0.23480660079181773,0.010955414236446304
3901,53.386550849147135,0.9714866991579173,0.005251447214256667
3902,53.386550849147135,0.9303806922782529,0.004764872881708501
3903,53.386550849147135,0.9879536854756169,0.005029417198502174
3904,53.386550849147135,0.9829759421929072,0.005481339041337491
3905,53.386550849147135,0.907350908044826,0.006350626785854983
3906,53.386550849147135,0.9333077261899493,0.0058487746543340186
3907,21.094964197374097,1.5038654092721542,0.00848255601583312
3908,71.10083875851291,1.4854598746171215,0.009609222135996187
3909,16.90104219167365,1.527455404454943,0.009522904222363626
3910,34.228038779145095,0.2211803136138233,0.013507568012356558
3911,34.228038779145095,0.24290338012946663,0.012032179464365994
3912,74.28609502861364,1.456692699277205,0.009855553066805333
3913,53.386550849147135,0.9765702527777451,0.004985492062343992
3914,74.28609502861364,1.4644312120164407,0.025196456362383247
3915,74.28609502861364,1.4424742538811415,0.009437481236311718
3916,53.386550849147135,1.0451806460605853,0.0043388421592299095
3917,17.08822427197352,0.7099257021344443,0.07327242469069353
3918,56.241137942709265,1.5347240360923378,0.010926543746499229
3919,53.386550849147135,0.9198020111831018,0.0037390326691261397
3920,34.228038779145095,0.26421069417591103,0.010026079806476462
3921,34.228038779145095,0.22907961052860265,0.007315853153198548
3922,53.386550849147135,0.9074000538501528,0.0033743348001550044
3923,34.228038779145095,0.25277750127294085,0.00724643823968224
3924,74.28609502861364,1.4802338567723023,0.010426912379145625
3925,74.28609502861364,1.5714266931964236,0.009808745139110831
3926,53.386550849147135,0.9159617733280772,0.004413307417905854
3927,34.228038779145095,0.23011899170159997,0.008850118795012768
3928,74.28609502861364,1.6011727392222093,0.009632309898084602
3929,53.386550849147135,0.907544417098855,0.004363708334155066
3930,34.228038779145095,0.21861304211651997,0.005371199457206016
3931,34.228038779145095,0.2211803136138233,0.007708379765781148
3932,34.228038779145095,0.2211803136138233,0.004834079511485401
3933,34.228038779145095,0.24487820435816146,0.0045677527147691965
3934,53.386550849147135,0.8945348699563457,0.003670594445126067
3935,45.745354561493194,1.6739854768340545,0.015414443806297019
3936,34.228038779145095,0.2556877685573333,0.005431627980254039
3937,85.5158823176707,1.6997613982155348,0.015820705752674226
3938,74.28609502861364,1.4738991878948806,0.009732965478377441
3939,34.228038779145095,0.27135152374823296,0.007775491238280335
3940,53.386550849147135,0.8692151087820581,0.06327527310606525
3941,53.386550849147135,0.9363050566829463,0.004282830055236192
3942,77.50864521140944,1.6996935173303376,0.03778490022457663
3943,53.386550849147135,0.8899241347073304,0.0051543376305769745
3944,34.228038779145095,0.25189980161574316,0.006833637395477599
3945,85.5158823176707,1.4948418923003481,0.04980174780204473
3946,53.386550849147135,0.9255772130916565,0.005411399022108507
3947,34.228038779145095,0.2606767981877203,0.00787564177165001
3948,74.28609502861364,0.9596320037207062,0.023990800093017656
3949,85.5158823176707,1.7304447233119813,0.015162869221057251
3950,85.5158823176707,1.476826112166843,0.0237767466523129
3951,53.386550849147135,0.8998503027834649,0.004232997703904104
3952,74.28609502861364,1.4881075948759663,0.009041182673944959
3953,85.5158823176707,2.594514719918648,0.0762704702857652
3954,53.386550849147135,0.9460629340876598,0.004044739296877084
3955,65.59687254908131,1.4674435310019485,0.02975663826707219
3956,85.5158823176707,1.641917386283838,0.012782166067767919
3957,85.5158823176707,1.8256359244788323,0.010111268407671603
3958,53.386550849147135,0.9442906311764062,0.0033151786439712394
3959,53.386550849147135,0.9621458705450784,0.0036325594494228883
3960,85.5158823176707,1.7040206284342865,0.03934937184783779
3961,47.40050247318693,0.9242505872485445,0.004487331578989964
3962,53.386550849147135,0.8684125329753206,0.004000684824838438
3963,85.5158823176707,1.6503963477231574,0.010848175314439734
3964,53.386550849147135,0.9370687000279244,0.004584598377537809
3965,53.386550849147135,0.9283545842430392,0.0045373485585898585
3966,53.386550849147135,0.9499657178731385,0.0038075063874730836
3967,51.075674220117456,0.9569889989844008,0.004032367609430015
3968,22.85425355011386,1.509501314267319,0.04943956931196344
3969,34.228038779145095,0.23697890744338207,0.006443656635771372
3970,49.08463058548499,1.6683224320359322,0.009685499971395251
3971,74.28609502861364,1.5546071473293772,0.009474302200800833
3972,85.5158823176707,1.5113476948617715,0.05331259840778994
3973,53.386550849147135,0.9347404850803659,0.003354053813631748
3974,53.386550849147135,0.8716913179040938,0.003951211740204061
3975,74.28609502861364,1.4345970495234102,0.008414201588521542
3976,73.92873723364684,1.5100976417332532,0.057816923256507745
3977,71.10083875851291,1.5339071583952217,0.01609581215032681
3978,34.228038779145095,0.2556877685573333,0.007025756124875715
3979,53.386550849147135,0.9372517363739246,0.0032789655505595858
3980,74.28609502861364,1.5281643360388417,0.015403382982098517
3981,53.386550849147135,0.8646328760018255,0.0029401512458502935
3982,34.228038779145095,0.2538449738289921,0.005983570445028341
3983,53.386550849147135,1.0089196005178307,0.0038540059023372403
3984,34.228038779145095,0.2740448391204239,0.008343167041531319
3985,53.386550849147135,0.8970740117762241,0.0033243878839004787
3986,85.5158823176707,1.7537722635142434,0.009778782134737974
3987,53.386550849147135,0.8891777547920882,0.002690475424957206
3988,34.228038779145095,0.28010479870785343,0.011072799937126954
3989,85.5158823176707,2.559512863174467,0.08069088781590315
3990,34.228038779145095,0.22670982145416885,0.008189971817794572
3991,34.228038779145095,0.26421069417591103,0.0062154326712400565
3992,34.228038779145095,0.23252289379914753,0.004202194598338788
3993,74.28609502861364,1.21712459994981,0.027894038149486416
3994,53.386550849147135,0.933792641500119,0.002738336657142036
3995,53.386550849147135,0.9069984123152496,0.002735648109281459
3996,53.386550849147135,0.8538429915180155,0.004614701039678877
3997,53.386550849147135,0.9800408029952307,0.004866783214364352
3998,53.386550849147135,0.8739294877358241,0.005729221945687583
3999,51.075674220117456,0.9230150814814844,0.005517733030461783
4000,84.98303524608936,2.7338631693836972,0.08577797995389248
4001,53.386550849147135,0.9480777418590111,0.0048633888250475266
4002,74.28609502861364,1.68545478656204,0.012812182015657758
4003,53.386550849147135,0.8427342342910646,0.004517414700059376
4004,74.28609502861364,1.5672344180236502,0.014261558685507252
4005,34.228038779145095,0.2788890660745728,0.007026897560270168
4006,34.228038779145095,0.2625982487886126,0.005411056867100944
4007,34.228038779145095,0.23864191732017773,0.006352433390092116
4008,74.28609502861364,1.4864639430145155,0.008856260614805234
4009,74.28609502861364,1.4850461784736781,0.010388607628158408
4010,74.28609502861364,1.5062143786772044,0.045053196756931396
4011,53.386550849147135,0.9114503385453117,0.004336029117050111
4012,34.228038779145095,0.215914115670637,0.002597171015436772
4013,74.28609502861364,1.4683346488284712,0.010353741971959828
4014,53.386550849147135,0.8730081642935146,0.0033756175746202308
4015,53.386550849147135,0.8746730829569019,0.0033966619791890515
4016,74.28609502861364,1.483758081980279,0.009959726150401504
4017,53.386550849147135,0.8862964420975333,0.00234450144189869
4018,53.386550849147135,0.9713318089315005,0.0020770151295942466
4019,52.107010408462735,0.9421965562481415,0.0021103538004000957
4020,34.228038779145095,0.28125654541306666,0.0008170529231600332
4021,53.386550849147135,0.9659006121586817,0.0027336773267105513
4022,74.28609502861364,1.494997524459536,0.009251040750447892
4023,53.386550849147135,0.9487306602482724,0.0023037763191992716
4024,53.386550849147135,0.8864089869038786,0.002688059597849221
4025,53.386550849147135,0.8342775625410781,0.0022493635090158476
4026,74.28609502861364,1.5341039932504075,0.009363126510861585
4027,34.228038779145095,0.25277750127294085,0.0005104505001194415
4028,53.386550849147135,0.9202081140425638,0.003481868914959989
4029,34.228038779145095,0.2450916988693717,0.001003088559739851
4030,85.5158823176707,1.651476022329236,0.009865219932413339
4031,85.5158823176707,1.7111919957848334,0.058034120160123694
4032,53.386550849147135,0.9474533026903111,0.003120980988083062
4033,74.28609502861364,1.4784022548474427,0.00866436079830991
4034,85.5158823176707,1.5080217292194324,0.056138595382292246
4035,74.28609502861364,1.455073278859489,0.008587250355733322
4036,74.28609502861364,1.450310580012319,0.009162676733752751
4037,74.28609502861364,1.0779431620809599,0.039972892415805275
4038,74.28609502861364,1.669364228187432,0.08715692864015176
4039,23.820663218168878,1.4244797304618966,0.010309328766083403
4040,34.228038779145095,0.24716484293875554,0.000666719857045861
4041,85.5158823176707,1.6509664834008786,0.00794873833363372
4042,74.28609502861364,0.9765867595107736,0.016329840449011885
4043,53.386550849147135,0.8800605297151721,0.0036784699363446235
4044,65.02631501439497,0.8448442184482684,0.029414701087935313
4045,34.228038779145095,0.27135152374823296,0.002782656105569048
4046,85.5158823176707,2.0690889697613573,0.04530579048777121
4047,85.5158823176707,1.662591465758898,0.007818341025922581
4048,53.386550849147135,0.9980693352647183,0.005376833311187157
4049,53.386550849147135,0.8794713640286378,0.005083800296530001
4050,34.228038779145095,0.2510001594671155,0.0026351842994530306
4051,53.386550849147135,0.9392490738290933,0.0037484773831782253
4052,34.228038779145095,0.2590969388047644,0.0033140684287770172
4053,74.28609502861364,1.4706548808748665,0.009593164167214951
4054,85.5158823176707,1.7059180283057134,0.009015581274568163
4055,53.386550849147135,0.9632759010247623,0.0040195578653289404
4056,53.386550849147135,0.9512731227956359,0.0034784023435584163
4057,53.386550849147135,0.9224862462559394,0.002955828514512017
4058,85.5158823176707,1.804121458785369,0.00923761181546463
4059,53.386550849147135,0.9221936585587526,0.0032786691480930497
4060,53.386550849147135,0.9524525242214744,0.00254867326772288
4061,53.386550849147135,0.864495689627406,0.004458502549767124
4062,34.228038779145095,0.2574360609919133,0.003758976363883504
4063,85.5158823176707,1.632751401074215,0.010418091567521204
4064,74.28609502861364,1.4349501006566459,0.009314440133674972
4065,34.228038779145095,0.24913167192765806,0.0038131004923248335
4066,53.386550849147135,0.7104297539139871,0.07404919543664853
4067,34.228038779145095,0.2788890660745728,0.0008860727932305523
4068,74.28609502861364,1.63801467990677,0.07719588983102973
4069,34.228038779145095,0.2510001594671155,0.0010406385247914152
4070,53.386550849147135,1.0412405162767449,0.005259155662520033
4071,53.386550849147135,0.9531023446004213,0.005008813974085827
4072,34.228038779145095,0.2608962231020197,0.0001901413197057944
4073,77.40028695971672,1.5987362284888769,0.011035366223973542
4074,53.386550849147135,0.7785627052014379,0.011872893419963573
4075,34.228038779145095,0.2776038630051047,0.002246070155179747
4076,53.386550849147135,1.039145996032502,0.005641676175111979
4077,74.28609502861364,1.3931370712302136,0.008079879284002268
4078,34.228038779145095,0.2538449738289921,0.002062771564965482
4079,34.228038779145095,0.27135152374823296,0.003648457825696727
4080,85.5158823176707,1.7431396661160856,0.022752116409181743
4081,74.28609502861364,1.514869034090707,0.009122007067969461
4082,34.228038779145095,0.27273361979448885,0.005213785064980436
4083,53.386550849147135,0.9612556386234695,0.005764483677775434
4084,85.5158823176707,1.7484209096760712,0.010503036647647646
4085,53.386550849147135,0.9882026960402988,0.007029796661077781
4086,34.228038779145095,0.24082728286340283,0.006474245736235618
4087,74.28609502861364,1.4887034612848087,0.008994845417741726
4088,85.00469075485182,1.643963920081846,0.011551793597830961
4089,51.075674220117456,0.9651560439002677,0.006664256676633888
4090,53.386550849147135,0.8807882501325331,0.006121379021275401
4091,53.386550849147135,0.8760287790648374,0.0037633577964281822
4092,34.228038779145095,0.25189980161574316,0.0057996584337163815
4093,34.228038779145095,0.2363384239097513,0.003636392090849927
4094,85.5158823176707,1.6483660099891204,0.011621096408588305
4095,74.28609502861364,1.5354345152580056,0.010391215155637956
4096,34.228038779145095,0.2625982487886126,0.002593710102458624
4097,85.5158823176707,1.766086089791536,0.011916584199127177
4098,53.386550849147135,0.9935983120537931,0.005681342720980996
4099,53.386550849147135,0.9253996564675271,0.005560886321292105
4100,34.228038779145095,0.26421069417591103,0.001494051774176608
4101,85.5158823176707,2.6132106669640525,0.08537940807194168
4102,53.386550849147135,0.9151412931370951,0.0053243037912833815
4103,53.386550849147135,0.7331111758403596,0.07123641692874122
4104,85.5158823176707,2.4068323271891363,0.08316375670096911
4105,53.386550849147135,0.8999636358754362,0.006024399663805503
4106,53.386550849147135,0.9465159893402941,0.006177670387890591
4107,34.228038779145095,0.27273361979448885,0.0031866316540705153
4108,53.386550849147135,0.9746708489202756,0.004767127855087552
4109,74.28609502861364,1.5571893517890514,0.010593536967322504
4110,53.386550849147135,0.9988074493939006,0.0035370487251642005
4111,53.386550849147135,0.9846528988900414,0.0022771571585613326
4112,74.28609502861364,1.4889553462534173,0.01038803486319594
4113,75.02584316813994,1.5855086431975665,0.011648867874681812
4114,34.228038779145095,0.2538449738289921,0.002821088949425399
4115,85.5158823176707,1.1559867084935165,0.030905755468195732
4116,53.386550849147135,0.9505903710242615,0.0010995285806196936
4117,85.5158823176707,1.6581699627893647,0.011203549682869606
4118,74.28609502861364,1.6068804859321082,0.06123285202846633
4119,74.28609502861364,1.508166098979924,0.009245355784766035
4120,74.28609502861364,1.8776200508061722,0.12532788041506207
4121,74.28609502861364,1.4401352963525567,0.009643584472290866
4122,84.98303524608936,1.83062886419216,0.010059052541999213
4123,53.386550849147135,0.9140983802896951,0.004413994936829611
4124,34.228038779145095,0.24487820435816146,0.0015954235681617246
4125,53.386550849147135,0.969456420720538,0.0016442826857291579
4126,74.28609502861364,1.7207741945516122,0.015371523832659445
4127,53.386550849147135,0.8583169900743616,0.001936002035688035
4128,53.386550849147135,0.913078955001946,0.0025485848897865704
4129,67.33143696835899,1.5674049108954384,0.007609887568403528
4130,34.228038779145095,0.26421069417591103,0.0006057310727078935
4131,53.386550849147135,0.8658577955220981,0.00238834114193609
4132,34.228038779145095,0.2211803136138233,0.0028671568448632723
4133,34.228038779145095,0.23697890744338207,0.004412896587721427
4134,53.386550849147135,0.8840372992072119,0.003330989959681438
4135,85.5158823176707,2.618293994329137,0.1172248916492224
4136,53.386550849147135,0.8608320108822886,0.0239530051541558
4137,67.17740792009613,1.4613906241374106,0.007269659952786578
4138,34.228038779145095,0.27273361979448885,0.006155912395487628
4139,74.28609502861364,1.4831377407954132,0.007260323728338491
4140,51.075674220117456,0.9349020111102712,0.004101950682155443
4141,73.92873723364684,1.0934168066339731,0.0330231382533383
4142,53.386550849147135,0.8833631486540491,0.0032919694592817225
4143,53.386550849147135,0.8817409717713152,0.003410136254822907
4144,53.386550849147135,0.9708133672287133,0.07723706643794562
4145,74.28609502861364,1.5050548657509488,0.007980031428533863
4146,67.12920186219202,1.4999927233916703,0.008011608090670298
4147,74.28609502861364,1.3272170234267409,0.018105523138704647
4148,34.228038779145095,0.2762430597550797,0.0036206629328902062
4149,53.386550849147135,0.8970412242888669,0.0040355640802308
4150,53.386550849147135,0.9201694644875648,0.0032607368661536906
4151,53.386550849147135,0.9158259167019271,0.0026520416997760157
4152,67.33143696835899,1.5743057115818033,0.008250304831360989
4153,53.386550849147135,0.93873367367264,0.002723078072928334
4154,34.228038779145095,0.2657404500561686,0.004490060186047751
4155,74.28609502861364,1.5604406353256104,0.017867161120383224
4156,34.228038779145095,0.2574360609919133,0.004089035546026687
4157,85.5158823176707,2.5271876968562847,0.10172361742718272
4158,53.386550849147135,0.965722231099682,0.003063231220856409
4159,34.228038779145095,0.25189980161574316,0.0034874282298259507
4160,44.97358937566312,1.8021677961155291,0.011585016628424972
4161,53.386550849147135,0.9614572048094061,0.0023112360892233452
4162,74.28609502861364,0.9934030310291802,0.008018531589501374
4163,34.228038779145095,0.2608962231020197,0.0027804898427963853
4164,53.386550849147135,0.7585398017944776,0.008223170244195034
4165,85.5158823176707,1.7007778152814532,0.010644634377438811
4166,74.28609502861364,1.0999327037103517,0.03782840408941688
4167,74.28609502861364,1.5696820735330075,0.016072660015682888
4168,53.386550849147135,0.9798251842375036,0.003056575957339547
4169,53.386550849147135,0.9052953012240338,0.003248648179372822
4170,85.5158823176707,1.738263350761307,0.009696760516172787
4171,53.386550849147135,0.7243645705861673,0.011040961022724158
4172,53.386550849147135,0.9927246703192442,0.0025555866068230834
4173,85.5158823176707,1.627941610792698,0.008635274980209218
4174,53.386550849147135,0.9673353737322132,0.0026907566081462234
4175,74.28609502861364,1.5582969574049896,0.015113937699156966
4176,53.386550849147135,0.7340567432277691,0.042637471937213796
4177,34.228038779145095,0.2625982487886126,0.0033088879755026612
4178,85.5158823176707,1.6651053687369635,0.053333354716926996
4179,11.571932550388198,0.8286939316737243,0.07665459847042234
4180,53.386550849147135,0.9330099117653016,0.00281336218736751
4181,74.28609502861364,1.439047219496982,0.006340573684980056
4182,57.51471248387166,1.3957906185167603,0.030325040576100627
4183,53.386550849147135,0.8860541517914613,0.0029057959923083562
4184,53.386550849147135,0.7557170351408897,0.011875588878777828
4185,34.228038779145095,0.2608962231020197,0.0036142437262789984
4186,74.28609502861364,1.3886036874889127,0.006155850901724691
4187,45.45468315454352,2.0760611992345015,0.04488156352468383
4188,53.386550849147135,0.7213488409354079,0.06694651151056759
4189,53.386550849147135,0.9354277154367163,0.003408059904092084
4190,53.386550849147135,0.9258885824865393,0.002659111422229868
4191,34.228038779145095,0.2450916988693717,0.0023086114787129186
4192,34.228038779145095,0.25277750127294085,0.0024842391132942065
4193,18.999088782769817,0.874708903542628,0.002793964032767861
4194,74.28609502861364,2.0023218901522233,0.14910163610940655
4195,53.386550849147135,0.8060978696019547,0.0018139143942260127
4196,85.5158823176707,1.7549646288938885,0.009137547927919232
4197,34.228038779145095,0.2556877685573333,0.002368777059280902
4198,74.28609502861364,1.4049737894167964,0.007637264262853605
4199,53.386550849147135,0.9057452434415186,0.003077629431100855
4200,74.28609502861364,1.5190004567788447,0.0077235647754475
4201,53.386550849147135,0.9153887754876462,0.0026858641822172166
4202,53.386550849147135,0.9283244384580422,0.0026208743531922485
4203,53.386550849147135,0.8496472397488083,0.0017933548755503653
4204,74.28609502861364,1.5141009978126103,0.007004694993563554
4205,34.228038779145095,0.2538449738289921,0.0024200946747989227
4206,53.386550849147135,0.9265856922387005,0.0031238624413134908
4207,53.386550849147135,0.8890795557047784,0.003528150055622639
4208,53.386550849147135,0.8841800731876233,0.08669865676366784
4209,34.228038779145095,0.25189980161574316,0.0019373821320279316
4210,53.386550849147135,0.9158989146107543,0.003649105394887553
4211,85.5158823176707,1.7017963386274269,0.008749717078005892
4212,77.4504953967894,1.5997937861499687,0.007093914319961847
4213,34.228038779145095,0.2608962231020197,0.0012784430586913476
4214,53.386550849147135,0.8927180380873133,0.004507601954364331
4215,85.5158823176707,1.8134292738654234,0.007052017807967092
4216,74.28609502861364,1.4183147272267789,0.008231072501892644
4217,34.228038779145095,0.2657404500561686,0.0022280666142400207
4218,34.228038779145095,0.27135152374823296,0.0005894913836158033
4219,74.28609502861364,1.3743841835254034,0.009506502647229843
4220,53.386550849147135,1.0040387610506785,0.0025429934997521497
4221,53.386550849147135,0.87860508888045,0.004149765810784398
4222,74.28609502861364,1.47042775075123,0.010132817520128345
4223,53.386550849147135,0.9545249788590447,0.004467301627181106
4224,72.8693051368456,1.4569230513804619,0.009274031972380092
4225,85.5158823176707,2.3456560106113153,0.09435424903137406
4226,72.8693051368456,1.4871520287701097,0.009784899533999868
4227,74.80389229948489,1.447347878820205,0.010615207667687476
4228,86.4210817870416,1.688829880672089,0.006589476225664659
4229,53.386550849147135,0.9191746287653094,0.009473525874715477
4230,53.386550849147135,0.9388818491936316,0.003875001752950566
4231,53.386550849147135,0.9876649818294551,0.004849620069819961
4232,53.386550849147135,0.8907493667719277,0.005655682473909102
4233,53.386550849147135,0.8795264279697724,0.005656568347142003
4234,53.386550849147135,0.9922770777242658,0.006443962616701354
4235,74.80389229948489,1.440955114268619,0.010289488186326145
4236,34.228038779145095,0.23864191732017773,0.0023857343188595226
4237,86.4210817870416,1.6143765481305903,0.05091508796899692
4238,23.820663218168878,1.4848920517531197,0.010765016601032318
4239,74.80389229948489,1.5100510608909583,0.010020086207192113
4240,34.228038779145095,0.27135152374823296,0.0007313923177733606
4241,17.08822427197352,0.9650183756172895,0.006109137181609804
4242,53.386550849147135,0.9511052024805139,0.0060007027063287005
4243,34.228038779145095,0.2590969388047644,0.0009217023926267331
4244,53.386550849147135,0.9056431052819935,0.006717256585588499
4245,53.386550849147135,1.036723431974232,0.006472908906461634
4246,53.386550849147135,0.8883625723482418,0.005420759957043962
4247,86.4210817870416,1.9791015133810594,0.057228950338947225
4248,34.228038779145095,0.2574360609919133,0.0009268936787096282
4249,74.80389229948489,1.623980616186019,0.011208887175266812
4250,34.228038779145095,0.2538449738289921,0.0011886408696561435
4251,86.4210817870416,1.7347555916858943,0.056861344114874306
4252,53.386550849147135,0.9871272676186112,0.005962334038970653
4253,53.386550849147135,1.0330521297995106,0.006423336233002293
4254,74.55439748602603,1.5475478004646188,0.011143574396822509
4255,85.88398993781685,1.7525274548289507,0.006842616068260687
4256,74.80389229948489,1.503453142645374,0.01112497238821103
4257,86.0763975231175,1.8144364558305779,0.007074098756610114
4258,53.386550849147135,0.9673353737322132,0.005228850146435635
4259,71.4343164839831,1.9475044076262316,0.04626658480867914
4260,85.88398993781685,1.7837533034294215,0.007909925258955397
4261,86.4210817870416,1.720905841531364,0.00880773102038881
4262,53.386550849147135,0.9024367134483569,0.002175312483671768
4263,86.0763975231175,1.8043513448113622,0.009577058010510097
4264,34.228038779145095,0.28125654541306666,0.0035753614692460856
4265,53.386550849147135,0.9243639211273199,0.004071026568267147
4266,53.386550849147135,0.9591146972602029,0.0031329259347826904
4267,34.228038779145095,0.26421069417591103,0.004018824885161476
4268,53.386550849147135,0.9905530278287934,0.003939721884760446
4269,34.228038779145095,0.22907961052860265,0.0009048335947545172
4270,64.8298692040631,1.64730521201695,0.028239759795430298
4271,28.81385915549273,1.6386139376289361,0.010576756796020792
4272,53.386550849147135,0.9046483339919327,0.003648218100482499
4273,52.107010408462735,0.8993873739991716,0.004368703851400119
4274,47.08620663269212,1.4957503980192204,0.023246769819011342
4275,53.386550849147135,0.7032417772943648,0.07103241042038781
4276,86.4210817870416,1.5518737137923917,0.009826428863293879
4277,85.88398993781685,1.5955877627558754,0.011045534942428058
4278,53.386550849147135,0.880112938105614,0.001239816810759728
4279,62.60340176826698,1.7769594678015261,0.010246345158089443
4280,74.80389229948489,1.5731002834955672,0.010167792696929112
4281,53.386550849147135,1.0139973812937038,0.00613768597170633
4282,74.55439748602603,1.4974377396120273,0.010027033835829901
4283,85.88398993781685,1.5663609477086735,0.011918568264335327
4284,53.386550849147135,0.9435994562753485,0.002302563536757861
4285,74.80389229948489,1.4364181383286165,0.010341384749795263
4286,53.386550849147135,0.9155918587528147,0.0013577905927407985
4287,74.55439748602603,1.9067336224850195,0.04211220440047457
4288,85.88398993781685,1.5999909125141976,0.034832459810302197
4289,74.80389229948489,1.3817791436425455,0.010794897017020022
4290,34.228038779145095,0.23697890744338207,0.0028270127051673866
4291,53.386550849147135,0.8700010080902719,0.0049195913214722595
4292,34.228038779145095,0.2450916988693717,0.0037456947619400327
4293,53.386550849147135,0.9782376755795352,0.004613113094831395
4294,51.075674220117456,0.9187077058274266,0.005133597281110042
4295,34.228038779145095,0.24716484293875554,0.0043651942060969895
4296,74.55439748602603,1.5729488036157626,0.00929332265360342
4297,53.386550849147135,0.9990633769187124,0.006331476745772183
4298,53.386550849147135,0.7475784087811549,0.014795487966933703
4299,85.88398993781685,2.253851353294126,0.029880468506537302
4300,34.228038779145095,0.2590969388047644,0.0037295341192373765
4301,47.40050247318693,0.880730660272958,0.0019755512007949005
4302,53.386550849147135,0.6648162618246203,0.06160862171805542
4303,68.06916287481404,1.5371588678569807,0.007484850585053849
4304,53.386550849147135,0.9505928134454851,0.005880204622616708
4305,59.67335297547062,1.3425163532019382,0.008484471271670124
4306,53.386550849147135,0.9023176632514636,0.005581163244730958
4307,86.4210817870416,1.687772731091422,0.01238811877277939
4308,68.27032545401102,1.4545851012638698,0.007827571979037506
4309,53.386550849147135,0.9061749477877614,0.006232565642088905
4310,74.80389229948489,1.4847389713481267,0.007222370337856732
4311,34.228038779145095,0.2888580736674738,0.00018132655479280446
4312,34.228038779145095,0.23864191732017773,0.00200955538152231
4313,74.55439748602603,1.53256127092303,0.008666673310452056
4314,34.228038779145095,0.2606767981877203,0.0014514732388246077
4315,74.80389229948489,1.3813060479970176,0.009991793867496457
4316,34.228038779145095,0.25189980161574316,0.0018268989675943592
4317,53.386550849147135,0.9870900169583547,0.0049061212250829656
4318,53.386550849147135,0.8550001569177035,0.0010118980937182803
4319,74.55439748602603,1.494703464963981,0.010545193206198112
4320,34.228038779145095,0.24913167192765806,0.002441595092295634
4321,74.80389229948489,1.0166848492985734,0.023084837492569954
4322,85.88398993781685,1.6836855647066329,0.012329707382534472
4323,23.820663218168878,1.8784909394577827,0.1437117505857537
4324,85.88398993781685,1.5261047312456038,0.012390590047400063
4325,53.386550849147135,0.9801620182282454,0.003667953355369437
4326,34.228038779145095,0.27135152374823296,0.0007728364224693363
4327,85.88398993781685,2.5131650261263605,0.08321184633445898
4328,53.386550849147135,0.9498935187025271,0.00386731183611088
4329,85.88398993781685,1.7060754521830224,0.010703401756930454
4330,53.386550849147135,0.7782172194136041,0.018972487568573303
4331,53.386550849147135,0.9866367508496522,0.002282913465832752
4332,53.386550849147135,0.9568656965853773,0.0029254903413070896
4333,74.80389229948489,1.2726360251238678,0.012803590983228261
4334,74.55439748602603,1.5227267267043951,0.01148553146674145
4335,53.386550849147135,1.0611944388019448,0.00403069624984026
4336,34.228038779145095,0.2450916988693717,0.00042854690482002633
4337,53.386550849147135,0.8965054531700871,0.004037253486428707
4338,85.88398993781685,1.6744616036346125,0.00999900472469124
4339,53.386550849147135,0.8583447605557794,0.0057947220704677935
4340,74.80389229948489,1.1322659208754509,0.028306648021886274
4341,11.571932550388198,1.0181114560591513,0.007272451499461867
4342,53.386550849147135,0.931917357587298,0.006279705514359114
4343,30.080100132284855,1.4241372049523702,0.010956621784855403
4344,53.386550849147135,0.8968895002240664,0.006537450948337194
4345,53.386550849147135,1.0373446844809657,0.007093061661927684
4346,53.386550849147135,1.056621413579508,0.007026495802914777
4347,34.228038779145095,0.2878854875608493,0.0027695869697673126
4348,74.55439748602603,1.925218487817466,0.14016325349523168
4349,53.386550849147135,1.0105750424016744,0.0059736676274544445
4350,53.386550849147135,0.9473689706016464,0.005371687852969952
4351,53.386550849147135,0.8442421601641715,0.006717029424903147
4352,74.80389229948489,1.4404379789404598,0.011466057729286928
4353,53.386550849147135,0.8993108937482671,0.0016088344809408114
4354,34.228038779145095,0.24290338012946663,0.001149696713757642
4355,53.386550849147135,0.9359231672273388,0.0067621410611800326
4356,53.386550849147135,1.0077348921061051,0.004808066160304013
4357,85.88398993781685,1.5993211131657545,0.009212078140299052
4358,67.19082799162216,1.8755736974096326,0.15017210384364105
4359,68.27032545401102,1.479588976269157,0.011401105269032697
4360,74.55439748602603,1.5732402685126237,0.011939967177520794
4361,53.386550849147135,0.898127811076043,0.0041802930466947885
4362,34.228038779145095,0.2625982487886126,0.0016612823492635487
4363,34.228038779145095,0.26989264458829626,0.0028511490011872143
4364,34.228038779145095,0.27135152374823296,0.004067916903912172
4365,34.228038779145095,0.24082728286340283,0.0056184581895514785
4366,34.228038779145095,0.23864191732017773,0.0034425886591984423
4367,74.80389229948489,1.1361092832178394,0.026178281974776594
4368,53.386550849147135,0.9744185999824783,0.004140165980569051
4369,34.228038779145095,0.24082728286340283,0.0048380758162738235
4370,11.017570185382127,1.0135687710317514,0.005221700819603693
4371,34.228038779145095,0.27135152374823296,0.00304159016915867
4372,74.80389229948489,1.4939715973920435,0.011854682952217522
4373,11.571932550388198,0.8427867193294493,0.004511452963835795
4374,34.228038779145095,0.21861304211651997,0.006698601249926328
4375,51.075674220117456,0.9102893733925759,0.019025638415633046
4376,34.228038779145095,0.2878854875608493,0.009664675696675729
4377,34.228038779145095,0.2211803136138233,0.012699258519636297
4378,18.999088782769817,0.9696854173771828,0.00458477575137408
4379,34.228038779145095,0.22421850473489227,0.009002027239115057
4380,85.88398993781685,1.6199311937019676,0.009024401973400487
4381,51.075674220117456,0.9564210955683234,0.0036057404395666223
4382,34.228038779145095,0.2625982487886126,0.007591358262300618
4383,85.88398993781685,1.5689219170226418,0.014633234376254012
4384,34.228038779145095,0.2608962231020197,0.006491958751826898
4385,53.386550849147135,0.9383410575524882,0.004479045583826287
4386,17.08822427197352,0.9848614322308354,0.00353189543414803
4387,53.386550849147135,0.9857537467896733,0.004405411640956709
4388,53.386550849147135,0.8603284346392731,0.021508210865981828
4389,53.386550849147135,0.8622293407966038,0.002284234413579757
4390,51.075674220117456,0.9792062619750705,0.004859386657670474
4391,71.2422991595891,1.4886925869730463,0.012128008765355181
4392,34.228038779145095,0.2211803136138233,0.00947409014122022
4393,74.55439748602603,1.5224663385784938,0.012464798507948748
4394,34.228038779145095,0.2556877685573333,0.008707262897323209
4395,53.386550849147135,0.886676796741189,0.00502132804043251
4396,53.386550849147135,0.9917392703887166,0.006239382442666787
4397,34.228038779145095,0.21328101669904387,0.012257793563644842
4398,34.228038779145095,0.26989264458829626,0.009792108374409081
4399,53.386550849147135,0.7574148844220074,0.023668384438039577
4400,34.228038779145095,0.2606767981877203,0.008494576344154486
4401,74.80389229948489,1.5046327415119543,0.012727226384033858
4402,34.228038779145095,0.2776038630051047,0.010505604018706621
4403,74.55439748602603,1.6022354595753683,0.011814841468096615
4404,53.386550849147135,0.8301082948001545,0.003676279161038777
4405,53.386550849147135,1.0052339599731888,0.008254324028710076
4406,74.80389229948489,1.0099998018001777,0.01793551815976534
4407,34.228038779145095,0.24913167192765806,0.009468309818058879
4408,74.80389229948489,1.5020955670374985,0.013002092365511354
4409,44.91759130531876,1.7058282281579404,0.013315773881728507
4410,85.88398993781685,2.7053062412390254,0.09105388742520777
4411,74.55439748602603,1.3680573287386533,0.013112766177237334
4412,53.386550849147135,0.9597484455582455,0.007935572387018489
4413,53.386550849147135,0.8836107013931194,0.00912409440319957
4414,53.386550849147135,0.8762550105571332,0.00929857620954675
4415,53.386550849147135,0.9247396147936625,0.009784138613991744
4416,74.80389229948489,1.509475052919858,0.01283537239293433
4417,85.69168412826731,1.696700962643368,0.007712523870050658
4418,34.228038779145095,0.2590969388047644,0.009531271725186558
4419,74.80389229948489,1.546972149212177,0.013703388184769693
4420,74.55439748602603,1.3726070511341115,0.014128777013542381
4421,51.075674220117456,0.9367254590990213,0.009280156429980216
4422,74.80389229948489,1.6022999528234032,0.01585702122791226
4423,53.386550849147135,1.0065643299056237,0.008286780700772732
4424,53.386550849147135,0.9182392342074266,0.006478532797462883
4425,74.80389229948489,1.5486132513710893,0.014136364006088786
4426,34.228038779145095,0.27273361979448885,0.007157810737280557
4427,53.386550849147135,0.975005208631717,0.008159549653419147
4428,34.228038779145095,0.2590969388047644,0.006385363947137623
4429,74.55439748602603,1.5301191498440505,0.013236532493023978
4430,53.386550849147135,0.9623310670451569,0.008343786557847219
4431,34.228038779145095,0.24913167192765806,0.005445502975841898
4432,34.228038779145095,0.2788890660745728,0.007575367516367226
4433,53.386550849147135,0.9003109723281261,0.009261792085938872
4434,74.80389229948489,1.6643797102548263,0.07076309868189096
4435,34.228038779145095,0.2788890660745728,0.00949224560284001
4436,53.386550849147135,0.9038990862066556,0.008026667205708451
4437,34.228038779145095,0.2590969388047644,0.008797043491711343
4438,34.228038779145095,0.2657404500561686,0.0075070104665551085
4439,74.80389229948489,1.4899976030637123,0.01292324942912303
4440,53.386550849147135,0.8698936494524674,0.00963799914641749
4441,53.386550849147135,1.0151001202136065,0.010381121320234943
4442,74.80389229948489,1.5742065309987692,0.01302942125263613
4443,34.228038779145095,0.27273361979448885,0.00861665611637219
4444,85.88398993781685,2.1174151050926993,0.08988712676398809
4445,85.88398993781685,2.531582404319685,0.08432931687863447
4446,53.386550849147135,1.0225481518060076,0.010789719770375468
4447,53.386550849147135,0.872510778648484,0.010180093880076686
4448,34.228038779145095,0.22670982145416885,0.005012957367175608
4449,11.571932550388198,0.8911497247236717,0.010547060460217701
4450,74.28609502861364,1.524975127796594,0.0134341417495079
4451,53.386550849147135,0.9229891833459217,0.004641852527173501
4452,74.55439748602603,1.631125667263586,0.06116214773002844
4453,53.386550849147135,0.9074957979602799,0.01093308103788549
4454,53.386550849147135,0.887696241429916,0.004644860967940902
4455,34.228038779145095,0.24290338012946663,0.006135634637205234
4456,53.386550849147135,0.8832883630097341,0.004048332280396853
4457,74.80389229948489,1.474681783108768,0.013572129597054871
4458,53.386550849147135,0.8248458383756463,0.009976360049278842
4459,67.06675955489015,1.4336189038233986,0.013569002208484005
4460,34.228038779145095,0.2590969388047644,0.006131017497987834
4461,34.228038779145095,0.27273361979448885,0.004158403074512262
4462,74.80389229948489,1.5408408425540776,0.014060229214374243
4463,74.55439748602603,1.4198700244903018,0.01256945443983617
4464,74.80389229948489,1.435621176310056,0.011998258498984393
4465,74.80389229948489,1.5316320605805414,0.011654023089383703
4466,53.386550849147135,0.9265383950412551,0.02747735874591982
4467,53.386550849147135,0.9606647028877435,0.009757193548406082
4468,51.075674220117456,0.8366989675422318,0.0119718636262331
4469,53.386550849147135,0.9038248694644446,0.011401309527233096
4470,34.228038779145095,0.2740448391204239,0.005649037680782565
4471,53.386550849147135,0.8605623786685997,0.010347936095814546
4472,53.386550849147135,0.7609992694149497,0.018687968138063685
4473,85.69168412826731,1.7968484463967611,0.07183046049893987
4474,85.88398993781685,1.6590469447157314,0.006517225680912686
4475,74.80389229948489,1.528591193552681,0.012189169188538296
4476,74.80389229948489,0.9557500972454309,0.012421628069752617
4477,53.386550849147135,0.8949506872089543,0.010494978898076733
4478,53.386550849147135,0.7988213502194739,0.06589960838563111
4479,74.55439748602603,1.4245214740510053,0.01049717259667704
4480,85.69168412826731,2.3726932720783305,0.07747403050259463
4481,53.386550849147135,0.9134061048504868,0.004315996210647967
4482,53.386550849147135,0.8746012510854332,0.004799844591004208
4483,85.88398993781685,1.4857765175623436,0.045515467560010306
4484,53.386550849147135,0.9712923792675286,0.012032316540804194
4485,53.386550849147135,0.9347007919988858,0.011276876917713431
4486,85.88398993781685,1.7046489371752869,0.0065283108527703915
4487,53.386550849147135,0.773540092739393,0.02233758633756284
4488,53.386550849147135,0.8934286496339532,0.004521827671990164
4489,53.386550849147135,0.9838309938775447,0.011302951056721904
4490,34.228038779145095,0.2625982487886126,0.0048872218002421475
4491,53.386550849147135,0.914778498154268,0.011368089685077992
4492,74.80389229948489,1.5390725817778521,0.00923060033717361
4493,53.386550849147135,0.7916421604530797,0.017648480959631903
4494,74.80389229948489,1.5092599834464406,0.007973312827807676
4495,74.80389229948489,1.4787121061823048,0.009076897340156731
4496,53.386550849147135,1.054210871160192,0.011299552081867482
4497,62.65143271470428,1.8365515659436265,0.008891749249939296
4498,53.386550849147135,0.9467649999049761,0.010816047811737936
4499,53.386550849147135,0.7100115043191076,0.04014626096143954
4500,74.80389229948489,1.4734066811933106,0.008334182412422786
4501,34.228038779145095,0.28010479870785343,0.006834788904628353
4502,53.386550849147135,0.9434861415769745,0.010586437936355282
4503,34.228038779145095,0.25277750127294085,0.005854869555084685
4504,34.228038779145095,0.24716484293875554,0.0044116763070768394
4505,53.386550849147135,0.9593959278474802,0.009519199925927486
4506,53.386550849147135,0.8496808561983079,0.00684775205632749
4507,53.386550849147135,0.9489878583941536,0.0056232179059274995
4508,53.386550849147135,0.9094041278748441,0.006603523391004645
4509,53.386550849147135,0.9285358950579493,0.006240989357915755
4510,34.228038779145095,0.2888580736674738,0.0011000595267043889
4511,74.80389229948489,1.3852248449634308,0.007796691163341451
4512,53.386550849147135,0.9459013313877136,0.00671958642153727
4513,53.386550849147135,0.8734688338381759,0.007742796396402081
4514,34.228038779145095,0.28125654541306666,0.003210355850928437
4515,34.228038779145095,0.28010479870785343,0.004994447872208763
4516,34.228038779145095,0.2608962231020197,0.00481017782641896
4517,34.228038779145095,0.2450916988693717,0.006224787208472915
4518,53.386550849147135,0.943510045422874,0.007329423236540365
4519,53.386550849147135,0.8766071678835979,0.005896682167481335
4520,34.228038779145095,0.23864191732017773,0.008142913807240859
4521,74.55439748602603,1.4473436104376192,0.007880654637228512
4522,53.386550849147135,0.9449127805593492,0.006586642789929938
4523,34.228038779145095,0.2574360609919133,0.007989813378958488
4524,53.386550849147135,0.8743241942918255,0.004940320440791582
4525,74.80389229948489,1.4326237492381888,0.006709679972939775
4526,34.228038779145095,0.2671937181424133,0.006876257278454367
4527,79.17066005708027,2.424582096063079,0.06513730794936255
4528,74.80389229948489,1.829480429228189,0.04542223548787504
4529,18.999088782769817,0.9689944700984643,0.004411748197713887
4530,85.69168412826731,1.5768881316372951,0.008765386691131116
4531,74.80389229948489,1.9268308529526768,0.04107579727948037
4532,53.386550849147135,0.9529500645771992,0.07970711645504946
4533,74.80389229948489,1.5047459212939653,0.006318616273081734
4534,17.08822427197352,0.9502444459079468,0.004600996509326681
4535,34.228038779145095,0.26421069417591103,0.006892529644412448
4536,34.228038779145095,0.22670982145416885,0.0031570875016004862
4537,53.386550849147135,0.7628506495426763,0.018559426939988896
4538,34.228038779145095,0.27273361979448885,0.0016008968459391704
4539,74.80389229948489,1.4788638833978318,0.0066509456964617296
4540,66.38058995034889,1.5048836078759533,0.01810958290093629
4541,74.80389229948489,1.4807153545506222,0.00701110938259899
4542,53.386550849147135,0.8514643125345044,0.0034296025895582255
4543,34.228038779145095,0.2657404500561686,0.0008996422296760342
4544,74.55439748602603,1.6017865345085793,0.012006596438712335
4545,85.88398993781685,2.6178357355410387,0.08447439719269108
4546,34.228038779145095,0.2450916988693717,0.0006240679573344399
4547,34.228038779145095,0.28685732510527484,0.002181155497946452
4548,53.386550849147135,0.9223213170422868,0.003420291179629338
4549,85.88398993781685,1.7114440068991956,0.008631705149667846
4550,34.228038779145095,0.2657404500561686,0.0015500263433096406
4551,53.386550849147135,0.8724836754942381,0.005841179548639101
4552,74.28609502861364,1.0986335962752463,0.04763493226100029
4553,34.228038779145095,0.28125654541306666,0.0005695994315533248
4554,53.386550849147135,0.8973582304337415,0.0044905838076880755
4555,34.228038779145095,0.2888580736674738,0.0021551765344193785
4556,34.228038779145095,0.2878854875608493,0.00041538087773551613
4557,43.64112730268438,2.2715473743599732,0.10510613232583299
4558,53.386550849147135,0.8419521933408232,0.006459811211037343
4559,53.386550849147135,0.9854264620293172,0.004013800402608618
4560,85.69168412826731,1.6769101713534083,0.00827141800451887
4561,85.88398993781685,2.4615432378094875,0.0856570691788492
4562,34.228038779145095,0.23697890744338207,0.002361775463071758
4563,74.80389229948489,1.8891305976704431,0.1614650965822668
4564,74.80389229948489,1.5437585403389218,0.005999376102723208
4565,74.80389229948489,1.5480813914159837,0.006184784864366122
4566,74.55439748602603,1.5427101972009483,0.005743394537776558
4567,53.386550849147135,0.8696288578193997,0.003201776592292857
4568,74.80389229948489,1.5281062536121823,0.0096422206778622
4569,34.228038779145095,0.26835040090493456,0.002763306556193279
4570,34.228038779145095,0.23864191732017773,0.0001538361815269229
4571,85.88398993781685,1.7097526580668663,0.008004840500446276
4572,34.228038779145095,0.2888580736674738,0.002534639734155686
4573,34.228038779145095,0.25189980161574316,0.0012584408530969537
4574,53.386550849147135,0.845147159198619,0.004331481150098383
4575,47.40050247318693,0.8569527374221542,0.0030674903880063553
4576,74.80389229948489,1.6869587662026122,0.009756756955925877
4577,74.80389229948489,1.4979359527687874,0.004270451740436632
4578,34.228038779145095,0.26421069417591103,0.0010500865047233243
4579,47.40050247318693,0.8630470476541199,0.00488942047244309
4580,44.91759130531876,1.9385799868791862,0.02770403863182842
4581,53.386550849147135,0.9312239771286752,0.005788547358639068
4582,74.80389229948489,1.5103953136050712,0.00413143576245667
4583,74.80389229948489,1.4004733385204546,0.00563444552448431
4584,74.80389229948489,1.5000793196365692,0.0068276409302209465
4585,85.69168412826731,1.657307881270196,0.006686959198091457
4586,53.386550849147135,0.8558176251188535,0.0029190334708492707
4587,74.80389229948489,1.4735614989297356,0.006061030217332753
4588,53.386550849147135,0.9066211569325904,0.0030008633325299267
4589,53.386550849147135,0.919623724217586,0.006596142959060629
4590,53.386550849147135,0.9643339780487097,0.002387402358114396
4591,53.386550849147135,1.0155736898624108,0.0025323273051738385
4592,53.386550849147135,0.9744935188889061,0.0022950943096159693
4593,51.075674220117456,0.9156412553597161,0.0026495762813162904
4594,53.386550849147135,0.9530660742206979,0.0018804400039117708
4595,34.228038779145095,0.27135152374823296,0.001846679725019451
4596,34.228038779145095,0.24716484293875554,0.0001449455423382373
4597,53.386550849147135,0.9429625777401004,0.001977178701197943
4598,34.228038779145095,0.24913167192765806,0.001465328853627268
4599,53.386550849147135,0.9727290190874063,0.0018433151745818957
4600,51.075674220117456,0.9685296402467635,0.07352693270922787
4601,74.80389229948489,1.1410474073623715,0.03833044152639843
4602,85.88398993781685,1.787538846385016,0.00698615366743629
4603,53.386550849147135,0.9088524659336285,0.0027716956250602096
4604,52.107010408462735,0.8803483491173439,0.0019836521089252185
4605,51.075674220117456,0.8744147496563479,0.002837977853861952
4606,85.88398993781685,1.7802766419407439,0.004997990119409134
4607,34.228038779145095,0.2590969388047644,0.0016571471460767317
4608,74.80389229948489,1.4449913754100692,0.006915092397407496
4609,53.386550849147135,0.9287815571452583,0.003153705393565444
4610,85.88398993781685,1.8428710715301726,0.0076453986230603736
4611,83.26162914261236,1.6708401779124729,0.006672689659053366
4612,74.80389229948489,1.416084018070242,0.006975908254966134
4613,34.228038779145095,0.24082728286340283,0.0005081696258716351
4614,34.228038779145095,0.2556877685573333,5.38386207604713e-06
4615,34.228038779145095,0.22421850473489227,0.003604279045528569
4616,67.33143696835899,1.4476231730372553,0.008511961224059316
4617,85.69168412826731,1.5969392247409981,0.00660501291390414
4618,34.228038779145095,0.24290338012946663,0.004984488122915243
4619,53.386550849147135,0.9775374284410906,0.0020933762945529732
4620,75.80956056940752,1.4992132363204693,0.008178546928287433
4621,74.80389229948489,1.737741682571818,0.03194041008101341
4622,34.228038779145095,0.2657404500561686,0.00552755813364586
4623,53.386550849147135,0.9093760297705026,0.0021534818450656065
4624,74.80389229948489,1.5480128035415388,0.00921309705013047
4625,34.228038779145095,0.2608962231020197,0.005531898447888539
4626,51.075674220117456,1.0214574863662977,0.00407044478676951
4627,34.228038779145095,0.23011899170159997,0.008052525460323257
4628,53.386550849147135,0.8637618990913857,0.0035786880067540314
4629,11.571932550388198,0.9876221755480802,0.002596608776691739
4630,34.228038779145095,0.29688190904712586,0.0036447980369618826
4631,85.88398993781685,1.75981674065167,0.0056689253792055585
4632,74.80389229948489,1.8512452249172382,0.04853076603889439
4633,34.228038779145095,0.24984347670459423,0.00254342968003779
4634,34.228038779145095,0.2211803136138233,0.001314118150270993
4635,74.80389229948489,1.2946494906903814,0.04501356761581402
4636,34.228038779145095,0.24675898933787085,0.0002687808603707431
4637,34.228038779145095,0.27273361979448885,0.00192544034512232
4638,53.386550849147135,0.8484538046395154,0.0013534496727569262
4639,34.228038779145095,0.23480660079181773,0.004034604674600817
4640,74.80389229948489,1.1611841030665881,0.030576002270316843
4641,74.80389229948489,1.4604711809934536,0.0436338132339976
4642,34.228038779145095,0.2556877685573333,0.00384473579457989
4643,34.228038779145095,0.24290338012946663,0.0023527053643540574
4644,53.386550849147135,1.045461140747735,0.004165002928854897
4645,74.80389229948489,1.5664503296242502,0.008655716706330963
4646,34.228038779145095,0.22362533408744545,0.005388066819324022
4647,34.228038779145095,0.2625982487886126,0.004222600658680242
4648,53.386550849147135,0.9189173138875215,0.004671216390524334
4649,74.80389229948489,0.8648880526538651,0.03866435403013346
4650,53.386550849147135,0.850615544188251,0.004925507729118116
4651,74.80389229948489,1.3853536906690245,0.00923280814822649
4652,53.386550849147135,0.8581018713507179,0.006775613564384893
4653,53.386550849147135,1.0109587349499436,0.003604636833553658
4654,74.80389229948489,1.843794695749367,0.17154173027681194
4655,52.107010408462735,0.9653985015553525,0.0035015682629723627
4656,34.228038779145095,0.28010479870785343,0.006599915129315681
4657,85.88398993781685,1.7011209071286446,0.005450273394694683
4658,34.228038779145095,0.24487820435816146,0.007323000027781412
4659,85.88398993781685,1.6748556170706237,0.004920426055589511
4660,34.228038779145095,0.2788890660745728,0.009341009788025267
4661,53.386550849147135,0.8722375834857521,0.006909219740425625
4662,34.228038779145095,0.27273361979448885,0.01054167394423633
4663,74.80389229948489,1.545969551446678,0.00912270103726719
4664,53.386550849147135,1.0054808435224047,0.004884424725430221
4665,74.80389229948489,1.4639871796667112,0.008156426507044845
4666,34.228038779145095,0.28125654541306666,0.012474564246684083
4667,53.386550849147135,0.9662394419537395,0.005246934263654329
4668,53.386550849147135,0.8854930620707155,0.006027266825848435
4669,66.53438894112341,1.5682048895690073,0.009138555531095044
4670,34.228038779145095,0.2211803136138233,0.008206542338962675
4671,74.80389229948489,1.4138318238897323,0.008113267928839873
4672,74.80389229948489,1.436452735552802,0.009078200367940137
4673,85.69168412826731,1.3280680753915244,0.026561361507830488
4674,53.386550849147135,0.8588566963450687,0.007922137635563861
4675,74.80389229948489,1.4881609164094307,0.008240789406522463
4676,53.386550849147135,0.8775414038689147,0.005988908015988101
4677,34.228038779145095,0.23864191732017773,0.009480947451380228
4678,34.228038779145095,0.28576868250525483,0.012098564623574115
4679,11.571932550388198,0.989512387041555,0.004967049918986201
4680,34.228038779145095,0.2878854875608493,0.008321172200682736
4681,53.386550849147135,0.8996703680882949,0.004877313625276075
4682,34.228038779145095,0.2574360609919133,0.007966461676974068
4683,53.386550849147135,0.7896957866461343,0.00146361799611925
4684,53.386550849147135,0.9412548325759363,0.00496415589918197
4685,34.228038779145095,0.2590969388047644,0.007655142761899547
4686,23.106184280235556,1.446826387280455,0.008469484121214465
4687,34.228038779145095,0.2538449738289921,0.007695012006853907
4688,53.386550849147135,0.7258260106570691,0.06874127700069835
4689,53.386550849147135,0.8776693654971925,0.00565268480747267
4690,53.386550849147135,0.9391992257551444,0.00544574121795488
4691,85.88398993781685,2.480850315349999,0.07564299786198102
4692,74.80389229948489,1.4525345505718534,0.008631070117274398
4693,53.386550849147135,0.9118224359635958,0.005518159732215207
4694,34.228038779145095,0.24716484293875554,0.0062216153966859755
4695,34.228038779145095,0.28010479870785343,0.0081895540244446
4696,85.88398993781685,1.6198439344919966,0.004411870141525376
4697,34.228038779145095,0.2556877685573333,0.00751899577437537
4698,34.228038779145095,0.24716484293875554,0.0060632007874552585
4699,64.65005483624995,1.7367549217395553,0.004867477217904348
4700,34.228038779145095,0.2625982487886126,0.006296325884212861
4701,53.386550849147135,0.9567470498747419,0.0044990631629712174
4702,85.88398993781685,1.7315610217284216,0.005003200591267976
4703,74.80389229948489,1.5272218136049638,0.008113687530253322
4704,34.228038779145095,0.2606767981877203,0.006313993411205476
4705,53.386550849147135,0.9932666082645984,0.002760040173478605
4706,74.80389229948489,1.007214315363973,0.021392220225310808
4707,53.386550849147135,0.8981072950265176,0.003116625768332812
4708,53.386550849147135,0.9953926678097625,0.004828292719900935
4709,34.228038779145095,0.27135152374823296,0.007397366741550115
4710,53.386550849147135,0.8286446040985267,0.007103264620112501
4711,77.40028695971672,1.7529716690441444,0.08203927587594616
4712,34.228038779145095,0.2538449738289921,0.006621747746936191
4713,34.228038779145095,0.3053642493056152,0.011075618199445969
4714,74.80389229948489,1.4486754367768948,0.007600886749481816
4715,53.386550849147135,0.9223895364703458,0.0037185677150524746
4716,85.88398993781685,1.8627501554472885,0.006873375536233595
4717,53.386550849147135,0.9569191166976869,0.00464437426059304
4718,85.69168412826731,1.8594119562157179,0.009519522223899336
4719,34.228038779145095,0.27135152374823296,0.009360845527980777
4720,85.88398993781685,1.625989337113867,0.007843664759201929
4721,53.386550849147135,0.999689596298634,0.00368259241917869
4722,34.228038779145095,0.24290338012946663,0.010662364485538756
4723,53.386550849147135,0.8873700602978128,0.0047956798994002806
4724,74.80389229948489,1.4674548614427807,0.007011775050304481
4725,74.80389229948489,1.479100979741621,0.006553334700927027
4726,74.80389229948489,0.8476143308307305,0.020272663007798526
4727,53.386550849147135,0.8449304131060403,0.006136916585518765
4728,34.228038779145095,0.2788890660745728,0.01202332956969332
4729,85.88398993781685,1.6204034610724332,0.0077407195372674485
4730,74.80389229948489,1.4394318464300353,0.007225864713097363
4731,78.96882274241453,1.8551054876583901,0.009198076655279785
4732,34.228038779145095,0.28010479870785343,0.0133697714087605
4733,75.55966956977605,1.5085741905361707,0.005582652161941459
4734,53.386550849147135,0.9383818532195649,0.0062058568463167485
4735,34.228038779145095,0.24082728286340283,0.014748748197169037
4736,85.88398993781685,1.748164506517983,0.00995402933603733
4737,74.80389229948489,1.5016437568761958,0.00567448266013848
4738,74.80389229948489,1.3845203929641137,0.006476490653946798
4739,74.80389229948489,1.4030677987075175,0.0066127619815948505
4740,85.88398993781685,1.7811259639361805,0.007587491408727676
4741,53.386550849147135,0.9912413423840587,0.005447391557116717
4742,34.228038779145095,0.2211803136138233,0.01795452423169469
4743,53.386550849147135,0.9434861415769745,0.004404655230040903
4744,34.228038779145095,0.23864191732017773,0.01502003374808758
4745,74.80389229948489,1.426014331130127,0.006148892585589172
4746,34.228038779145095,0.24716484293875554,0.013231284874698934
4747,34.228038779145095,0.22421850473489227,0.015812664193665116
4748,74.80389229948489,1.5639667221206404,0.04787987947724012
4749,85.88398993781685,2.6303036793999954,0.06236428444697448
4750,53.386550849147135,0.9171342562763755,0.004012530761005703
4751,53.386550849147135,0.8804538270632679,0.004126872804229735
4752,85.88398993781685,1.6661526305618688,0.007484650521822944
4753,53.386550849147135,0.7188203609861054,0.023061855465000725
4754,34.228038779145095,0.2363384239097513,0.013120148304714918
4755,30.080100132284855,1.4079586435676783,0.006842228456113719
4756,34.228038779145095,0.22362533408744545,0.015502706756529178
4757,53.386550849147135,0.9776452422457116,0.0033380607510780508
4758,74.80389229948489,1.4643352803995473,0.053653911331589664
4759,53.386550849147135,0.8183300353374177,0.0012749944239397668
4760,53.386550849147135,0.929544374204993,0.003173372715075666
4761,53.386550849147135,0.9326521608431776,0.003865755954860918
4762,34.228038779145095,0.26989264458829626,0.01643486452432849
4763,34.228038779145095,0.23864191732017773,0.014148733788536011
4764,68.27032545401102,1.0128207429812153,0.027589679442838494
4765,34.228038779145095,0.28010479870785343,0.010645089933128044
4766,85.88398993781685,1.7445705731862815,0.007934361060086981
4767,34.228038779145095,0.23011899170159997,0.007735279709057047
4768,34.228038779145095,0.22907961052860265,0.009684519057114954
4769,85.88398993781685,1.648523471842445,0.00613076306903515
4770,72.8693051368456,1.5224355055851142,0.00997749378881912
4771,79.43608037028633,1.7581055246699624,0.005468113518940121
4772,34.228038779145095,0.3048199280056052,0.014535783485851578
4773,34.228038779145095,0.29688190904712586,0.018108119575866638
4774,34.228038779145095,0.21328101669904387,0.021442294372074622
4775,67.33143696835899,1.4324632497328333,0.007175417474600076
4776,53.386550849147135,0.9420387096081717,0.003503021007838128
4777,74.80389229948489,1.5078176277055118,0.043486214957095315
4778,34.228038779145095,0.27273361979448885,0.018497791379117334
4779,34.228038779145095,0.23697890744338207,0.015722593699756482
4780,74.80389229948489,0.9958751230864115,0.02251238208684742
4781,80.5068851842262,1.7266681930992815,0.0417535669995457
4782,34.228038779145095,0.23864191732017773,0.016481711253526016
4783,34.228038779145095,0.27273361979448885,0.01375574680448749
4784,74.80389229948489,1.3971000513131324,0.007852151326380652
4785,34.228038779145095,0.27273361979448885,0.014833540128173395
4786,53.386550849147135,1.044063601521724,0.004014454143797641
4787,34.228038779145095,0.26989264458829626,0.01551945659887144
4788,83.26162914261236,1.7450968392343404,0.006142863305252111
4789,53.386550849147135,0.8849565642733991,0.003957529545721469
4790,85.88398993781685,1.7351244452827501,0.0056265220444369655
4791,53.386550849147135,0.957350611895547,0.0034017087182829087
4792,53.386550849147135,0.6981402699470576,0.06568805041748269
4793,51.075674220117456,0.7887475098682731,0.08260890504800933
4794,53.386550849147135,0.8526498326190848,0.0024104987952284843
4795,74.80389229948489,1.4776303117459393,0.006920655444291601
4796,74.80389229948489,1.4980991945680975,0.005716585867789248
4797,85.88398993781685,1.6438485106296277,0.0047264316771355565
4798,34.228038779145095,0.2590969388047644,0.015057210844146518
4799,85.88398993781685,2.480807333472269,0.06223228443242921
4800,53.386550849147135,0.9849416025362034,0.0017749935097890537
4801,74.80389229948489,1.4538508484055355,0.006220381012541909
4802,53.386550849147135,1.0123866810823963,0.003101928871569598
4803,34.228038779145095,0.21861304211651997,0.010592799996069657
4804,74.80389229948489,1.5835523186844207,0.00803643312270419
4805,11.571932550388198,0.8668580384580247,0.00271549696752503
4806,85.69168412826731,1.723469071859497,0.0042882767538898305
4807,53.386550849147135,0.9155543355398064,0.0025982273502404007
4808,47.40050247318693,0.9662542864659996,0.0031705134668150656
4809,53.386550849147135,0.8952784575447342,0.002978971241938591
4810,34.228038779145095,0.23864191732017773,0.008577717753166236
4811,34.228038779145095,0.23011899170159997,0.0059118511726953815
4812,53.386550849147135,0.9025885267844131,0.003981744624946111
4813,53.386550849147135,0.7070747314131968,0.022968600095980625
4814,53.386550849147135,0.7248838721212378,0.0198770046294761
4815,74.80389229948489,1.475188547274183,0.007399864772869846
4816,67.12535405165255,1.51639023781626,0.0075560736904227935
4817,34.228038779145095,0.26989264458829626,0.003742580689179986
4818,34.228038779145095,0.2590969388047644,0.0028698078323692866
4819,34.228038779145095,0.28125654541306666,0.00013164839959056707
4820,53.386550849147135,0.9514167888812671,0.004696425278507006
4821,53.386550849147135,0.9601326583375658,0.004319944741029785
4822,53.386550849147135,0.9396388422001152,0.005081319709251325
4823,53.386550849147135,0.9755938330390236,0.004779801888094341
4824,74.80389229948489,1.583544237904074,0.012473131655888852
4825,53.386550849147135,0.9920359935806052,0.003291337976197531
4826,53.386550849147135,0.8751913255455978,0.0027512777180780795
4827,52.107010408462735,0.8935116708878436,0.0068768010278426606
4828,53.386550849147135,0.999955418026591,0.003876362475306837
4829,34.228038779145095,0.26989264458829626,0.0014464369666553067
4830,34.228038779145095,0.29611078720544504,0.005488528057991493
4831,85.88398993781685,2.8715454010494974,0.04348118546077976
4832,34.228038779145095,0.24082728286340283,0.006830143704194047
4833,34.228038779145095,0.2450916988693717,0.00536611685278926
4834,34.228038779145095,0.27135152374823296,0.006674475174411054
4835,24.82930225070578,1.5234357239693792,0.007160534815616182
4836,85.5158823176707,1.6552565976669185,0.003129810767598973
4837,53.386550849147135,0.8419521933408232,0.00560473790245259
4838,34.228038779145095,0.24082728286340283,0.004799573575387683
4839,34.228038779145095,0.24082728286340283,0.0060070276569699765
4840,53.386550849147135,1.0585899755308472,0.004030709945837638
4841,82.53201158132084,1.6337621351681908,0.002967654289784338
4842,53.386550849147135,0.9623649006826319,0.004047034057097873
4843,53.386550849147135,0.936600195856355,0.003296072395222817
4844,74.80389229948489,1.5448881688620242,0.006221432937656546
4845,53.386550849147135,0.7096181078204777,0.018235516680708844
4846,53.386550849147135,1.0054998241392998,0.003890078493737764
4847,74.80389229948489,1.437505660701018,0.006646749685685216
4848,53.386550849147135,0.892727364904359,0.004557504788821248
4849,53.386550849147135,0.8605279218078625,0.005432721771914013
4850,85.88398993781685,1.6293907525564226,0.00488532435799569
4851,85.88398993781685,1.5136447342365429,0.007731629713501364
4852,53.386550849147135,0.988639095389268,0.0061485728017176625
4853,34.228038779145095,0.22907961052860265,0.008268503563874041
4854,53.386550849147135,0.8826531775151603,0.007280721420430521
4855,53.386550849147135,0.8880387844373953,0.007289272567614219
4856,53.386550849147135,0.932589535055141,0.013226148185708816
4857,53.386550849147135,0.6625977461286416,0.05748273002517775
4858,85.88398993781685,1.8282750750338441,0.005489613825068873
4859,71.2422991595891,1.7150917487615696,0.013864820617963097
4860,85.88398993781685,1.8002616302424783,0.006026119243248851
4861,85.88398993781685,1.6961010809234933,0.00607398773132164
4862,53.386550849147135,0.8576251301708402,0.006750430508978444
4863,23.106184280235556,1.5357967781709243,0.0059574055070028
4864,53.386550849147135,0.9684130940738105,0.003952709874532494
4865,34.228038779145095,0.28010479870785343,0.005201313062162594
4866,53.386550849147135,0.9931795804148255,0.006110911522269828
4867,34.228038779145095,0.23133655250425392,0.007317666230982289
4868,62.80219159852609,1.4804067300721886,0.005551523594166841
4869,74.80389229948489,1.5495318965859037,0.0061227359755179345
4870,67.53686599425336,1.4152025924080658,0.007160762074684124
4871,53.386550849147135,1.0013395664630231,0.005669880388469654
4872,34.228038779145095,0.24290338012946663,0.005837864518467628
4873,34.228038779145095,0.28010479870785343,0.008226184835043115
4874,74.80389229948489,1.4664552557372448,0.007290189907436795
4875,34.228038779145095,0.24487820435816146,0.00685301368499186
4876,53.386550849147135,0.8818463604005142,0.005685248691671023
4877,53.386550849147135,0.8761015340546016,0.005088253621319663
4878,34.228038779145095,0.2590969388047644,0.0059816929068785
4879,53.386550849147135,0.9156775257394395,0.0051535612657048965
4880,34.228038779145095,0.23864191732017773,0.007243006355035164
4881,74.80389229948489,1.7377364705081497,0.014949169463290468
4882,74.80389229948489,1.5623908396759205,0.015741003146701116
4883,53.386550849147135,0.9010385319224012,0.00452541770526918
4884,74.80389229948489,1.503054749766974,0.007043672317720451
4885,74.80389229948489,1.5302949195134128,0.005642892700715008
4886,85.88398993781685,1.6477368094040512,0.02221695165077901
4887,53.386550849147135,0.9439710568871443,0.0038387985592798213
4888,53.386550849147135,0.9238794341658053,0.0044768287866260165
4889,53.386550849147135,0.9453671682195808,0.004352454712043624
4890,85.88398993781685,1.56226902334526,0.03570158749541745
4891,53.386550849147135,0.9410486453005751,0.004669197014092692
4892,34.228038779145095,0.23252289379914753,0.008990090810479162
4893,34.228038779145095,0.2657404500561686,0.009840461345233725
4894,74.80389229948489,1.46603766469575,0.006033465001706206
4895,74.80389229948489,1.465818660920189,0.006390938823970449
4896,85.88398993781685,1.6424887308452463,0.004921112898104573
4897,53.386550849147135,0.8873863727387158,0.004604107942707311
4898,67.33143696835899,1.4874682447399188,0.007403110740282303
4899,74.80389229948489,1.5253217591857537,0.015168621124103176
4900,34.228038779145095,0.23697890744338207,0.007729640565234203
4901,74.80389229948489,1.222667724325941,0.03817335756544922
4902,47.40050247318693,0.8551744899474625,0.006249513275693293
4903,74.80389229948489,1.4410862654417107,0.008006844073051023
4904,34.228038779145095,0.24290338012946663,0.006422349131843058
4905,74.80389229948489,1.4267454446105396,0.007153849112451616
4906,34.228038779145095,0.22907961052860265,0.003863409881704666
4907,34.228038779145095,0.29688190904712586,0.0010001156331935768
4908,47.40050247318693,0.6873986186308216,0.05507078617126925
4909,34.228038779145095,0.2590969388047644,0.00030142813070194174
4910,74.80389229948489,1.7788036267985263,0.012582253751663358
4911,74.28609502861364,1.4006223762774372,0.006891625227333021
4912,71.2422991595891,1.51639023781626,0.006373042019042652
4913,53.386550849147135,0.9156775257394395,0.0037509919762310426
4914,53.386550849147135,1.0446279953438848,0.003585586696649906
4915,53.386550849147135,0.9253710258162952,0.0037603820293809417
4916,53.386550849147135,0.9155560617967866,0.0036080406967264472
4917,53.386550849147135,0.8901980330383045,0.004185639833066947
4918,85.88398993781685,1.7114440068991956,0.004908925817611487
4919,17.08822427197352,0.8983581458483737,0.004687055355060504
4920,53.386550849147135,0.9165243662362295,0.004392109618646278
4921,74.80389229948489,1.5227475655045488,0.006885096748485397
4922,53.386550849147135,0.959644938412162,0.005171634273218317
4923,53.386550849147135,0.9049635231562898,0.005024926334321361
4924,34.228038779145095,0.26989264458829626,0.001406961199893697
4925,34.228038779145095,0.21328101669904387,0.005389877471293492
4926,53.386550849147135,0.9343524757167164,0.004842674231094864
4927,34.228038779145095,0.24913167192765806,0.004851330602765713
4928,74.55439748602603,1.5195699911318503,0.0056774397065676215
4929,85.88398993781685,2.0706310043045417,0.04736037456221778
4930,53.386550849147135,0.8440949670831964,0.0035921646425028375
4931,34.228038779145095,0.25447020775467927,0.004317036141462005
4932,68.27032545401102,1.5434136733778383,0.013927480240173434
4933,53.386550849147135,0.9058884664004959,0.006993792013130898
4934,34.228038779145095,0.24290338012946663,0.0032095147799678925
4935,34.228038779145095,0.23252289379914753,0.0011746969215912784
4936,34.228038779145095,0.2878854875608493,0.004879620225222481
4937,53.386550849147135,0.9563980628668812,0.005440577421863199
4938,53.386550849147135,0.8566329276147158,0.040109506029264684
4939,62.60340176826698,1.2477293555148319,0.027851246761774504
4940,53.386550849147135,0.8726779509437522,0.006345556242224923
4941,53.386550849147135,0.9811147695663368,0.005766393223675337
4942,52.107010408462735,0.9065848865528668,0.00627301804774421
4943,52.107010408462735,0.8679894575569832,0.00636242830981773
4944,34.228038779145095,0.23480660079181773,0.006365115906335289
4945,75.80956056940752,1.5108649617638314,0.03469527794510213
4946,75.80956056940752,1.4967904274405055,0.005096828591919567
4947,34.228038779145095,0.24716484293875554,0.0056274824173939975
4948,34.228038779145095,0.23252289379914753,0.003499417363386076
4949,52.107010408462735,0.9541753366415597,0.005870745967603078
4950,52.107010408462735,0.9438014104802694,0.005833531797906216
4951,34.228038779145095,0.26421069417591103,0.001895954137978273
4952,52.107010408462735,0.8669365979704872,0.0660150891819072
4953,52.107010408462735,1.0316545905734995,0.005989461261001194
4954,75.80956056940752,0.8836326753788262,0.027652727783762116
4955,86.27198759323166,2.4271944804712424,0.06946680651665697
4956,34.228038779145095,0.25189980161574316,0.0016839264911280294
4957,52.107010408462735,1.0216679964973452,0.007113674630963282
4958,75.80956056940752,1.484819721268473,0.00461951779981643
4959,75.80956056940752,1.5321413432944462,0.0064068660994508805
4960,52.107010408462735,0.8856842846907601,0.0061727488647241174
4961,52.107010408462735,1.0358403944951302,0.011799515596579456
4962,34.228038779145095,0.24290338012946663,0.0008067165755528127
4963,52.107010408462735,0.9961962512568819,0.005890324135879692
4964,34.228038779145095,0.24290338012946663,0.0015155338420152487
4965,86.27198759323166,1.7837432178453445,0.006352759426981591
4966,17.08822427197352,0.8293360190472561,0.0068001128568283414
4967,52.107010408462735,0.9330394011006158,0.006447862968155291
4968,10.299801593022735,0.8856541619095278,0.005859340480372198
4969,75.80956056940752,1.5435189428856875,0.006722554073146958
4970,30.27110416785401,1.8170702292295746,0.0087795521286123
4971,52.107010408462735,0.9857655779719856,0.006518052072236366
4972,75.80956056940752,0.959135347173709,0.023978383679342727
4973,34.228038779145095,0.2608962231020197,0.00035418508457613074
4974,34.228038779145095,0.27135152374823296,0.0017365588617404004
4975,52.107010408462735,1.010871765593563,0.005304806132023186
4976,68.02908408999667,1.1266214038008173,0.05097132292667711
4977,52.107010408462735,0.8972029111914996,0.006406840762968019
4978,86.27198759323166,1.5794885509534329,0.01108352987069403
4979,86.27198759323166,1.7261802597120808,0.010383163328101542
4980,52.107010408462735,0.9026702443304323,0.006258193518123581
4981,75.80956056940752,1.4748244113254996,0.02953816804413497
4982,34.228038779145095,0.24913167192765806,0.00190321860593895
4983,75.80956056940752,1.4103540860487258,0.007714322697414955
4984,34.228038779145095,0.26835040090493456,0.003484775873293988
4985,52.107010408462735,0.8583014848602293,0.007635982989600512
4986,75.80956056940752,1.4628356209534126,0.008236344106218218
4987,75.80956056940752,1.4874413880720652,0.03472309241701273
4988,34.228038779145095,0.24487820435816146,0.004060116400022351
4989,34.228038779145095,0.2590969388047644,0.004558171730624894
4990,34.228038779145095,0.27135152374823296,0.0024286462656732954
4991,52.107010408462735,1.0470126450596067,0.008047176258706663
4992,75.80956056940752,1.547951539061023,0.00680243096879497
4993,52.107010408462735,0.8881523942306748,0.00839128742364291
4994,34.228038779145095,0.24487820435816146,0.003159405286223993
4995,52.107010408462735,0.9160036042166596,0.009483581015915378
4996,34.228038779145095,0.24487820435816146,0.0021857816391059326
4997,34.228038779145095,0.2450916988693717,0.0013308698078207115
4998,66.5442343178403,1.7494127598120266,0.010897022925521438
4999,75.80956056940752,1.5382121742743742,0.006191842208453468
5000,52.107010408462735,0.9201729026201355,0.009224951715146978
