episode,reward_modql,epsilon_modql,q_drift_modql,fairness_modql,reward_standard,epsilon_standard,q_drift_standard,fairness_standard
0,9.621450150632926,0.995,0.19242900301265853,0.7272727272727273,20.590865551601013,0.995,0.34318109252668355,0.8401162790697675
1,4.05667741118369,0.990025,0.0811335482236738,0.8,23.47777415437932,0.990025,0.3353967736339902,0.7788461538461539
2,1.7049079615381109,0.985074875,0.042622699038452776,0.8522727272727273,12.398545940740268,0.985074875,0.20678461953555285,0.8810975609756098
3,2.715163103720175,0.9801495006250001,0.06787907759300438,0.7601351351351351,11.372995223691388,0.9801495006250001,0.18714455611821867,0.8027777777777778
4,4.8379326684810176,0.9752487531218751,0.06612640843581707,0.8027777777777778,7.932866730514241,0.9752487531218751,0.15625685347392207,0.8
5,1.3175624642735857,0.9703725093562657,0.02687933191770145,0.8522727272727273,17.898860925746234,0.9703725093562657,0.2926076055129483,0.8027777777777778
6,2.226017037995198,0.9655206468094844,0.06316937519890362,0.8035714285714286,8.667274479225805,0.9655206468094844,0.16230609855388628,0.8421052631578947
7,13.5056750438314,0.960693043575437,0.20469803698786912,0.7788461538461539,11.586642553250819,0.960693043575437,0.19311070922084703,0.8027777777777778
8,0.8650377890126253,0.9558895783575597,0.050776892622181956,0.765625,14.027474258471663,0.9558895783575597,0.23144015847415045,0.8027777777777778
9,5.179877064764349,0.9511101304657719,0.12949692661910872,0.7211538461538461,11.204744039003446,0.9511101304657719,0.2801186009750861,0.7601351351351351
10,7.245120948610973,0.946354579813443,0.05877378802620157,0.7272727272727273,29.682255851785598,0.946354579813443,0.41196010600474137,0.81
11,4.386924781598248,0.9416228069143757,0.08773849563196497,0.7272727272727273,5.082378767143562,0.9416228069143757,0.11174295819332145,0.7211538461538461
12,10.894757618114607,0.9369146928798039,0.16950458176226513,0.7372448979591837,6.883478746256149,0.9369146928798039,0.13041072758131844,0.6666666666666666
13,1.119421633447273,0.9322301194154049,0.036506090489690675,0.8166666666666667,7.5871268282933375,0.9322301194154049,0.18967817070733348,0.7211538461538461
14,2.015940124339394,0.9275689688183278,0.05039850310848485,0.6540697674418605,4.850808506820688,0.9275689688183278,0.1212702126705172,0.907258064516129
15,1.946260723412813,0.9229311239742362,0.0634638864383267,0.7211538461538461,4.894849941268506,0.9229311239742362,0.10077278221697,0.6540697674418605
16,3.320579218008579,0.918316468354365,0.12716797447920675,0.7211538461538461,5.490651955493976,0.918316468354365,0.1693185567967079,0.6805555555555556
17,3.0290771630226163,0.9137248860125932,0.061080133292811395,0.8035714285714286,3.824715722526256,0.9137248860125932,0.07935669372461925,0.7211538461538461
18,1.5201801747935122,0.9091562615825302,0.021755158060911436,0.8522727272727273,7.279551433825819,0.9091562615825302,0.12533053832996707,0.8
19,7.694841529753919,0.9046104802746175,0.15440346960064316,0.8421052631578947,5.644106277405978,0.9046104802746175,0.12648942158618393,0.6859756097560976
20,2.015940124339394,0.9000874278732445,0.05698008690193606,0.6540697674418605,2.142918386840031,0.9000874278732445,0.05512058314939686,0.6805555555555556
21,3.3945390208512736,0.8955869907338783,0.06407431209538413,0.7272727272727273,2.984450095073475,0.8955869907338783,0.09948166983578251,0.6805555555555556
22,2.9617478206227235,0.8911090557802088,0.10442323587854736,0.7211538461538461,1.826982379078635,0.8911090557802088,0.03980249941207761,0.765625
23,12.941442678497014,0.8866535105013078,0.1388504621309538,0.8027777777777778,4.832137776319861,0.8866535105013078,0.12080344440799656,0.8035714285714286
24,8.73426925178691,0.8822202429488013,0.125430467984722,0.8401162790697675,10.659780360463035,0.8822202429488013,0.20219450694636903,0.6666666666666666
25,9.565950719512003,0.8778091417340573,0.213267128324841,0.8810975609756098,4.543400702124289,0.8778091417340573,0.09307159011849182,0.6859756097560976
26,9.4153013405185,0.8734200960253871,0.2664650637960087,0.8401162790697675,17.251182975962372,0.8734200960253871,0.3444218153015241,0.8421052631578947
27,9.05686204612088,0.8690529955452602,0.12169870566939049,0.7372448979591837,13.240010736574579,0.8690529955452602,0.25116773513422963,0.6666666666666666
28,5.823991249655272,0.8647077305675338,0.1274896160871449,0.8810975609756098,13.392752557133988,0.8647077305675338,0.24036064127329798,0.7272727272727273
29,5.162807455688846,0.8603841919146962,0.3641483538703161,0.7211538461538461,14.585015969221647,0.8603841919146962,0.24176180232238323,0.7686170212765957
30,10.8627600332173,0.8560822709551227,0.23920099655774257,0.8804347826086957,22.41717269236589,0.8560822709551227,0.3134804075887153,0.84375
31,7.068841171904162,0.851801859600347,0.2766364622046014,0.7272727272727273,7.804703833741845,0.851801859600347,0.14347246250712867,0.8
32,5.192114277400969,0.8475428503023453,0.08653523795668283,0.8027777777777778,8.281769859302008,0.8475428503023453,0.14645382130422316,0.7272727272727273
33,6.165996268912442,0.8433051360508336,0.09800196579162969,0.8421052631578947,17.936162992551033,0.8433051360508336,0.2632372591060405,0.7686170212765957
34,8.231654095336937,0.8390886103705794,0.2186498646424619,0.7619047619047619,19.789413872322,0.8390886103705794,0.2830289807671688,0.8027777777777778
35,10.21338989346839,0.8348931673187264,0.1349502192517089,0.6666666666666666,11.204744039003446,0.8348931673187264,0.18860874721832935,0.7601351351351351
36,11.492087929303317,0.8307187014821328,0.19836899732215008,0.7372448979591837,4.551180988026723,0.8307187014821328,0.08845836436509902,0.8035714285714286
37,12.297799374148484,0.8265651079747222,0.08196259058192366,0.7372448979591837,2.8437127267219933,0.8265651079747222,0.09496263800469608,0.6805555555555556
38,6.241175714887662,0.8224322824348486,0.1253927325265959,0.8810975609756098,19.016038040342885,0.8224322824348486,0.25220455631102473,0.7686170212765957
39,1.7049079615381109,0.8183201210226743,0.014743280143819796,0.8522727272727273,21.72580917773645,0.8183201210226743,0.28746907660869764,0.7372448979591837
40,9.790000200513214,0.8142285204175609,0.13657005951238582,0.7272727272727273,21.571595065240036,0.8142285204175609,0.346460621819831,0.8401162790697675
41,5.606021822329163,0.810157377815473,0.12265743035489704,0.7211538461538461,2.1085267683759072,0.810157377815473,0.07257911232611791,0.765625
42,2.9617478206227235,0.8061065909263957,0.12658564253508625,0.7211538461538461,8.942910001278445,0.8061065909263957,0.15410498770398734,0.7272727272727273
43,2.9533615923618353,0.8020760579717637,0.11811033753717544,0.6666666666666666,17.6500079352013,0.8020760579717637,0.21158000925177545,0.8401162790697675
44,3.12738175055088,0.798065677681905,0.06565334737629326,0.8421052631578947,5.493252122866261,0.798065677681905,0.15532138291040345,0.7205882352941176
45,0.3300156830919272,0.7940753492934954,0.11364862953413876,0.6814516129032258,22.16662100534434,0.7940753492934954,0.36634226307691153,0.8401162790697675
46,6.335655823112231,0.7901049725470279,0.08961481332689843,0.8027777777777778,18.11810251025043,0.7901049725470279,0.20954433322966573,0.7083333333333334
47,10.439221193121522,0.7861544476842928,0.1960004280690385,0.7372448979591837,7.032800332601735,0.7861544476842928,0.13766601249735524,0.8888888888888888
48,1.7149534928805208,0.7822236754458713,0.08468653803665117,0.7601351351351351,10.333778827671816,0.7822236754458713,0.10676654312444281,0.7601351351351351
49,1.5763734976071784,0.778312557068642,0.07589491940985463,0.8522727272727273,6.4236121334435525,0.778312557068642,0.12043378061719756,0.7211538461538461
50,11.019861822762817,0.7744209942832988,0.26831342074241127,0.7619047619047619,20.041261950199228,0.7744209942832988,0.23469851982699355,0.7686170212765957
51,10.273515743296182,0.7705488893118823,0.28141393512371277,0.7619047619047619,19.81522051311081,0.7705488893118823,0.22470255153147256,0.7372448979591837
52,12.379397691636775,0.7666961448653229,0.33610958947085695,0.7372448979591837,12.587795697923644,0.7666961448653229,0.1189621712582037,0.6666666666666666
53,1.9419857409400831,0.7628626641409962,0.04347967715189496,0.7601351351351351,11.544457293372611,0.7628626641409962,0.11294496439667923,0.7211538461538461
54,9.05686204612088,0.7590483508202912,0.18023957029494367,0.7372448979591837,24.440075503389984,0.7590483508202912,0.35700294425895185,0.7619047619047619
55,15.55785611628787,0.7552531090661897,0.31664060030679303,0.81,3.329201815461898,0.7552531090661897,0.0711132159365264,0.7211538461538461
56,7.154879874909627,0.7514768435208588,0.17702840495834066,0.7619047619047619,5.264301887067693,0.7514768435208588,0.12454765102133425,0.7601351351351351
57,11.026771935156845,0.7477194593032545,0.1821102984044116,0.7686170212765957,18.66528204973233,0.7477194593032545,0.20445684916599083,0.8401162790697675
58,14.134657053668219,0.7439808620067382,0.2411589938613421,0.7372448979591837,16.212109879651415,0.7439808620067382,0.3017173381946336,0.6666666666666666
59,3.291001232884666,0.7402609576967045,0.07609841468846604,0.7619047619047619,5.501613163279764,0.7402609576967045,0.09864006992488723,0.6540697674418605
60,4.626768179052023,0.736559652908221,0.12027969105982257,0.7272727272727273,27.38579808011625,0.736559652908221,0.326757270181572,0.7372448979591837
61,4.294493621538215,0.7328768546436799,0.06048278627192175,0.7619047619047619,15.063632543729728,0.7328768546436799,0.2791195617848798,0.7272727272727273
62,3.2550998511593447,0.7292124703704616,0.06573074999000279,0.7272727272727273,3.701374187930601,0.7292124703704616,0.08901239965805897,0.8522727272727273
63,8.74532607976398,0.7255664080186093,0.09715517401103146,0.7372448979591837,28.55657646217704,0.7255664080186093,0.340459209644199,0.7372448979591837
64,1.668182112257298,0.7219385759785162,0.03386747985468461,0.6859756097560976,5.600218762128246,0.7219385759785162,0.09879117809228385,0.8035714285714286
65,6.893211370638622,0.7183288830986236,0.11283749944617116,0.7272727272727273,18.980589249935008,0.7183288830986236,0.20420676380859137,0.6666666666666666
66,9.970294609452832,0.7147372386831305,0.07898943658017533,0.7372448979591837,29.153283129562972,0.7147372386831305,0.3422493676805163,0.7372448979591837
67,5.316165651046832,0.7111635524897149,0.06850127885470522,0.7272727272727273,10.098767692906861,0.7111635524897149,0.1791188459441137,0.7272727272727273
68,6.029702698790089,0.7076077347272662,0.09860886543608956,0.8027777777777778,3.8244744670188586,0.7076077347272662,0.0786009234255489,0.8035714285714286
69,3.152220580908008,0.7040696960536299,0.10355165301880812,0.7272727272727273,6.473308548221731,0.7040696960536299,0.11299436525278905,0.7601351351351351
70,11.085894424328577,0.7005493475733617,0.24044594078349002,0.8027777777777778,16.883414660629477,0.7005493475733617,0.25723936770061734,0.7372448979591837
71,7.330539998912229,0.697046600835495,0.07929887879287421,0.7272727272727273,6.517151267695429,0.697046600835495,0.12594288804215498,0.7272727272727273
72,1.6203852548039994,0.6935613678313175,0.06648818685761612,0.8035714285714286,18.472906954599342,0.6935613678313175,0.23084705684909368,0.7686170212765957
73,9.629431550799632,0.6900935609921609,0.13788924883682468,0.8810975609756098,27.502205786491597,0.6900935609921609,0.29606475202569377,0.8027777777777778
74,13.06595511637988,0.6866430931872001,0.3310536981618683,0.7372448979591837,33.20318917547851,0.6866430931872001,0.3294123249385156,0.7788461538461539
75,8.940045604846018,0.6832098777212641,0.12044127434762697,0.7372448979591837,14.092277713923563,0.6832098777212641,0.18193339936506017,0.7272727272727273
76,7.317271326525582,0.6797938283326578,0.16886726528001916,0.7619047619047619,16.92880978462881,0.6797938283326578,0.2680330548721184,0.7686170212765957
77,2.0291164855852717,0.6763948591909945,0.036914655314296455,0.6540697674418605,18.732695835676804,0.6763948591909945,0.2250665501361728,0.7686170212765957
78,11.219881394031916,0.6730128848950395,0.1223757896923887,0.8027777777777778,12.266355809272039,0.6730128848950395,0.20714003989099447,0.7272727272727273
79,4.453141853000963,0.6696478204705644,0.09883045454045891,0.7272727272727273,18.317293339115,0.6696478204705644,0.2991280938627337,0.8027777777777778
80,12.13736943207095,0.6662995813682115,0.13689483979718853,0.7083333333333334,29.621941294564888,0.6662995813682115,0.4165942385317649,0.7788461538461539
81,4.0023945107802055,0.6629680834613705,0.11194684058023333,0.8,12.461105347835057,0.6629680834613705,0.1954248133493993,0.7686170212765957
82,4.370340969947287,0.6596532430440636,0.06314401600937083,0.7272727272727273,14.663495765136936,0.6596532430440636,0.17125333033050433,0.6666666666666666
83,5.9929267652374065,0.6563549768288433,0.13070153932702866,0.7686170212765957,5.185963952137401,0.6563549768288433,0.12686363471405926,0.7211538461538461
84,4.685309183625262,0.653073201944699,0.0944868055471928,0.7272727272727273,8.778335200972467,0.653073201944699,0.15332468098799798,0.6956521739130435
85,2.3605789174661003,0.6498078359349755,0.08063741178067375,0.6859756097560976,8.228635111963438,0.6498078359349755,0.13662613063474466,0.7272727272727273
86,4.916575655009082,0.6465587967553006,0.1500265621991148,0.7619047619047619,5.286696097208627,0.6465587967553006,0.09031691658379239,0.7211538461538461
87,15.873658486783368,0.6433260027715241,0.06178384030698757,0.7788461538461539,9.002435419916674,0.6433260027715241,0.10024208492813898,0.6805555555555556
88,2.062291266883453,0.6401093727576664,0.07795290362393595,0.6859756097560976,5.577295404113299,0.6401093727576664,0.13401707345143038,0.6447368421052632
89,1.2435522131005947,0.6369088258938781,0.03662762651026439,0.8035714285714286,10.148464107685038,0.6369088258938781,0.1527912795219937,0.7619047619047619
90,3.1638738070735926,0.6337242817644086,0.07088218314770861,0.7272727272727273,24.558668030110468,0.6337242817644086,0.252827041821713,0.7272727272727273
91,1.6085209360668564,0.6305556603555866,0.0432205706211567,0.7211538461538461,15.050631801839142,0.6305556603555866,0.22346535649450083,0.8810975609756098
92,13.832682177161246,0.6274028820538087,0.19671085374771194,0.7372448979591837,8.042386820256013,0.6274028820538087,0.14911345966427553,0.7272727272727273
93,7.631869076249649,0.6242658676435396,0.15907859173601638,0.8,12.127129248605296,0.6242658676435396,0.13856622730957846,0.7601351351351351
94,2.7293520770794757,0.6211445383053219,0.05765407078115091,0.7619047619047619,20.795897643886583,0.6211445383053219,0.20561327161343002,0.7601351351351351
95,5.200077720371391,0.6180388156137953,0.120666341691782,0.8421052631578947,9.876551193105735,0.6180388156137953,0.1719821575974301,0.7272727272727273
96,11.20148527445263,0.6149486215357263,0.21106934998636537,0.7686170212765957,30.788744645897385,0.6149486215357263,0.2894882464563329,0.7372448979591837
97,7.494038576230693,0.6118738784280476,0.18169985150541643,0.625,6.6042484065950156,0.6118738784280476,0.1172185600975821,0.8421052631578947
98,2.926512125620939,0.6088145090359074,0.10696552790725024,0.7211538461538461,15.8694985498827,0.6088145090359074,0.1942387472931828,0.7272727272727273
99,12.370001630278475,0.6057704364907278,0.1553346503212581,0.7372448979591837,34.51213590481103,0.6057704364907278,0.2946353382260263,0.81
100,7.317271326525582,0.6027415843082742,0.1945704317034734,0.7619047619047619,15.8694985498827,0.6027415843082742,0.1860561139636839,0.7272727272727273
101,8.230640334068116,0.5997278763867329,0.32053002424076066,0.7272727272727273,8.986737678628145,0.5997278763867329,0.18072519257267622,0.8
102,0.7634008447133881,0.5967292370047992,0.0229460159426918,0.765625,19.246100234554376,0.5967292370047992,0.20402495959774922,0.8401162790697675
103,7.666706248211323,0.5937455908197752,0.12135668006022597,0.7272727272727273,5.33520303797979,0.5937455908197752,0.10667978234026493,0.7205882352941176
104,14.362456481827738,0.5907768628656763,0.16874638863247418,0.7372448979591837,16.019702546661513,0.5907768628656763,0.2322608559146365,0.7686170212765957
105,8.313697745556127,0.5878229785513479,0.1436309376893504,0.7372448979591837,7.316907345248179,0.5878229785513479,0.14000747345954032,0.8
106,9.907740688440406,0.5848838636585911,0.27564474838066827,0.7372448979591837,15.76250395992265,0.5848838636585911,0.3054165418818939,0.8
107,6.998245320853325,0.5819594443402982,0.1713197286826042,0.8,37.2622471589841,0.5819594443402982,0.3268734271944917,0.81
108,12.850782352512763,0.5790496471185967,0.22671318575413704,0.7686170212765957,35.47292056409563,0.5790496471185967,0.28756578591088616,0.81
109,11.638516683345578,0.5761543988830038,0.1421627497411587,0.7372448979591837,7.407822899076475,0.5761543988830038,0.14036942708258385,0.8888888888888888
110,6.694803419613839,0.5732736268885887,0.11160482815678023,0.7372448979591837,21.77766394381609,0.5732736268885887,0.11894728707130184,0.7272727272727273
111,5.819259995725578,0.5704072587541458,0.11331876118771393,0.7686170212765957,12.64632056328033,0.5704072587541458,0.11443053657481199,0.7272727272727273
112,6.468798746786296,0.567555222460375,0.09259637092087593,0.8027777777777778,14.406498585026156,0.567555222460375,0.13680421392619138,0.8
113,14.027840696213039,0.5647174463480732,0.31536202639652294,0.7372448979591837,20.590865551601013,0.5647174463480732,0.3175977414113746,0.8401162790697675
114,11.803707684230881,0.5618938591163328,0.1432892467001346,0.7788461538461539,35.332433824466634,0.5618938591163328,0.2847324134904617,0.81
115,12.200978706635647,0.5590843898207511,0.23438794636891203,0.8401162790697675,19.066003503318772,0.5590843898207511,0.20549135542227828,0.7083333333333334
116,9.401718884733787,0.5562889678716474,0.14924105754297778,0.8401162790697675,13.52718720767948,0.5562889678716474,0.198471435601821,0.7083333333333334
117,5.5270702203639,0.5535075230322891,0.11214090060581008,0.6859756097560976,9.041818078994607,0.5535075230322891,0.1546039070146648,0.7272727272727273
118,12.593869365046032,0.5507399854171277,0.2155703565214624,0.8401162790697675,9.002435419916674,0.5507399854171277,0.0608311982394201,0.6805555555555556
119,7.05915031260089,0.547986285490042,0.1442953734907545,0.6666666666666666,12.342736245134438,0.547986285490042,0.1987530923395109,0.7686170212765957
120,11.38075279522086,0.5452463540625918,0.3314528355663517,0.7372448979591837,4.237238150372512,0.5452463540625918,0.09509775219299654,0.7601351351351351
121,4.0023945107802055,0.5425201222922789,0.16143952335203457,0.8,13.848444257454421,0.5425201222922789,0.12674612958288706,0.8
122,5.892424518912878,0.5398075216808175,0.08149589710199792,0.8027777777777778,21.082646237990453,0.5398075216808175,0.31313284337335506,0.7083333333333334
123,6.1034627515044555,0.5371084840724134,0.09637264205970701,0.8810975609756098,22.953662004890752,0.5371084840724134,0.2570087652582613,0.7686170212765957
124,12.619904271978633,0.5344229416520513,0.31145226696582823,0.8027777777777778,10.072929036745991,0.5344229416520513,0.04893194302037773,0.6859756097560976
125,12.520071909737588,0.531750826943791,0.3212112521920314,0.8401162790697675,4.625573868015021,0.531750826943791,0.08060698274808792,0.6540697674418605
126,13.045469432204133,0.5290920728090721,0.49103311736083266,0.7372448979591837,5.893182700212338,0.5290920728090721,0.14146952031835874,0.7601351351351351
127,7.330539998912229,0.5264466124450268,0.23598454368429858,0.7272727272727273,8.498259037784429,0.5264466124450268,0.15923864414579295,0.7272727272727273
128,7.043418822412675,0.5238143793828016,0.23627671394967634,0.7272727272727273,27.140464369904386,0.5238143793828016,0.15354971683072893,0.7372448979591837
129,4.53341319239076,0.5211953074858876,0.11820124718209188,0.7619047619047619,20.269100631933963,0.5211953074858876,0.1998458973263022,0.8401162790697675
130,5.140141341785821,0.5185893309484582,0.28274662825541474,0.7211538461538461,8.160387330799782,0.5185893309484582,0.1604397200061359,0.8421052631578947
131,7.49667979411224,0.5159963842937159,0.15736318223841073,0.7686170212765957,27.422154926969814,0.5159963842937159,0.17189428298604692,0.7083333333333334
132,1.119421633447273,0.5134164023722473,0.009090768354169942,0.8166666666666667,36.0637906304578,0.5134164023722473,0.2731393959118887,0.7788461538461539
133,2.7415761600399033,0.510849320360386,0.09325750923863593,0.7211538461538461,12.434943646291769,0.510849320360386,0.19024519769350579,0.7272727272727273
134,2.855206224338139,0.5082950737585841,0.04275452673184209,0.8421052631578947,14.426786477637203,0.5082950737585841,0.11840931211005697,0.7272727272727273
135,7.811206535728623,0.5057535983897912,0.13093287303045273,0.8027777777777778,7.431486945248319,0.5057535983897912,0.13861702322182118,0.8421052631578947
136,10.220805500351524,0.5032248303978422,0.4687860640371432,0.7619047619047619,21.77766394381609,0.5032248303978422,0.06487476883382057,0.7272727272727273
137,10.019355215829291,0.500708706245853,0.5561588193050298,0.625,13.746163318728847,0.500708706245853,0.11025196141677936,0.6666666666666666
138,10.220805500351524,0.4982051627146237,0.5063597028816464,0.7619047619047619,11.071786243890141,0.4982051627146237,0.07933495893559026,0.8522727272727273
139,14.225484491435015,0.49571413690105054,0.4111273922003578,0.81,27.117414364166997,0.49571413690105054,0.16726961768509743,0.8401162790697675
140,4.475402363328076,0.4932355662165453,0.11679570045244465,0.7272727272727273,5.42134927924603,0.4932355662165453,0.5493746245457211,0.7601351351351351
141,4.631424141919405,0.4907693883854626,0.08131963120362773,0.7272727272727273,22.00221245009368,0.4907693883854626,0.10435456868268737,0.6666666666666666
142,8.728568281112295,0.4883155414435353,0.1576092849237032,0.8027777777777778,13.10759333224799,0.4883155414435353,0.12760507964972118,0.6956521739130435
143,13.024061923639987,0.4858739637363176,0.38689982299624875,0.7686170212765957,17.899737724513116,0.4858739637363176,0.39404209698096426,0.6666666666666666
144,2.944365053424607,0.483444593917636,0.1127413408843418,0.6859756097560976,21.666149952292415,0.483444593917636,0.1015638685415144,0.7619047619047619
145,6.310810780871875,0.4810273709480478,0.09346401360178343,0.7686170212765957,14.735783082566853,0.4810273709480478,0.13418038385641934,0.7619047619047619
146,9.90156063148898,0.47862223409330756,0.49023928645803805,0.7272727272727273,14.253906377294811,0.47862223409330756,0.14628819127237333,0.8421052631578947
147,9.790000200513214,0.47622912292284103,0.4134845490902722,0.7272727272727273,27.214395099873624,0.47622912292284103,0.27859667842634434,0.7788461538461539
148,5.925354247825565,0.4738479773082268,0.5899529533595061,0.6540697674418605,7.748191848983672,0.4738479773082268,0.13110281507997368,0.7211538461538461
149,7.002506690489468,0.47147873742168567,0.09492810734504807,0.8027777777777778,7.032800332601735,0.47147873742168567,0.12363527129872882,0.8888888888888888
150,10.3488897889499,0.46912134373457726,0.3079607305130861,0.7372448979591837,24.1338701215015,0.46912134373457726,0.13960744734599081,0.6956521739130435
151,12.672539925745303,0.46677573701590436,0.39910630051566803,0.7686170212765957,19.07267763144472,0.46677573701590436,0.17281955187411102,0.7372448979591837
152,1.119421633447273,0.46444185833082485,0.0504929015505051,0.8166666666666667,24.74323669715068,0.46444185833082485,0.37280676876423674,0.7372448979591837
153,10.795194523003431,0.46211964903917074,0.5121658807178017,0.6666666666666666,12.127129248605296,0.46211964903917074,0.06631908042742085,0.7601351351351351
154,8.68289321854515,0.4598090507939749,0.23514546910500891,0.8027777777777778,5.293566493314509,0.4598090507939749,0.07406683484311324,0.6540697674418605
155,1.612300260723569,0.457510005540005,0.05186647948498659,0.8522727272727273,9.349061014676362,0.457510005540005,0.1553744717459397,0.7272727272727273
156,10.220805500351524,0.45522245551230495,0.57841518677975,0.7619047619047619,13.324891106294242,0.45522245551230495,0.19295918976237234,0.7686170212765957
157,6.125104508239893,0.4529463432347434,0.11828290386154612,0.8027777777777778,34.940767367900456,0.4529463432347434,0.24413120429484406,0.7788461538461539
158,14.358993989086715,0.4506816115185697,0.21000989727361954,0.7788461538461539,26.583235692406753,0.4506816115185697,0.14563874273070754,0.7372448979591837
159,11.724840857829667,0.4484282034609769,0.5303647018181918,0.7272727272727273,13.735511238411723,0.4484282034609769,0.2008773149585971,0.7686170212765957
160,13.832682177161246,0.446186062443672,0.5502910805810869,0.7372448979591837,33.452757385500206,0.446186062443672,0.20939096671686983,0.7788461538461539
161,3.243158488934161,0.4439551321314536,0.09888657253642646,0.7601351351351351,6.7988249768520745,0.4439551321314536,0.0868178224829476,0.7619047619047619
162,2.776096505868559,0.4417353564707963,0.08877334028799903,0.7211538461538461,24.558668030110468,0.4417353564707963,0.1293971365591132,0.7272727272727273
163,13.528053578969756,0.43952667968844233,0.5726541087816859,0.7083333333333334,27.215368181698807,0.43952667968844233,0.12189330325897063,0.7372448979591837
164,13.25361505319634,0.43732904629000013,0.5498922711673474,0.8027777777777778,22.144770674973376,0.43732904629000013,0.06098194767506086,0.6956521739130435
165,7.844599051160128,0.4351424010585501,0.12433928065256378,0.8401162790697675,22.02690886142576,0.4351424010585501,0.11478091912679941,0.625
166,4.4974172850872325,0.43296668905325736,0.11728060191195344,0.7272727272727273,24.87800603203969,0.43296668905325736,0.13152736118049918,0.8
167,10.21338989346839,0.43080185560799106,0.6771150856866759,0.6666666666666666,33.20318917547851,0.43080185560799106,0.17917409832973183,0.7788461538461539
168,13.143152126377469,0.4286478463299511,0.3191726780622673,0.7372448979591837,21.21351082426966,0.4286478463299511,0.3075128050027596,0.7083333333333334
169,5.009629847209138,0.42650460709830135,0.07834555950156731,0.8,20.94525091488054,0.42650460709830135,0.29789221002410265,0.7083333333333334
170,1.8712399612873458,0.42437208406280985,0.0864956143923129,0.7601351351351351,5.276830914695642,0.42437208406280985,0.07496482975663254,0.6540697674418605
171,2.325213678862214,0.4222502236424958,0.05258361682369376,0.7211538461538461,15.8694985498827,0.4222502236424958,0.14403850941580354,0.7272727272727273
172,2.3578330417355335,0.42013897252428334,0.1646407816174981,0.6859756097560976,8.828343360005803,0.42013897252428334,0.02100350410389587,0.7205882352941176
173,5.527648396801977,0.4180382776616619,0.08660670477397772,0.7272727272727273,10.331810202032159,0.4180382776616619,0.15983042971152314,0.7619047619047619
174,5.941480185514565,0.4159480862733536,0.1098436240272097,0.7083333333333334,4.5559118378452625,0.4159480862733536,0.08365331828606472,0.6125
175,12.990273144616822,0.41386834584198684,0.5503062863381631,0.8027777777777778,22.540387887619975,0.41386834584198684,0.054581706846895006,0.6666666666666666
176,13.18236744011639,0.4117990041127769,0.5603428724312165,0.8027777777777778,15.623838682501827,0.4117990041127769,0.2189947512396299,0.7686170212765957
177,13.31357628668666,0.40974000909221303,0.5108723013102499,0.7083333333333334,9.557787732927716,0.40974000909221303,0.13839932233104896,0.7272727272727273
178,6.338951237814544,0.40769130904675194,0.593800565470976,0.6540697674418605,11.037590385794465,0.40769130904675194,0.17194166556143056,0.8401162790697675
179,10.577988813256033,0.40565285250151817,0.2659580238791439,0.8027777777777778,16.84314920377887,0.40565285250151817,0.26728542498585833,0.7372448979591837
180,9.107193931907346,0.4036245882390106,0.6430160175470075,0.6859756097560976,4.182688575137836,0.4036245882390106,0.09543292303389585,0.8035714285714286
181,6.424518703962703,0.4016064652978155,0.27563295585282555,0.7272727272727273,32.891508478744015,0.4016064652978155,0.1730231165763653,0.81
182,11.242479554798564,0.3995984329713264,0.28056488523276163,0.7372448979591837,8.518219381012836,0.3995984329713264,0.14978235061974562,0.7272727272727273
183,12.633071781203345,0.3976004408064698,0.45100896600764867,0.7372448979591837,21.452641430883297,0.3976004408064698,0.057704483146816865,0.7619047619047619
184,10.21338989346839,0.39561243860243744,0.5287033150475836,0.6666666666666666,7.63544288933173,0.39561243860243744,0.09488257118102021,0.7272727272727273
185,10.21338989346839,0.3936343764094253,0.5249641674675527,0.6666666666666666,24.440075503389984,0.3936343764094253,0.10385191059851251,0.7619047619047619
186,0.30126226256757616,0.39166620452737816,0.9715567728422546,0.6401515151515151,33.58302471761302,0.39166620452737816,0.20094175830559188,0.81
187,13.18236744011639,0.3897078735047413,0.5788284164246661,0.8027777777777778,12.127129248605296,0.3897078735047413,0.051097259768883546,0.7601351351351351
188,9.330250134948805,0.3877593341372176,0.43698277671830077,0.8027777777777778,20.198057971251096,0.3877593341372176,0.18892890724236877,0.7372448979591837
189,9.90156063148898,0.3858205374665315,0.7236905970704408,0.7272727272727273,35.103553204592174,0.3858205374665315,0.2289205666633333,0.81
190,10.813819126306697,0.38389143477919885,0.1861250283698353,0.7788461538461539,4.48933250526528,0.38389143477919885,0.08814888330026655,0.8522727272727273
191,9.003304958156642,0.3819719776053028,0.37332583189586915,0.8027777777777778,18.76981135260383,0.3819719776053028,0.16738882293194815,0.7686170212765957
192,6.001665560308453,0.3800621177172763,0.4850208097733762,0.7272727272727273,24.558668030110468,0.3800621177172763,0.09200040834043247,0.7272727272727273
193,10.616742659272521,0.37816180712868996,0.5691750941140323,0.8,21.77766394381609,0.37816180712868996,0.056817298750211034,0.7272727272727273
194,12.81654084805496,0.37627099809304654,0.533458434413845,0.7372448979591837,9.002435419916674,0.37627099809304654,0.02895983488083843,0.6805555555555556
195,12.81654084805496,0.3743896431025813,0.5106492621361999,0.7372448979591837,10.331810202032159,0.3743896431025813,0.14971155522325247,0.7619047619047619
196,6.295237624632483,0.37251769488706843,0.12754763109747316,0.7686170212765957,20.96526127763088,0.37251769488706843,0.19073483982772496,0.8027777777777778
197,7.0884671836896995,0.3706551064126331,0.250872693146123,0.6666666666666666,29.952437463132703,0.3706551064126331,0.16694336734626666,0.7686170212765957
198,13.832682177161246,0.36880183088056995,0.5635122297380102,0.7372448979591837,26.455200343859467,0.36880183088056995,0.18281630581557473,0.7372448979591837
199,6.7172671128349,0.3669578217261671,0.29849663777487384,0.7272727272727273,11.315559713974368,0.3669578217261671,0.060200582894665275,0.8035714285714286
200,10.9314477826549,0.36512303261753626,0.5488258108327744,0.7272727272727273,3.5152837464056503,0.36512303261753626,0.06203674447246567,0.8035714285714286
201,15.926362237714223,0.3632974174544486,0.43723502656558505,0.7788461538461539,31.1752099563694,0.3632974174544486,0.3945103555921193,0.7788461538461539
202,6.409332788668855,0.3614809303671764,0.1439756204940927,0.8401162790697675,9.349061014676362,0.3614809303671764,0.15156138690529364,0.7272727272727273
203,12.673349329101097,0.3596735257153405,0.1339899061702222,0.7788461538461539,7.144465884499467,0.3596735257153405,0.11712705579632968,0.8421052631578947
204,3.2550998511593447,0.3578751580867638,0.11256100765363353,0.7272727272727273,27.140464369904386,0.3578751580867638,0.07988253290112546,0.7372448979591837
205,1.8709643239989446,0.35608578229633,0.15069417655210035,0.6859756097560976,35.05287357130771,0.35608578229633,0.17914559220221055,0.7788461538461539
206,6.424518703962703,0.3543053533848483,0.31277592346999505,0.7272727272727273,24.1338701215015,0.3543053533848483,0.08629573326723483,0.6956521739130435
207,14.709600900961647,0.35253382661792404,0.4054724657680425,0.7788461538461539,12.137307089988427,0.35253382661792404,0.2015244357637359,0.7686170212765957
208,12.81654084805496,0.3507711574848344,0.49323243641071984,0.7372448979591837,15.815192365051086,0.3507711574848344,0.24901203681012019,0.8027777777777778
209,5.3784648251316485,0.34901730169741024,0.07077516676676214,0.7686170212765957,27.140464369904386,0.34901730169741024,0.07478084140675888,0.7372448979591837
210,3.352149660668884,0.3472722151889232,0.08386358304245307,0.8,27.140464369904386,0.3472722151889232,0.07334523601160366,0.7372448979591837
211,9.64493122221819,0.3455358541129786,0.5000270126079951,0.7272727272727273,35.05287357130771,0.3455358541129786,0.1732706131073591,0.7788461538461539
212,8.03491574768499,0.3438081748424137,0.11093408024444291,0.8027777777777778,6.885892501285654,0.3438081748424137,0.1267180784284303,0.7272727272727273
213,3.2675532296048115,0.3420891339682016,0.07334452497295105,0.7619047619047619,36.59281089993421,0.3420891339682016,0.20903024490742217,0.81
214,12.490639297512857,0.3403786882983606,0.4157638189346466,0.8027777777777778,32.891508478744015,0.3403786882983606,0.14337059421883505,0.81
215,7.05915031260089,0.3386767948568688,0.1904550399804806,0.6666666666666666,35.59757069596574,0.3386767948568688,0.231700900576882,0.7788461538461539
216,9.974809319624338,0.33698341088258443,0.2426690701106816,0.7372448979591837,12.64632056328033,0.33698341088258443,0.07963025582678905,0.7272727272727273
217,6.448378269803223,0.3352984938281715,0.23835502022596788,0.8,9.78647295054336,0.3352984938281715,0.4985314624993981,0.6447368421052632
218,7.067148296490807,0.33362200135903064,0.14147459069896642,0.8027777777777778,27.01776479733495,0.33362200135903064,0.13227155978584962,0.7372448979591837
219,5.38470973933369,0.33195389135223546,0.3071730504113019,0.6859756097560976,18.11810251025043,0.33195389135223546,0.14023463662390528,0.7083333333333334
220,3.715818408297317,0.3302941218954743,0.10645103109307268,0.7272727272727273,13.071639765980494,0.3302941218954743,0.0938129806697244,0.8
221,13.082226629894645,0.32864265128599696,0.4246336700667193,0.7372448979591837,28.79473423139417,0.32864265128599696,0.15265409263007299,0.7372448979591837
222,2.7415761600399033,0.326999438029567,0.10194561489101996,0.7211538461538461,13.927383688826586,0.326999438029567,0.08095838166204461,0.8
223,12.041369720818508,0.3253644408394192,0.33107709928414397,0.7372448979591837,27.140464369904386,0.3253644408394192,0.07147846055573677,0.7372448979591837
224,12.297799374148484,0.3237376186352221,0.34653706817253,0.7372448979591837,22.540387887619975,0.3237376186352221,0.09215928979337881,0.6666666666666666
225,10.561519048979278,0.322118930542046,0.24183298514870377,0.7372448979591837,10.11439691351972,0.322118930542046,0.15250850494055496,0.6956521739130435
226,13.277672384084042,0.32050833588933575,0.29417473534041605,0.7372448979591837,33.389158974591695,0.32050833588933575,0.19504393764935443,0.7788461538461539
227,15.054750735739871,0.31890579420988907,0.3275516950923883,0.7788461538461539,22.540387887619975,0.31890579420988907,0.07077811693446825,0.6666666666666666
228,15.054750735739871,0.3173112652388396,0.31217133571157063,0.7788461538461539,18.234230168661174,0.3173112652388396,0.14652165520380622,0.8810975609756098
229,4.73538061238702,0.3157247089126454,0.09103034335079777,0.6956521739130435,11.862306014674727,0.3157247089126454,0.22324765072845767,0.8
230,12.427058613938906,0.3141460853680822,0.36135301649590273,0.7083333333333334,34.09702015916865,0.3141460853680822,0.15564380489252155,0.81
231,4.374867500711196,0.3125753549412418,0.2035087814061448,0.6814516129032258,28.37494926510985,0.3125753549412418,0.14441241675809977,0.7372448979591837
232,12.81654084805496,0.31101247816653554,0.3434674281232857,0.7372448979591837,22.49761046355428,0.31101247816653554,0.217942807335922,0.7372448979591837
233,4.536283661387261,0.30945741577570285,0.099289286365847,0.8,13.229278549588724,0.30945741577570285,0.32657833429670924,0.7601351351351351
234,5.179877064764349,0.3079101286968243,0.09599957178208995,0.7211538461538461,29.851145995130288,0.3079101286968243,0.13921762502754345,0.7372448979591837
235,13.280916867293522,0.3063705780533402,0.2584194318615537,0.8027777777777778,17.354123357266253,0.3063705780533402,0.1318519787144284,0.7372448979591837
236,12.81654084805496,0.30483872516307353,0.2838641604818212,0.7372448979591837,27.140464369904386,0.30483872516307353,0.05787341237084672,0.7372448979591837
237,5.216357510720357,0.3033145315372582,0.0921323306025254,0.7601351351351351,23.515577579536274,0.3033145315372582,0.0814090763855293,0.8027777777777778
238,10.21338989346839,0.3017979588795719,0.32953203423969046,0.6666666666666666,31.13899103271202,0.3017979588795719,0.19206508898592958,0.7372448979591837
239,10.21338989346839,0.30028896908517405,0.32029372211096024,0.6666666666666666,18.05717090992177,0.30028896908517405,0.14007864599048556,0.7083333333333334
240,8.964347557064547,0.2987875242397482,0.2945083849121732,0.6666666666666666,26.80011823545337,0.2987875242397482,0.38803789489605917,0.8027777777777778
241,5.232031502158497,0.29729358661854943,0.08185599612286497,0.7372448979591837,22.144770674973376,0.29729358661854943,0.06263196920691974,0.6956521739130435
242,12.81654084805496,0.29580711868545667,0.25206981362210484,0.7372448979591837,33.91425014990408,0.29580711868545667,0.17326820493204192,0.81
243,12.633071781203345,0.2943280830920294,0.21183513411725943,0.7372448979591837,13.46791797493601,0.2943280830920294,0.22044820564686915,0.7686170212765957
244,14.410806283028734,0.29285644267656924,0.20907660572731804,0.8401162790697675,33.91425014990408,0.29285644267656924,0.168765166868757,0.81
245,6.694803419613839,0.2913921604631864,0.0931954304451569,0.7372448979591837,4.767957765164448,0.2913921604631864,0.15230723640064794,0.7601351351351351
246,13.744716370280155,0.28993519966087045,0.1680532764432492,0.8401162790697675,36.27221118488175,0.28993519966087045,0.22745853669071997,0.7788461538461539
247,2.700567160410279,0.2884855236625661,0.058740467000979193,0.6540697674418605,35.825319456867206,0.2884855236625661,0.2101866168157766,0.7788461538461539
248,14.93463073616985,0.28704309604425327,0.1290758471282902,0.7788461538461539,24.323428805282905,0.28704309604425327,0.08262967755480762,0.6956521739130435
249,5.179877064764349,0.285607880564032,0.08590863933077897,0.7211538461538461,26.728846138999486,0.285607880564032,0.08375483565372648,0.7372448979591837
250,10.801440659715158,0.28417984116121187,0.13819237930219877,0.7619047619047619,27.140464369904386,0.28417984116121187,0.054949725830658415,0.7372448979591837
251,10.529274775686043,0.2827589419554058,0.13686971900959555,0.7686170212765957,31.97627631165591,0.2827589419554058,0.1232257753303528,0.7372448979591837
252,5.216357510720357,0.28134514724562876,0.09298944122347236,0.7601351351351351,15.76250395992265,0.28134514724562876,0.29145080574663573,0.8
253,8.964347557064547,0.2799384215094006,0.1813771150902837,0.6666666666666666,27.140464369904386,0.2799384215094006,0.04980472193034854,0.7372448979591837
254,3.2810695438442603,0.27853872940185365,0.1756622824072463,0.7619047619047619,21.577869074287474,0.27853872940185365,0.21026165092963778,0.8027777777777778
255,5.232031502158497,0.27714603575484437,0.1115208496400538,0.7372448979591837,11.346118659248575,0.27714603575484437,0.18488777376022555,0.7686170212765957
256,14.362456481827738,0.2757603055760701,0.16829337883372752,0.7372448979591837,27.215368181698807,0.2757603055760701,0.07282494886142248,0.7372448979591837
257,9.025222711784943,0.2743815040481898,0.07580756586156724,0.7372448979591837,9.349061014676362,0.2743815040481898,0.14592121125455673,0.7272727272727273
258,10.968781704095344,0.2730095965279488,0.14541913408829477,0.7619047619047619,11.09996513037366,0.2730095965279488,0.05556354202291146,0.8522727272727273
259,5.621856927696743,0.27164454854530906,0.09793788135066026,0.6540697674418605,3.315687899798972,0.27164454854530906,0.06833360404511533,0.6859756097560976
260,13.885916933158388,0.2702863258025825,0.2069046771993911,0.7372448979591837,22.584081777833386,0.2702863258025825,0.07376643610461568,0.6666666666666666
261,10.12420108957898,0.2689348941735696,0.10902574012031473,0.8401162790697675,12.587795697923644,0.2689348941735696,0.0780124439193925,0.6666666666666666
262,7.470467778384323,0.26759021970270175,0.13674002983114622,0.7619047619047619,32.891508478744015,0.26759021970270175,0.1180664631121344,0.81
263,10.220805500351524,0.2662522686041882,0.15413048848637473,0.7619047619047619,31.89057478785464,0.2662522686041882,0.19712777504466084,0.8027777777777778
264,15.054750735739871,0.2649210072611673,0.1292063185743668,0.7788461538461539,20.09539204957991,0.2649210072611673,0.06743116180955723,0.6859756097560976
265,6.79829680049639,0.26359640222486147,0.21301704654390063,0.7372448979591837,21.94754057260297,0.26359640222486147,0.08827108846854502,0.7272727272727273
266,6.018953934810469,0.26227842021373715,0.15259265748024564,0.7211538461538461,11.022278583309225,0.26227842021373715,0.0703790749707118,0.7601351351351351
267,7.491707723029549,0.2609670281126685,0.18815738653580713,0.6666666666666666,14.002203131551079,0.2609670281126685,0.07208836733878524,0.7619047619047619
268,6.205176227854822,0.25966219297210513,0.11028662920001991,0.7686170212765957,11.790697063660883,0.25966219297210513,0.1735135327043189,0.7686170212765957
269,13.516217729053285,0.2583638820072446,0.13515418211245825,0.8401162790697675,10.331810202032159,0.2583638820072446,0.14318197392685578,0.7619047619047619
270,15.054750735739871,0.2570720625972084,0.1568998994220016,0.7788461538461539,35.05287357130771,0.2570720625972084,0.140888685229228,0.7788461538461539
271,4.739648607451217,0.25578670228422234,0.12359519036964195,0.7619047619047619,22.540387887619975,0.25578670228422234,0.0608056599061487,0.6666666666666666
272,10.093677439079475,0.25450776877280124,0.10358298437079579,0.7372448979591837,27.140464369904386,0.25450776877280124,0.048019260293915456,0.7372448979591837
273,14.468223581525502,0.2532352299289372,0.12427961139141058,0.7372448979591837,21.77766394381609,0.2532352299289372,0.07836202701422434,0.7272727272727273
274,11.336891164329504,0.2519690537792925,0.09559276830624092,0.7272727272727273,24.793423423793993,0.2519690537792925,0.04929872625640665,0.7619047619047619
275,12.288660908824081,0.2507092085103961,0.29057307941927224,0.7372448979591837,27.599353698722442,0.2507092085103961,0.3239975542362326,0.81
276,15.987071571418237,0.2494556624678441,0.13633098179029648,0.7788461538461539,15.463297910535198,0.2494556624678441,0.2252783469558627,0.8027777777777778
277,12.81654084805496,0.24820838415550486,0.12984255149967106,0.7372448979591837,11.462023333483968,0.24820838415550486,0.16997663926966677,0.8401162790697675
278,10.21338989346839,0.24696734223472733,0.13179883241854967,0.6666666666666666,35.37197655835544,0.24696734223472733,0.17779592522543503,0.7788461538461539
279,12.81654084805496,0.2457325055235537,0.11907569108796716,0.7372448979591837,32.70939006041577,0.2457325055235537,0.38610361856555564,0.7788461538461539
280,15.715631925151033,0.24450384299593592,0.11688906775451582,0.81,14.111033041083463,0.24450384299593592,0.25443360761161526,0.7272727272727273
281,15.229881923853698,0.24328132378095624,0.08547231121543618,0.7788461538461539,33.03172029228395,0.24328132378095624,0.18198878759408701,0.7788461538461539
282,11.630709093910289,0.24206491716205145,0.1804518252338846,0.7372448979591837,27.140464369904386,0.24206491716205145,0.04587714415087892,0.7372448979591837
283,12.055771194228775,0.2408545925762412,0.20182010488550792,0.7372448979591837,13.80810342022848,0.2408545925762412,0.1915758697949199,0.8027777777777778
284,16.039078739686538,0.23965031961336,0.12195572649078755,0.7788461538461539,19.26292512599775,0.23965031961336,0.28684593794812396,0.6666666666666666
285,10.21338989346839,0.2384520680152932,0.09333915378414903,0.6666666666666666,22.540387887619975,0.2384520680152932,0.06500256264627693,0.6666666666666666
286,12.200978706635647,0.23725980767521673,0.1309903736199581,0.8401162790697675,25.294832471468162,0.23725980767521673,0.3096529857002867,0.8027777777777778
287,13.484063049987,0.23607350863684065,0.19158295760022823,0.7788461538461539,22.540387887619975,0.23607350863684065,0.06234514084327096,0.6666666666666666
288,10.838773183064095,0.23489314109365644,0.29740539803335914,0.7372448979591837,24.558668030110468,0.23489314109365644,0.07590529750348778,0.7272727272727273
289,5.264146100545692,0.23371867538818816,0.17556458409757839,0.7205882352941176,33.20318917547851,0.23371867538818816,0.10922240235387662,0.7788461538461539
290,4.254035082444959,0.23255008201124722,0.09917167671617404,0.7272727272727273,15.092723444297754,0.23255008201124722,0.24415797392928887,0.8027777777777778
291,13.990274452152361,0.231387331601191,0.13328906673612248,0.8027777777777778,32.50211796486032,0.231387331601191,0.15715091775328832,0.81
292,5.232031502158497,0.23023039494318503,0.1110966617998762,0.7372448979591837,19.789413872322,0.23023039494318503,0.17281824385621522,0.8027777777777778
293,13.744716370280155,0.2290792429684691,0.11995715108103631,0.8401162790697675,27.215368181698807,0.2290792429684691,0.05885193072414347,0.7372448979591837
294,9.05899872356961,0.22793384675362674,0.11709397795787581,0.7211538461538461,27.078304569119286,0.22793384675362674,0.11122572019962483,0.8401162790697675
295,9.914766538386425,0.22679417751985861,0.12019223150655425,0.6666666666666666,3.4067314029859403,0.22679417751985861,0.05860081067029556,0.6859756097560976
296,9.689619959108256,0.22566020663225933,0.11944736015446596,0.7372448979591837,34.79778680274513,0.22566020663225933,0.18317184703128914,0.7788461538461539
297,10.220805500351524,0.22453190559909803,0.11026124748438686,0.7619047619047619,18.12745273775732,0.22453190559909803,0.252308939929245,0.7372448979591837
298,15.754053521751208,0.22340924607110255,0.20496514654340395,0.7788461538461539,27.140464369904386,0.22340924607110255,0.03785769880190867,0.7372448979591837
299,12.633071781203345,0.22229219984074702,0.12841976878316422,0.7372448979591837,29.851145995130288,0.22229219984074702,0.10052528878326678,0.7372448979591837
300,12.7406342434957,0.2211807388415433,0.10100281113938225,0.7372448979591837,22.584081777833386,0.2211807388415433,0.08228360504082291,0.6666666666666666
301,12.81654084805496,0.22007483514733558,0.11428686122658836,0.7372448979591837,13.247140279667432,0.22007483514733558,0.31481433972516637,0.7601351351351351
302,4.4974172850872325,0.2189744609715989,0.1489956135234463,0.7272727272727273,27.140464369904386,0.2189744609715989,0.035095255427388596,0.7372448979591837
303,6.985231365860941,0.2178795886667409,0.2751838897328637,0.7601351351351351,26.955231246483862,0.2178795886667409,0.09284031196692656,0.7083333333333334
304,9.689619959108256,0.2167901907234072,0.12370703657214786,0.7372448979591837,22.540387887619975,0.2167901907234072,0.06950699346678171,0.6666666666666666
305,9.589570770168873,0.21570623976979014,0.06497306121000171,0.7619047619047619,28.607988379810067,0.21570623976979014,0.13825096559124964,0.7372448979591837
306,13.900201817089263,0.21462770857094118,0.1652456267844929,0.7083333333333334,19.266897954418894,0.21462770857094118,0.259783374408329,0.7372448979591837
307,11.348938085925587,0.21355457002808648,0.13736223280285156,0.6666666666666666,27.140464369904386,0.21355457002808648,0.03208931870572392,0.7372448979591837
308,9.293986604447829,0.21248679717794605,0.10581740085200263,0.7083333333333334,16.565034128636547,0.21248679717794605,0.2610301927015352,0.7686170212765957
309,12.81654084805496,0.21142436319205632,0.12856498207576814,0.7372448979591837,35.21535601665542,0.21142436319205632,0.20472155979115153,0.7788461538461539
310,7.068841171904162,0.21036724137609603,0.21058279024121945,0.7272727272727273,4.525984620958175,0.21036724137609603,0.09914743101709556,0.7211538461538461
311,12.379397691636775,0.20931540516921554,0.13362599953519425,0.7372448979591837,20.09539204957991,0.20931540516921554,0.08175858025329757,0.6859756097560976
312,9.205096535542594,0.20826882814336947,0.325341779184164,0.6666666666666666,22.584081777833386,0.20826882814336947,0.07858982160299158,0.6666666666666666
313,10.220805500351524,0.20722748400265262,0.14389959559187174,0.7619047619047619,33.47442671446908,0.20722748400265262,0.13910284330594663,0.7788461538461539
314,8.814184495276107,0.20619134658263935,0.1214779029177786,0.8027777777777778,27.140464369904386,0.20619134658263935,0.033712792792584656,0.7372448979591837
315,11.521737383343918,0.20516038984972615,0.14512868526791753,0.7372448979591837,12.127129248605296,0.20516038984972615,0.05999771771673701,0.7601351351351351
316,9.953471717518077,0.2041345879004775,0.1299844497754528,0.7619047619047619,27.01776479733495,0.2041345879004775,0.07758592123257908,0.7372448979591837
317,13.082226629894645,0.2031139149609751,0.19106659241395466,0.7372448979591837,33.91425014990408,0.2031139149609751,0.14315189779093768,0.81
318,12.379397691636775,0.20209834538617025,0.108084786627122,0.7372448979591837,13.045984197839978,0.20209834538617025,0.09453691597212166,0.7272727272727273
319,7.068841171904162,0.2010878536592394,0.18335497542820298,0.7272727272727273,35.05287357130771,0.2010878536592394,0.12622276838926935,0.7788461538461539
320,12.935658946318782,0.2000824143909432,0.1211600592609975,0.8027777777777778,24.558668030110468,0.2000824143909432,0.0687114314415241,0.7272727272727273
321,15.054750735739871,0.19908200231898848,0.1428427845121457,0.7788461538461539,27.140464369904386,0.19908200231898848,0.03981180991865285,0.7372448979591837
322,10.21338989346839,0.19808659230739353,0.10455789415698713,0.6666666666666666,35.05287357130771,0.19808659230739353,0.12275259647877138,0.7788461538461539
323,5.095730756745033,0.19709615934585656,0.31421626887605,0.6447368421052632,22.144770674973376,0.19709615934585656,0.08154501974389053,0.6956521739130435
324,12.81654084805496,0.19611067854912728,0.1917880155825742,0.7372448979591837,19.050011974850683,0.19611067854912728,0.0792297749921621,0.6805555555555556
325,10.292092071614178,0.19513012515638165,0.09461097786178424,0.8027777777777778,27.34027000269918,0.19513012515638165,0.08376001295428509,0.8027777777777778
326,9.790000200513214,0.19415447453059972,0.22774736102239362,0.7272727272727273,9.78647295054336,0.19415447453059972,0.5476462398289852,0.6447368421052632
327,14.362456481827738,0.19318370215794672,0.2261790735978948,0.7372448979591837,7.63544288933173,0.19318370215794672,0.07139507616608842,0.7272727272727273
328,9.953471717518077,0.192217783647157,0.17803122914550434,0.7619047619047619,33.20318917547851,0.192217783647157,0.11679389967233324,0.7788461538461539
329,12.041496099247826,0.1912566947289212,0.17528944150285355,0.7083333333333334,26.955231246483862,0.1912566947289212,0.1379065769316624,0.7083333333333334
330,10.21338989346839,0.1903004112552766,0.18529899825496227,0.6666666666666666,22.02690886142576,0.1903004112552766,0.1768853022112876,0.625
331,10.83197226695606,0.18934890919900021,0.15984014544970254,0.7619047619047619,31.305946220199644,0.18934890919900021,0.38499177373330884,0.7788461538461539
332,12.427058613938906,0.18840216465300522,0.12392484147472078,0.7083333333333334,22.00221245009368,0.18840216465300522,0.07511424073119106,0.6666666666666666
333,10.50772589369742,0.18746015382974018,0.09023284171051726,0.7686170212765957,12.199069181200617,0.18746015382974018,0.2236594049782421,0.8027777777777778
334,14.362456481827738,0.1865228530605915,0.1942773878589096,0.7372448979591837,32.50211796486032,0.1865228530605915,0.16099365219253967,0.81
335,10.220805500351524,0.18559023879528855,0.14726424507334995,0.7619047619047619,28.65787019280285,0.18559023879528855,0.13509636612867978,0.7372448979591837
336,10.361389926611979,0.1846622876013121,0.12400762780617132,0.8027777777777778,39.16328505147051,0.1846622876013121,0.2733521608748995,0.81
337,7.589918065097959,0.18373897616330553,0.19907152347770804,0.7272727272727273,35.47292056409563,0.18373897616330553,0.17098946981180044,0.81
338,15.054750735739871,0.182820281282489,0.16226426560262727,0.7788461538461539,14.095652765281208,0.182820281282489,0.1638784046731673,0.8027777777777778
339,10.21338989346839,0.18190617987607657,0.14274887445509324,0.6666666666666666,21.636471784495203,0.18190617987607657,0.06900576601114967,0.7619047619047619
340,12.200978706635647,0.18099664897669618,0.1574753033473637,0.8401162790697675,33.452757385500206,0.18099664897669618,0.15369039158765338,0.7788461538461539
341,9.750737589671505,0.1800916657318127,0.12967039852579706,0.6956521739130435,21.283199401552626,0.1800916657318127,0.0764286549550615,0.6666666666666666
342,11.804439214389465,0.17919120740315364,0.08524974967374846,0.7788461538461539,30.333168023659407,0.17919120740315364,0.12734324383057247,0.7372448979591837
343,11.201537602743963,0.17829525136613786,0.15772227087585217,0.7272727272727273,27.140464369904386,0.17829525136613786,0.06494495583171622,0.7372448979591837
344,15.054750735739871,0.17740377510930716,0.16013325176328969,0.7788461538461539,13.247140279667432,0.17740377510930716,0.30046943734959103,0.7601351351351351
345,8.994666031256674,0.17651675623376062,0.11577970857125726,0.7372448979591837,26.728846138999486,0.17651675623376062,0.0800431532592682,0.7372448979591837
346,15.454212076910347,0.1756341724525918,0.14740046014543542,0.7788461538461539,22.540387887619975,0.1756341724525918,0.05923241282025895,0.6666666666666666
347,12.81654084805496,0.17475600159032884,0.11354243271828562,0.7372448979591837,13.045984197839978,0.17475600159032884,0.08542243351889202,0.7272727272727273
348,2.015940124339394,0.17388222158237718,0.22038241862584207,0.6540697674418605,26.728846138999486,0.17388222158237718,0.07672548436121901,0.7372448979591837
349,14.362456481827738,0.1730128104744653,0.18526373918596284,0.7372448979591837,28.84850203226096,0.1730128104744653,0.12450044712936102,0.8027777777777778
350,10.72986733407899,0.17214774642209296,0.16861376263598826,0.7372448979591837,22.540387887619975,0.17214774642209296,0.05920981505146568,0.6666666666666666
351,13.832682177161246,0.1712870076899825,0.18047982593508652,0.7372448979591837,27.140464369904386,0.1712870076899825,0.05666055742180465,0.7372448979591837
352,12.81654084805496,0.17043057265153258,0.1372933900580924,0.7372448979591837,33.20318917547851,0.17043057265153258,0.10106233802742814,0.7788461538461539
353,13.785976879322575,0.16957841978827493,0.16985060081015024,0.8027777777777778,23.275084157618043,0.16957841978827493,0.26941314828266777,0.8027777777777778
354,14.189684774505977,0.16873052768933355,0.1963009175583976,0.7372448979591837,22.540387887619975,0.16873052768933355,0.06141160928202094,0.6666666666666666
355,12.81654084805496,0.1678868750508869,0.16244475018211385,0.7372448979591837,37.59788866503661,0.1678868750508869,0.249444954290753,0.7788461538461539
356,7.895839749990545,0.16704744067563246,0.13819810499728505,0.7686170212765957,27.140464369904386,0.16704744067563246,0.05419153343126837,0.7372448979591837
357,11.776048688104508,0.1662122034722543,0.34521383029363034,0.7372448979591837,27.140464369904386,0.1662122034722543,0.050640713364270264,0.7372448979591837
358,9.914766538386425,0.16538114245489302,0.1668875610796789,0.6666666666666666,26.46226343393879,0.16538114245489302,0.061295213133339584,0.7686170212765957
359,6.448378269803223,0.16455423674261854,0.08889015680911524,0.8,18.622433808056446,0.16455423674261854,0.15595269108182938,0.7686170212765957
360,9.90156063148898,0.16373146555890544,0.17645735971716842,0.7272727272727273,11.037590385794465,0.16373146555890544,0.1643548929690604,0.8401162790697675
361,14.362456481827738,0.16291280823111093,0.19646930360866557,0.7372448979591837,26.277030310518267,0.16291280823111093,0.08781340962525419,0.7372448979591837
362,14.362456481827738,0.16209824418995536,0.16810537529871739,0.7372448979591837,22.540387887619975,0.16209824418995536,0.06842143148206574,0.6666666666666666
363,7.317271326525582,0.16128775296900558,0.36682679896459225,0.7619047619047619,22.540387887619975,0.16128775296900558,0.06643043603887686,0.6666666666666666
364,12.379397691636775,0.16048131420416054,0.1497965606674914,0.7372448979591837,22.540387887619975,0.16048131420416054,0.06447283772313828,0.6666666666666666
365,15.520515896408057,0.15967890763313974,0.14678371860563885,0.8804347826086957,33.91425014990408,0.15967890763313974,0.14630965857228756,0.81
366,12.297799374148484,0.15888051309497406,0.17103337468890456,0.7372448979591837,27.140464369904386,0.15888051309497406,0.05038990124561282,0.7372448979591837
367,12.81654084805496,0.1580861105294992,0.14420994013189053,0.7372448979591837,5.42134927924603,0.1580861105294992,0.6847241022996058,0.7601351351351351
368,12.7406342434957,0.1572956799768517,0.12346124974618779,0.7372448979591837,35.297584089117024,0.1572956799768517,0.23920261811655966,0.7788461538461539
369,14.362456481827738,0.15650920157696743,0.16423094645054234,0.7372448979591837,33.20318917547851,0.15650920157696743,0.12325441809916704,0.7788461538461539
370,8.617856273182106,0.1557266555690826,0.2669013284463195,0.6666666666666666,22.540387887619975,0.1557266555690826,0.08112645493956286,0.6666666666666666
371,15.054750735739871,0.1549480222912372,0.11821705075544998,0.7788461538461539,18.598739857877348,0.1549480222912372,0.23409592303032434,0.7372448979591837
372,12.427058613938906,0.15417328217978102,0.12209770824902806,0.7083333333333334,36.26057796051261,0.15417328217978102,0.22928928488514486,0.7788461538461539
373,4.254035082444959,0.1534024157688821,0.14423127768194227,0.7272727272727273,28.84850203226096,0.1534024157688821,0.12838821720971808,0.8027777777777778
374,10.21338989346839,0.1526354036900377,0.1517133458590868,0.6666666666666666,27.140464369904386,0.1526354036900377,0.0688587920556345,0.7372448979591837
375,3.2550998511593447,0.1518722266715875,0.19941043276511006,0.7272727272727273,13.80810342022848,0.1518722266715875,0.16759599043137116,0.8027777777777778
376,9.330250134948805,0.15111286553822956,0.09499252290125702,0.8027777777777778,26.955231246483862,0.15111286553822956,0.10938092578747832,0.7083333333333334
377,12.384472552580952,0.15035730121053842,0.33028309438398895,0.7372448979591837,33.20318917547851,0.15035730121053842,0.10624365426401487,0.7788461538461539
378,5.216357510720357,0.14960551470448571,0.08506884048017184,0.7601351351351351,27.140464369904386,0.14960551470448571,0.06078801651964353,0.7372448979591837
379,13.832682177161246,0.14885748713096328,0.15848658058582463,0.7372448979591837,26.671583270662374,0.14885748713096328,0.2187598471310161,0.81
380,12.427058613938906,0.14811319969530845,0.12340187001769103,0.7083333333333334,28.781646115200978,0.14811319969530845,0.3419196453482894,0.7788461538461539
381,15.054750735739871,0.1473726336968319,0.1386518922725168,0.7788461538461539,24.558668030110468,0.1473726336968319,0.0796766259503691,0.7272727272727273
382,9.19948235974068,0.14663577052834775,0.4010895465920816,0.7083333333333334,11.204744039003446,0.14663577052834775,0.04111451932195859,0.7601351351351351
383,12.81654084805496,0.14590259167570602,0.10981978806707215,0.7372448979591837,32.237636475803185,0.14590259167570602,0.13369793074002126,0.7788461538461539
384,12.055771194228775,0.1451730787173275,0.18038008143265394,0.7372448979591837,31.502080914115936,0.1451730787173275,0.11223986651978361,0.7372448979591837
385,15.054750735739871,0.14444721332374086,0.1455391381456154,0.7788461538461539,18.808001119490974,0.14444721332374086,0.15877349833192606,0.7372448979591837
386,13.283622207268154,0.14372497725712216,0.14605127248237337,0.7372448979591837,29.851145995130288,0.14372497725712216,0.13249625952798053,0.7372448979591837
387,10.83197226695606,0.14300635237083656,0.1424752841511767,0.7619047619047619,27.140464369904386,0.14300635237083656,0.06304055308473393,0.7372448979591837
388,12.81654084805496,0.14229132060898236,0.11941649280218947,0.7372448979591837,4.48933250526528,0.14229132060898236,0.08701533460876512,0.8522727272727273
389,12.81654084805496,0.14157986400593744,0.12143435243219398,0.7372448979591837,35.05287357130771,0.14157986400593744,0.12092898701499566,0.7788461538461539
390,10.21338989346839,0.14087196468590776,0.16081054015449914,0.6666666666666666,29.621941294564888,0.14087196468590776,0.3938868605138643,0.7788461538461539
391,15.054750735739871,0.14016760486247823,0.12828102798595867,0.7788461538461539,27.140464369904386,0.14016760486247823,0.061864272090998394,0.7372448979591837
392,10.21338989346839,0.13946676683816583,0.14503416457935475,0.6666666666666666,14.692511961968592,0.13946676683816583,0.11507732008906064,0.8421052631578947
393,9.882984228906365,0.138769433003975,0.20041390999050068,0.7372448979591837,22.540387887619975,0.138769433003975,0.0711432267640308,0.6666666666666666
394,9.790000200513214,0.13807558583895513,0.09882407925800141,0.7272727272727273,31.07251118843664,0.13807558583895513,0.12003376985187691,0.7372448979591837
395,9.330250134948805,0.13738520790976036,0.1425411531214086,0.8027777777777778,15.478465010495096,0.13738520790976036,0.2041409096138511,0.8401162790697675
396,10.21338989346839,0.13669828187021155,0.12212823007755694,0.6666666666666666,35.05287357130771,0.13669828187021155,0.1152751774654577,0.7788461538461539
397,12.200978706635647,0.13601479046086049,0.14760160323474233,0.8401162790697675,27.140464369904386,0.13601479046086049,0.061302495273238757,0.7372448979591837
398,14.76694617369101,0.1353347165085562,0.1264740815496923,0.7788461538461539,22.050100038849006,0.1353347165085562,0.06708017819447018,0.6666666666666666
399,12.379397691636775,0.1346580429260134,0.14226800701282832,0.7372448979591837,35.05287357130771,0.1346580429260134,0.11270287402162318,0.7788461538461539
400,13.06595511637988,0.13398475271138335,0.14667197488220746,0.7372448979591837,5.266814545761504,0.13398475271138335,0.21155088892824025,0.7211538461538461
401,2.781672076167066,0.13331482894782642,0.1263834564111712,0.7619047619047619,27.140464369904386,0.13331482894782642,0.06063081822722446,0.7372448979591837
402,12.81654084805496,0.13264825480308728,0.1112064311788364,0.7372448979591837,13.247140279667432,0.13264825480308728,0.2947070148130107,0.7601351351351351
403,13.900201817089263,0.13198501352907185,0.14753054143355468,0.7083333333333334,33.431015819078866,0.13198501352907185,0.13529005023277646,0.81
404,6.212158865969835,0.1313250884614265,0.2072198775665599,0.8,33.20318917547851,0.1313250884614265,0.08097067220941476,0.7788461538461539
405,15.054750735739871,0.13066846301911936,0.14825534828736245,0.7788461538461539,34.09130865055674,0.13066846301911936,0.1462780834289481,0.81
406,8.64147540766785,0.13001512070402377,0.1334425909230878,0.6956521739130435,24.484754225565236,0.13001512070402377,0.10059612822704782,0.6956521739130435
407,12.81654084805496,0.12936504510050365,0.13638129540716604,0.7372448979591837,27.140464369904386,0.12936504510050365,0.05792761909005273,0.7372448979591837
408,12.81654084805496,0.12871821987500112,0.13942013791584273,0.7372448979591837,36.21691959742884,0.12871821987500112,0.21462391804364095,0.81
409,14.362456481827738,0.12807462877562611,0.12128051196843198,0.7372448979591837,35.21535601665542,0.12807462877562611,0.1948459717127601,0.7788461538461539
410,6.7172671128349,0.12743425563174798,0.09522792747469784,0.7272727272727273,17.682940409467108,0.12743425563174798,0.14904647547212638,0.7372448979591837
411,13.06595511637988,0.12679708435358925,0.1172178485643006,0.7372448979591837,27.140464369904386,0.12679708435358925,0.04748325412288246,0.7372448979591837
412,15.054750735739871,0.1261630989318213,0.08662272084095031,0.7788461538461539,20.852692422642626,0.1261630989318213,0.23323828406420166,0.7083333333333334
413,9.675548468759334,0.1255322834371622,0.13843555465618315,0.7372448979591837,30.817909640125766,0.1255322834371622,0.06394829354108349,0.7372448979591837
414,10.21338989346839,0.12490462201997637,0.13242555351098778,0.6666666666666666,28.386687884059025,0.12490462201997637,0.2417184281749044,0.7372448979591837
415,14.414527252284588,0.1242800989098765,0.08585117044673045,0.7372448979591837,22.540387887619975,0.1242800989098765,0.08580836047801395,0.6666666666666666
416,8.964347557064547,0.12365869841532712,0.11479006459468391,0.6666666666666666,33.20318917547851,0.12365869841532712,0.0794309402001906,0.7788461538461539
417,9.953471717518077,0.12304040492325048,0.10819728847951586,0.7619047619047619,33.47442671446908,0.12304040492325048,0.1227210996346586,0.7788461538461539
418,10.03458926007833,0.12242520289863423,0.09412026552351373,0.7372448979591837,31.305946220199644,0.12242520289863423,0.3706458797578606,0.7788461538461539
419,12.81654084805496,0.12181307688414106,0.10367906410306128,0.7372448979591837,25.97444477398476,0.12181307688414106,0.2250304764481621,0.6956521739130435
420,10.220805500351524,0.12120401149972035,0.09430653858365201,0.7619047619047619,15.76250395992265,0.12120401149972035,0.2850998216504445,0.8
421,11.348938085925587,0.12059799144222175,0.13199666778086735,0.6666666666666666,28.416600507429592,0.12059799144222175,0.11998082795546007,0.7686170212765957
422,14.709600900961647,0.11999500148501063,0.08491845398389768,0.7788461538461539,10.356066900122606,0.11999500148501063,0.20655280846123053,0.8
423,10.922956310145906,0.11939502647758558,0.2142936893363316,0.7083333333333334,7.144465884499467,0.11939502647758558,0.11458958614251877,0.8421052631578947
424,10.21338989346839,0.11879805134519765,0.1069736295966032,0.6666666666666666,14.878536518689069,0.11879805134519765,0.08448752704063323,0.7619047619047619
425,14.362456481827738,0.11820406108847166,0.09831202117815245,0.7372448979591837,22.01571295507489,0.11820406108847166,0.20169813841894743,0.7083333333333334
426,16.039078739686538,0.1176130407830293,0.15921459045812858,0.7788461538461539,30.91701530543939,0.1176130407830293,0.1614918899228457,0.7372448979591837
427,12.81654084805496,0.11702497557911415,0.0796107099809742,0.7372448979591837,22.540387887619975,0.11702497557911415,0.09526033373035654,0.6666666666666666
428,15.054750735739871,0.11643985070121858,0.08269066193926365,0.7788461538461539,22.540387887619975,0.11643985070121858,0.0930764133499781,0.6666666666666666
429,12.81654084805496,0.11585765144771248,0.11190385984330221,0.7372448979591837,22.02690886142576,0.11585765144771248,0.12861319220796807,0.625
430,15.306573759826525,0.11527836319047392,0.09026563232202107,0.81,27.140464369904386,0.11527836319047392,0.07286007181246683,0.7372448979591837
431,13.06595511637988,0.11470197137452155,0.158733916234683,0.7372448979591837,22.540387887619975,0.11470197137452155,0.090599233753283,0.6666666666666666
432,13.682341098385455,0.11412846151764894,0.13438595539553724,0.7372448979591837,35.05287357130771,0.11412846151764894,0.10268178481280851,0.7788461538461539
433,12.434978983743454,0.1135578192100607,0.09537919887141277,0.7083333333333334,28.78571485888063,0.1135578192100607,0.11055014298978301,0.7372448979591837
434,13.526673387172737,0.11299003011401039,0.1419781531966716,0.7788461538461539,22.540387887619975,0.11299003011401039,0.08937842334679362,0.6666666666666666
435,10.795194523003431,0.11242507996344034,0.2236379190721932,0.6666666666666666,27.140464369904386,0.11242507996344034,0.06400340546125612,0.7372448979591837
436,12.81654084805496,0.11186295456362313,0.16759623659586456,0.7372448979591837,29.41272011221779,0.11186295456362313,0.08658071074509906,0.7372448979591837
437,14.362456481827738,0.11130363979080501,0.17326375496261048,0.7372448979591837,22.639857929560808,0.11130363979080501,0.2771795329226822,0.8027777777777778
438,10.21338989346839,0.11074712159185099,0.22380891299021508,0.6666666666666666,22.01571295507489,0.11074712159185099,0.19003689851271566,0.7083333333333334
439,11.348938085925587,0.11019338598389174,0.23877798267187417,0.6666666666666666,33.20318917547851,0.11019338598389174,0.07617838205884432,0.7788461538461539
440,12.81654084805496,0.10964241905397228,0.1918461880451493,0.7372448979591837,27.140464369904386,0.10964241905397228,0.05537275144075834,0.7372448979591837
441,12.537453214118035,0.10909420695870241,0.15376158815264748,0.8401162790697675,33.20318917547851,0.10909420695870241,0.0751582165411033,0.7788461538461539
442,13.778860416443662,0.1085487359239089,0.21678855645736106,0.8027777777777778,27.140464369904386,0.1085487359239089,0.05162222134921294,0.7372448979591837
443,12.81654084805496,0.10800599224428936,0.20382450570737223,0.7372448979591837,26.455200343859467,0.10800599224428936,0.1272521733955044,0.7372448979591837
444,9.790000200513214,0.10746596228306791,0.1468013879834012,0.7272727272727273,3.943584386452271,0.10746596228306791,0.07549416761597355,0.7601351351351351
445,10.273515743296182,0.10692863247165257,0.17072614998239494,0.7619047619047619,3.5326726446515964,0.10692863247165257,0.10270012673134969,0.6805555555555556
446,12.81654084805496,0.1063939893092943,0.19903615692328636,0.7372448979591837,33.20318917547851,0.1063939893092943,0.07433776351113908,0.7788461538461539
447,14.362456481827738,0.10586201936274783,0.18506223008774325,0.7372448979591837,35.05287357130771,0.10586201936274783,0.09975301726280818,0.7788461538461539
448,9.562636527735549,0.10533270926593409,0.14520620387816213,0.7619047619047619,20.682072421891828,0.10533270926593409,0.17499413767491703,0.7083333333333334
449,13.832682177161246,0.10480604571960442,0.18861704679672123,0.7372448979591837,28.84850203226096,0.10480604571960442,0.10506087185917175,0.8027777777777778
450,15.054750735739871,0.1042820154910064,0.17003516629551513,0.7788461538461539,35.47292056409563,0.1042820154910064,0.14553828527961718,0.81
451,11.521737383343918,0.10376060541355137,0.18761549547544687,0.7372448979591837,33.20318917547851,0.10376060541355137,0.07022989790410324,0.7788461538461539
452,14.21494074316038,0.1032418023864836,0.10351039849237119,0.7083333333333334,34.946610245546196,0.1032418023864836,0.12037757673794257,0.81
453,9.629530929461676,0.10272559337455119,0.07010598635002108,0.7272727272727273,35.05287357130771,0.10272559337455119,0.09424255599115315,0.7788461538461539
454,13.990274452152361,0.10221196540767843,0.12366168178842811,0.8027777777777778,26.728846138999486,0.10221196540767843,0.0607739182775871,0.7372448979591837
455,3.2550998511593447,0.10170090558064004,0.22341754814166856,0.7272727272727273,35.05287357130771,0.10170090558064004,0.09226921676243292,0.7788461538461539
456,12.81654084805496,0.10119240105273684,0.1867064010780869,0.7372448979591837,22.540387887619975,0.10119240105273684,0.10206149985617477,0.6666666666666666
457,9.278254727925297,0.10068643904747315,0.1662061577955552,0.7272727272727273,3.8379619492955257,0.10068643904747315,0.14633329975462134,0.8035714285714286
458,9.330250134948805,0.10018300685223579,0.16105813012843237,0.8027777777777778,22.584081777833386,0.10018300685223579,0.10073818320012531,0.6666666666666666
459,15.054750735739871,0.0996820918179746,0.12641047215430448,0.7788461538461539,27.63236792994697,0.0996820918179746,0.2002515981893968,0.81
460,10.21338989346839,0.09918368135888474,0.193140369747862,0.6666666666666666,34.93819821794746,0.09918368135888474,0.106249331610109,0.81
461,12.434978983743454,0.09868776295209031,0.13113223557506679,0.7083333333333334,22.540387887619975,0.09868776295209031,0.09834064483096094,0.6666666666666666
462,14.322928278588211,0.09819432413732986,0.1337176599251375,0.7372448979591837,33.20318917547851,0.09819432413732986,0.06981702160906138,0.7788461538461539
463,15.054750735739871,0.09770335251664321,0.0859604732842958,0.7788461538461539,33.20318917547851,0.09770335251664321,0.06870868132500685,0.7788461538461539
464,10.21338989346839,0.09721483575406,0.17429981512704834,0.6666666666666666,15.063632543729728,0.09721483575406,0.2871559314816231,0.7272727272727273
465,12.200978706635647,0.09672876157528969,0.15026085106030213,0.8401162790697675,22.540387887619975,0.09672876157528969,0.09738918316146457,0.6666666666666666
466,13.25337883737997,0.09624511776741324,0.141037688876441,0.7372448979591837,35.05287357130771,0.09624511776741324,0.0949988068615846,0.7788461538461539
467,12.81654084805496,0.09576389217857617,0.17669796813202931,0.7372448979591837,22.540387887619975,0.09576389217857617,0.09614945049903327,0.6666666666666666
468,11.348938085925587,0.09528507271768329,0.2051355637118859,0.6666666666666666,21.456481073518425,0.09528507271768329,0.1644356083027457,0.7372448979591837
469,10.21338989346839,0.09480864735409487,0.22663350331507653,0.6666666666666666,22.540387887619975,0.09480864735409487,0.08318122172950489,0.6666666666666666
470,9.882984228906365,0.0943346041173244,0.18464581139515365,0.7372448979591837,27.140464369904386,0.0943346041173244,0.08670879103491964,0.7372448979591837
471,14.76694617369101,0.09386293109673778,0.15457019388186646,0.7788461538461539,19.81522051311081,0.09386293109673778,0.14872250289675254,0.7372448979591837
472,5.358539653949859,0.09339361644125409,0.06799168724783872,0.8035714285714286,27.140464369904386,0.09339361644125409,0.07982788079480267,0.7372448979591837
473,15.054750735739871,0.09292664835904782,0.15182585263914747,0.7788461538461539,26.728846138999486,0.09292664835904782,0.07279638990378094,0.7372448979591837
474,13.975324969581791,0.09246201511725258,0.22159888322694993,0.8804347826086957,22.540387887619975,0.09246201511725258,0.08797332094045549,0.6666666666666666
475,10.019355215829291,0.09199970504166631,0.19785209775623333,0.625,20.37736731716197,0.09199970504166631,0.2812123634779319,0.84375
476,3.7851104293920015,0.09153970651645797,0.2886582133200379,0.7272727272727273,20.104784454681884,0.09153970651645797,0.16510030556193267,0.7372448979591837
477,8.265835844219094,0.09108200798387568,0.29975178074385306,0.7272727272727273,27.140464369904386,0.09108200798387568,0.07025532822005849,0.7372448979591837
478,12.7406342434957,0.0906265979439563,0.2924696426168794,0.7372448979591837,27.140464369904386,0.0906265979439563,0.0660113353549789,0.7372448979591837
479,10.21338989346839,0.09017346495423652,0.3480301521932983,0.6666666666666666,22.540387887619975,0.09017346495423652,0.08999612454345907,0.6666666666666666
480,12.81654084805496,0.08972259762946533,0.2755271929979875,0.7372448979591837,35.05287357130771,0.08972259762946533,0.10070841878858028,0.7788461538461539
481,15.873658486783368,0.089273984641318,0.3212162504575687,0.7788461538461539,27.140464369904386,0.089273984641318,0.06609053780216374,0.7372448979591837
482,10.83197226695606,0.0888276147181114,0.30027378900269647,0.7619047619047619,21.456481073518425,0.0888276147181114,0.13677760094985528,0.7372448979591837
483,13.832682177161246,0.08838347664452084,0.23565712472416925,0.7372448979591837,35.294761564834616,0.08838347664452084,0.11519581734631079,0.81
484,12.81654084805496,0.08794155926129824,0.23930782763160355,0.7372448979591837,9.349061014676362,0.08794155926129824,0.1416205584145476,0.7272727272727273
485,15.054750735739871,0.08750185146499175,0.17980735096360176,0.7788461538461539,35.294761564834616,0.08750185146499175,0.10884327113552418,0.81
486,12.81654084805496,0.08706434220766679,0.24157506147923033,0.7372448979591837,21.060399586177812,0.08706434220766679,0.31956901308276403,0.7372448979591837
487,7.466395844590062,0.08662902049662846,0.2367261962383272,0.6666666666666666,22.540387887619975,0.08662902049662846,0.08721874919846773,0.6666666666666666
488,16.4431553108206,0.08619587539414532,0.27219702240697746,0.7788461538461539,14.735783082566853,0.08619587539414532,0.07533110744681726,0.7619047619047619
489,12.5644368249348,0.08576489601717459,0.21800821456802053,0.7372448979591837,24.1338701215015,0.08576489601717459,0.05910277244169374,0.6956521739130435
490,12.81654084805496,0.08533607153708872,0.21831807623348073,0.7372448979591837,27.140464369904386,0.08533607153708872,0.06511071905517148,0.7372448979591837
491,12.81654084805496,0.08490939117940327,0.21737323809405593,0.7372448979591837,21.87056392193092,0.08490939117940327,0.17223509877483267,0.6666666666666666
492,7.068841171904162,0.08448484422350626,0.22097704359085246,0.7272727272727273,22.540387887619975,0.08448484422350626,0.08849725494585212,0.6666666666666666
493,12.81654084805496,0.08406242000238873,0.20621658133335208,0.7372448979591837,34.71374430560156,0.08406242000238873,0.10203333235573367,0.7788461538461539
494,10.21338989346839,0.08364210790237678,0.24813063820124343,0.6666666666666666,29.851145995130288,0.08364210790237678,0.10166291299140529,0.7372448979591837
495,13.990274452152361,0.0832238973628649,0.19908659087364278,0.8027777777777778,22.540387887619975,0.0832238973628649,0.0902501399736833,0.6666666666666666
496,15.054750735739871,0.08280777787605056,0.16495580400090845,0.7788461538461539,32.237636475803185,0.08280777787605056,0.11455615810420751,0.7788461538461539
497,4.390941462446422,0.08239373898667031,0.5462100104033807,0.6401515151515151,25.540358750963684,0.08239373898667031,0.0913541338881498,0.6956521739130435
498,10.21338989346839,0.08198177029173696,0.3383799458844948,0.6666666666666666,24.793423423793993,0.08198177029173696,0.05702356373978865,0.7619047619047619
499,14.552177450809097,0.08157186144027828,0.19399583854134278,0.7788461538461539,27.140464369904386,0.08157186144027828,0.0676436076418973,0.7372448979591837
500,12.055771194228775,0.0811640021330769,0.24657287602855218,0.7372448979591837,33.20318917547851,0.0811640021330769,0.07620386206331364,0.7788461538461539
501,6.911520454041248,0.08075818212241151,0.15412033587638257,0.7272727272727273,30.788744645897385,0.08075818212241151,0.12462732548167625,0.7372448979591837
502,15.054750735739871,0.08035439121179945,0.17099995985759753,0.7788461538461539,22.639857929560808,0.08035439121179945,0.27228845945066177,0.8027777777777778
503,14.362456481827738,0.07995261925574046,0.19037301379644841,0.7372448979591837,22.540387887619975,0.07995261925574046,0.09417725163226764,0.6666666666666666
504,9.256259236619929,0.07955285615946175,0.13594947060971327,0.7686170212765957,35.05287357130771,0.07955285615946175,0.09713253574400493,0.7788461538461539
505,12.81654084805496,0.07915509187866444,0.20874337810874324,0.7372448979591837,27.140464369904386,0.07915509187866444,0.07027340532121922,0.7372448979591837
506,13.808679554417509,0.07875931641927113,0.23794376160338068,0.8027777777777778,22.540387887619975,0.07875931641927113,0.09534270828360261,0.6666666666666666
507,4.739648607451217,0.07836551983717477,0.15731515905258742,0.7619047619047619,22.540387887619975,0.07836551983717477,0.09328035959120724,0.6666666666666666
508,10.21338989346839,0.07797369223798889,0.2537414693401518,0.6666666666666666,35.05287357130771,0.07797369223798889,0.09752439672439081,0.7788461538461539
509,10.21338989346839,0.07758382377679894,0.23161692384807905,0.6666666666666666,22.540387887619975,0.07758382377679894,0.09323455661595514,0.6666666666666666
510,5.925354247825565,0.07719590465791494,0.17154325600804712,0.6540697674418605,13.562470556725478,0.07719590465791494,0.08384306560304941,0.6666666666666666
511,10.21338989346839,0.07680992513462537,0.167180625445038,0.6666666666666666,33.20318917547851,0.07680992513462537,0.07414642818756352,0.7788461538461539
512,15.054750735739871,0.07642587550895225,0.12198309155427409,0.7788461538461539,22.540387887619975,0.07642587550895225,0.09171969185023583,0.6666666666666666
513,10.21338989346839,0.07604374613140748,0.14323076324268563,0.6666666666666666,27.140464369904386,0.07604374613140748,0.07816994341159715,0.7372448979591837
514,8.108271238260876,0.07566352740075044,0.15499846395080613,0.7686170212765957,29.866455990032005,0.07566352740075044,0.14424338496884578,0.7372448979591837
515,10.21338989346839,0.07528520976374668,0.16260343038429598,0.6666666666666666,35.05287357130771,0.07528520976374668,0.09609964127129635,0.7788461538461539
516,15.054750735739871,0.07490878371492794,0.0977766363281947,0.7788461538461539,10.26284521874025,0.07490878371492794,0.05960043474391482,0.7601351351351351
517,14.448868258238234,0.0745342397963533,0.14381665037985888,0.7372448979591837,22.540387887619975,0.0745342397963533,0.09303827790293258,0.6666666666666666
518,5.803712316221102,0.07416156859737154,0.06847084612322547,0.7272727272727273,22.540387887619975,0.07416156859737154,0.09097422075957055,0.6666666666666666
519,15.054750735739871,0.07379076075438468,0.07083689868106656,0.7788461538461539,22.540387887619975,0.07379076075438468,0.0889004166912077,0.6666666666666666
520,16.850847370473286,0.07342180695061275,0.1973527827702291,0.7788461538461539,33.20318917547851,0.07342180695061275,0.07570501210948577,0.7788461538461539
521,13.06595511637988,0.07305469791585968,0.1211067188536488,0.7372448979591837,22.540387887619975,0.07305469791585968,0.08881095878024894,0.6666666666666666
522,12.81654084805496,0.07268942442628039,0.07764461865866513,0.7372448979591837,18.11810251025043,0.07268942442628039,0.12640611641780186,0.7083333333333334
523,14.640382843399028,0.07232597730414898,0.04726913322183374,0.7372448979591837,22.540387887619975,0.07232597730414898,0.08701563443023175,0.6666666666666666
524,12.81654084805496,0.07196434741762824,0.05151551420508114,0.7372448979591837,26.991712858104226,0.07196434741762824,0.08311221756425431,0.7372448979591837
525,10.21338989346839,0.0716045256805401,0.0692860382968861,0.6666666666666666,33.20318917547851,0.0716045256805401,0.07644451412610172,0.7788461538461539
526,9.914766538386425,0.0712465030521374,0.07199913714716613,0.6666666666666666,27.140464369904386,0.0712465030521374,0.082314649921115,0.7372448979591837
527,5.5270702203639,0.0708902705368767,0.076230956313577,0.6859756097560976,27.140464369904386,0.0708902705368767,0.07825978238104403,0.7372448979591837
528,15.054750735739871,0.07053581918419231,0.055960778365338734,0.7788461538461539,27.63236792994697,0.07053581918419231,0.1904170487968859,0.81
529,14.322928278588211,0.07018314008827135,0.07003124372689871,0.7372448979591837,35.05287357130771,0.07018314008827135,0.0984579062230534,0.7788461538461539
530,0.6759140887365584,0.06983222438783,0.02130657959633475,0.765625,27.140464369904386,0.06983222438783,0.08912155243083064,0.7372448979591837
531,15.054750735739871,0.06948306326589085,0.07578431315277913,0.7788461538461539,30.333168023659407,0.06948306326589085,0.13265396613685546,0.7372448979591837
532,12.81654084805496,0.0691356479495614,0.08869718932562787,0.7372448979591837,11.400054674575859,0.0691356479495614,0.1379880993239871,0.7619047619047619
533,15.306573759826525,0.06878996970981359,0.14626724702800212,0.81,31.97627631165591,0.06878996970981359,0.09491342860401038,0.7372448979591837
534,8.964347557064547,0.06844601986126451,0.11598719831862907,0.6666666666666666,27.140464369904386,0.06844601986126451,0.07728393617219827,0.7372448979591837
535,15.054750735739871,0.06810378976195819,0.11587615731156498,0.7788461538461539,35.05287357130771,0.06810378976195819,0.09596906602324995,0.7788461538461539
536,12.81654084805496,0.0677632708131484,0.12512390094899392,0.7372448979591837,31.987882223733756,0.0677632708131484,0.13589390395254344,0.7372448979591837
537,12.81654084805496,0.06742445445908266,0.11221625601172296,0.7372448979591837,28.05492976021283,0.06742445445908266,0.11721543515638867,0.7372448979591837
538,12.81654084805496,0.06708733218678724,0.11660124981990656,0.7372448979591837,27.489021514499342,0.06708733218678724,0.09182979022363906,0.8027777777777778
539,2.015940124339394,0.0667518955258533,0.18168828040821114,0.6540697674418605,34.68619039867889,0.0667518955258533,0.1018040681996722,0.81
540,8.108271238260876,0.06641813604822402,0.2722802207148255,0.7686170212765957,27.140464369904386,0.06641813604822402,0.07149387595678858,0.7372448979591837
541,12.428900662894158,0.0660860453679829,0.13006109919551215,0.7372448979591837,27.140464369904386,0.0660860453679829,0.06700094450813394,0.7372448979591837
542,15.054750735739871,0.06575561514114299,0.1283869823178037,0.7788461538461539,22.540387887619975,0.06575561514114299,0.1037446244639841,0.6666666666666666
543,15.054750735739871,0.06542683706543727,0.11522246602807673,0.7788461538461539,11.167353932330121,0.06542683706543727,0.15777778745755155,0.7686170212765957
544,10.21338989346839,0.06509970288011008,0.13012462888367554,0.6666666666666666,33.20318917547851,0.06509970288011008,0.06645136902445199,0.7788461538461539
545,3.7851104293920015,0.06477420436570952,0.3208133409337696,0.7272727272727273,27.140464369904386,0.06477420436570952,0.06415042555714834,0.7372448979591837
546,13.25337883737997,0.06445033334388098,0.29836112917715163,0.7372448979591837,22.540387887619975,0.06445033334388098,0.10516348111802051,0.6666666666666666
547,12.81654084805496,0.06412808167716157,0.2630954390671692,0.7372448979591837,22.540387887619975,0.06412808167716157,0.1031971886799596,0.6666666666666666
548,15.054750735739871,0.06380744126877576,0.25006799592375056,0.7788461538461539,33.20318917547851,0.06380744126877576,0.0665736573687049,0.7788461538461539
549,10.21338989346839,0.06348840406243188,0.2878629669021482,0.6666666666666666,27.140464369904386,0.06348840406243188,0.06320828976653503,0.7372448979591837
550,15.708691305395323,0.06317096204211972,0.23893655802175154,0.7788461538461539,22.540387887619975,0.06317096204211972,0.10410162776101987,0.6666666666666666
551,10.21338989346839,0.06285510723190912,0.25696694097841377,0.6666666666666666,27.140464369904386,0.06285510723190912,0.06210584449370593,0.7372448979591837
552,14.214820245907143,0.06254083169574957,0.23271225774360316,0.7372448979591837,26.02383755102629,0.06254083169574957,0.05895377679466559,0.7686170212765957
553,8.64147540766785,0.062228127537270826,0.20093406965123345,0.6956521739130435,27.140464369904386,0.062228127537270826,0.05255847223892881,0.7372448979591837
554,12.81654084805496,0.06191698689958447,0.2224134965481842,0.7372448979591837,27.140464369904386,0.06191698689958447,0.04855360174008094,0.7372448979591837
555,15.310502620950254,0.061607401965086545,0.36531372347191576,0.7372448979591837,22.540387887619975,0.061607401965086545,0.10424466322056043,0.6666666666666666
556,4.390941462446422,0.06129936495526111,0.7808603096042575,0.6401515151515151,33.20318917547851,0.06129936495526111,0.06701315148465928,0.7788461538461539
557,12.81654084805496,0.0609928681304848,0.30412540764427914,0.7372448979591837,22.540387887619975,0.0609928681304848,0.10345243876933799,0.6666666666666666
558,14.362456481827738,0.060687903789832374,0.31534659393470604,0.7372448979591837,19.30808289416351,0.060687903789832374,0.1432685307165826,0.7083333333333334
559,12.81654084805496,0.06038446427088321,0.2724513188363558,0.7372448979591837,33.20318917547851,0.06038446427088321,0.06613297479702711,0.7788461538461539
560,10.226143800894633,0.06008254194952879,0.2973199089382736,0.7372448979591837,22.540387887619975,0.06008254194952879,0.10364974833250154,0.6666666666666666
561,15.037924283753396,0.05978212923978115,0.24790681500384468,0.7372448979591837,24.253930007679735,0.05978212923978115,0.03997201459505155,0.7272727272727273
562,10.21338989346839,0.05948321859358224,0.25736527536371084,0.6666666666666666,33.99250495156855,0.05948321859358224,0.16705144391792998,0.7788461538461539
563,6.7567471176684855,0.05918580250061433,0.18640334124440075,0.8027777777777778,15.76250395992265,0.05918580250061433,0.2803308182759709,0.8
564,14.709600900961647,0.058889873488111255,0.2171160110157369,0.7788461538461539,27.140464369904386,0.058889873488111255,0.05242694118853911,0.7372448979591837
565,15.054750735739871,0.058595424120670696,0.21273868001263047,0.7788461538461539,4.434138253889381,0.058595424120670696,0.06285443620673718,0.7211538461538461
566,8.964347557064547,0.05830244700006734,0.27916263175873635,0.6666666666666666,26.796410175959224,0.05830244700006734,0.04695536138146006,0.7372448979591837
567,10.220805500351524,0.058010934765067,0.2664991645714484,0.7619047619047619,29.851145995130288,0.058010934765067,0.10532976210159391,0.7372448979591837
568,10.838773183064095,0.05772088009124167,0.3086724187245317,0.7372448979591837,27.140464369904386,0.05772088009124167,0.04874276537758596,0.7372448979591837
569,10.21338989346839,0.05743227569078546,0.28666709420784137,0.6666666666666666,27.010433261589576,0.05743227569078546,0.09810608158403777,0.6956521739130435
570,8.77414466114691,0.05714511431233153,0.1492468849090502,0.7272727272727273,25.49423718373584,0.05714511431233153,0.06267371164605587,0.7272727272727273
571,10.21338989346839,0.05685938874076987,0.2480439502859059,0.6666666666666666,28.781646115200978,0.05685938874076987,0.3181862186277216,0.7788461538461539
572,0.30126226256757616,0.056575091797066025,0.5176019548903722,0.6401515151515151,27.140464369904386,0.056575091797066025,0.043105371983722884,0.7372448979591837
573,11.38075279522086,0.056292216338080694,0.40474259139550756,0.7372448979591837,27.140464369904386,0.056292216338080694,0.038224978994464164,0.7372448979591837
574,15.054750735739871,0.05601075525639029,0.35894848578824484,0.7788461538461539,27.140464369904386,0.05601075525639029,0.03425012484265152,0.7372448979591837
575,14.362456481827738,0.05573070148010834,0.3952224685683933,0.7372448979591837,35.05287357130771,0.05573070148010834,0.09063089054604292,0.7788461538461539
576,13.59301781090052,0.0554520479727078,0.40579315028252466,0.7372448979591837,35.05287357130771,0.0554520479727078,0.08909990378139485,0.7788461538461539
577,14.693077722797467,0.05517478773284426,0.36301777811662034,0.7372448979591837,22.584081777833386,0.05517478773284426,0.11071524433073612,0.6666666666666666
578,5.232031502158497,0.05489891379418004,0.10258313469490365,0.7372448979591837,35.05287357130771,0.05489891379418004,0.08942811079825305,0.7788461538461539
579,15.054750735739871,0.05462441922520914,0.3209810601322208,0.7788461538461539,33.20318917547851,0.05462441922520914,0.06463641783030795,0.7788461538461539
580,10.21338989346839,0.0543512971290831,0.42843604388168777,0.6666666666666666,22.540387887619975,0.0543512971290831,0.10736897985173491,0.6666666666666666
581,10.21338989346839,0.05407954064343768,0.4489607597598371,0.6666666666666666,31.987882223733756,0.05407954064343768,0.11628610727924367,0.7372448979591837
582,12.81654084805496,0.05380914294022049,0.3735784001195139,0.7372448979591837,19.59533312927303,0.05380914294022049,0.13841182514089617,0.8027777777777778
583,13.744716370280155,0.05354009722551939,0.31818240471167464,0.8401162790697675,33.20318917547851,0.05354009722551939,0.06354195368067247,0.7788461538461539
584,14.406829808798053,0.05327239673939179,0.33692086719493375,0.7372448979591837,33.20318917547851,0.05327239673939179,0.06230232233820408,0.7788461538461539
585,12.81654084805496,0.053006034755694834,0.3784095009697654,0.7372448979591837,33.20318917547851,0.053006034755694834,0.061045114247223066,0.7788461538461539
586,10.21338989346839,0.052741004581916356,0.43928765538917663,0.6666666666666666,27.140464369904386,0.052741004581916356,0.051517056647347216,0.7372448979591837
587,12.81654084805496,0.052477299559006776,0.35061686803053393,0.7372448979591837,27.140464369904386,0.052477299559006776,0.048729295771633575,0.7372448979591837
588,12.81654084805496,0.052214913061211746,0.36039916808855293,0.7372448979591837,22.540387887619975,0.052214913061211746,0.1117376325021949,0.6666666666666666
589,10.21338989346839,0.05195383849590569,0.40259629876013425,0.6666666666666666,27.01776479733495,0.05195383849590569,0.0631510905196781,0.7372448979591837
590,10.21338989346839,0.05169406930342616,0.3665517701334028,0.6666666666666666,29.851145995130288,0.05169406930342616,0.09834077460335951,0.7372448979591837
591,10.21338989346839,0.05143559895690903,0.35737133599382165,0.6666666666666666,31.86693596307906,0.05143559895690903,0.14248792388905707,0.81
592,15.054750735739871,0.051178420962124486,0.20678787204701074,0.7788461538461539,20.990138723586536,0.051178420962124486,0.2586461783084944,0.625
593,14.21494074316038,0.05092252885731386,0.19062056250266868,0.7083333333333334,35.05287357130771,0.05092252885731386,0.08820927184103595,0.7788461538461539
594,12.81654084805496,0.05066791621302729,0.26455790263305456,0.7372448979591837,13.614810956355424,0.05066791621302729,0.1067933840464754,0.7272727272727273
595,15.715631925151033,0.05041457663196215,0.2839662116274537,0.81,22.540387887619975,0.05041457663196215,0.10629515899364694,0.6666666666666666
596,14.362456481827738,0.050162503748802344,0.22736627957284106,0.7372448979591837,27.140464369904386,0.050162503748802344,0.07175875706321062,0.7372448979591837
597,12.81654084805496,0.05,0.27958601157692003,0.7372448979591837,27.140464369904386,0.05,0.06453842778298673,0.7372448979591837
598,15.054750735739871,0.05,0.16309711765933793,0.7788461538461539,19.789413872322,0.05,0.1585916360656508,0.8027777777777778
599,9.953471717518077,0.05,0.2433252458769049,0.7619047619047619,22.144770674973376,0.05,0.10135053288683589,0.6956521739130435
600,12.81654084805496,0.05,0.2683616434385996,0.7372448979591837,35.05287357130771,0.05,0.09217557169561909,0.7788461538461539
601,12.200978706635647,0.05,0.2265469591856366,0.8401162790697675,33.20318917547851,0.05,0.06971747473942358,0.7788461538461539
602,14.362456481827738,0.05,0.18240656419309556,0.7372448979591837,27.140464369904386,0.05,0.06558720424616134,0.7372448979591837
603,15.054750735739871,0.05,0.1264908127653337,0.7788461538461539,26.702038486991885,0.05,0.053981099011033096,0.7372448979591837
604,4.933624857980387,0.05,0.18768829484108468,0.7601351351351351,32.685186182150105,0.05,0.13143133775838492,0.81
605,14.362456481827738,0.05,0.16870255316497795,0.7372448979591837,26.46226343393879,0.05,0.06592246579081168,0.7686170212765957
606,12.81654084805496,0.05,0.24033626629597368,0.7372448979591837,27.140464369904386,0.05,0.05688005723628183,0.7372448979591837
607,12.81654084805496,0.05,0.22831496180912478,0.7372448979591837,27.489021514499342,0.05,0.07930294296029237,0.8027777777777778
608,11.348938085925587,0.05,0.27891112930114315,0.6666666666666666,22.540387887619975,0.05,0.10041102397519737,0.6666666666666666
609,12.81654084805496,0.05,0.23500060429787115,0.7372448979591837,24.53042362297633,0.05,0.0831586944511075,0.7372448979591837
610,12.81654084805496,0.05,0.22976812482653766,0.7372448979591837,36.40459998282574,0.05,0.16388449710746217,0.81
611,14.362456481827738,0.05,0.15709598390664242,0.7372448979591837,33.20318917547851,0.05,0.0738572345838716,0.7788461538461539
612,12.81654084805496,0.05,0.24887562963531232,0.7372448979591837,27.140464369904386,0.05,0.05541993708587819,0.7372448979591837
613,11.38075279522086,0.05,0.2562333658891724,0.7372448979591837,22.144770674973376,0.05,0.09760267705269833,0.6956521739130435
614,10.21338989346839,0.05,0.2856031044649971,0.6666666666666666,22.540387887619975,0.05,0.09755242705160509,0.6666666666666666
615,15.037924283753396,0.05,0.1867824528801906,0.7372448979591837,24.3976027433113,0.05,0.045180152330912327,0.7272727272727273
616,12.81654084805496,0.05,0.25555043467294725,0.7372448979591837,27.140464369904386,0.05,0.05448956877918354,0.7372448979591837
617,10.21338989346839,0.05,0.2765866557121085,0.6666666666666666,27.140464369904386,0.05,0.05075269334715656,0.7372448979591837
618,15.054750735739871,0.05,0.12760436149457716,0.7788461538461539,22.540387887619975,0.05,0.09777127828324543,0.6666666666666666
619,15.054750735739871,0.05,0.12890690579648587,0.7788461538461539,33.20318917547851,0.05,0.07418155504933042,0.7788461538461539
620,6.7567471176684855,0.05,0.24219804159961522,0.8027777777777778,30.333168023659407,0.05,0.13004156674965195,0.7372448979591837
621,10.21338989346839,0.05,0.2380007223388488,0.6666666666666666,11.037590385794465,0.05,0.15771751140190002,0.8401162790697675
622,12.438985971294427,0.05,0.18872820282186886,0.7372448979591837,35.05287357130771,0.05,0.09313442995784109,0.7788461538461539
623,10.21338989346839,0.05,0.22933841820347758,0.6666666666666666,8.130583896151217,0.05,0.149082814823937,0.7272727272727273
624,10.21338989346839,0.05,0.23526908546333516,0.6666666666666666,27.140464369904386,0.05,0.06488170025422928,0.7372448979591837
625,9.13341541955458,0.05,0.15299709647412674,0.6859756097560976,33.20318917547851,0.05,0.07395331618105495,0.7788461538461539
626,14.362456481827738,0.05,0.11939569626551054,0.7372448979591837,30.415552701460477,0.05,0.08195684800383267,0.7372448979591837
627,14.362456481827738,0.05,0.10562241881159272,0.7372448979591837,27.140464369904386,0.05,0.062340943206087886,0.7372448979591837
628,4.254035082444959,0.05,0.062029443476197654,0.7272727272727273,27.140464369904386,0.05,0.057841238062556886,0.7372448979591837
629,12.200978706635647,0.05,0.16822855428515637,0.8401162790697675,27.140464369904386,0.05,0.05344971065413281,0.7372448979591837
630,10.21338989346839,0.05,0.21820446310785063,0.6666666666666666,35.05287357130771,0.05,0.09229504513669595,0.7788461538461539
631,9.790000200513214,0.05,0.13253835550393606,0.7272727272727273,33.20318917547851,0.05,0.06633387097050503,0.7788461538461539
632,12.81654084805496,0.05,0.20060533775815168,0.7372448979591837,12.96630481599324,0.05,0.5350539614528504,0.6859756097560976
633,15.054750735739871,0.05,0.08206750840271217,0.7788461538461539,34.10341057077089,0.05,0.1269882628925723,0.81
634,13.59301781090052,0.05,0.19804257388544375,0.7372448979591837,35.98148036670774,0.05,0.2064106435432194,0.7788461538461539
635,10.21338989346839,0.05,0.23145042531835625,0.6666666666666666,28.79473423139417,0.05,0.11611928499211255,0.7372448979591837
636,10.21338989346839,0.05,0.18155019125173896,0.6666666666666666,27.140464369904386,0.05,0.0693183623046066,0.7372448979591837
637,15.054750735739871,0.05,0.08469815503140632,0.7788461538461539,26.583235692406753,0.05,0.10071194004233959,0.7372448979591837
638,11.396487747182794,0.05,0.13316782527617269,0.7372448979591837,29.72733000787755,0.05,0.08034686796792455,0.7686170212765957
639,11.38075279522086,0.05,0.13935430147430503,0.7372448979591837,27.140464369904386,0.05,0.05455554549204441,0.7372448979591837
640,15.054750735739871,0.05,0.08943938913453728,0.7788461538461539,27.140464369904386,0.05,0.05351077403650073,0.7372448979591837
641,6.448378269803223,0.05,0.06227040136941401,0.8,35.05287357130771,0.05,0.09057591965934463,0.7788461538461539
642,15.027330421434323,0.05,0.07239806759481583,0.7788461538461539,33.20318917547851,0.05,0.06517519315109399,0.7788461538461539
643,12.81654084805496,0.05,0.10099664525620096,0.7372448979591837,14.735783082566853,0.05,0.0630174679147584,0.7619047619047619
644,16.850847370473286,0.05,0.23460402425637827,0.7788461538461539,27.140464369904386,0.05,0.05259551075251704,0.7372448979591837
645,12.434978983743454,0.05,0.07694016073240854,0.7083333333333334,22.540387887619975,0.05,0.10759477505505521,0.6666666666666666
646,10.019355215829291,0.05,0.10029755179763426,0.625,22.540387887619975,0.05,0.10528184134473957,0.6666666666666666
647,14.362456481827738,0.05,0.07344388124598969,0.7372448979591837,22.02690886142576,0.05,0.14976161747496894,0.625
648,12.81654084805496,0.05,0.09449857566910673,0.7372448979591837,22.540387887619975,0.05,0.10239956345926257,0.6666666666666666
649,12.81654084805496,0.05,0.08051965816704769,0.7372448979591837,8.299591825726386,0.05,0.9099428253382547,0.6401515151515151
650,12.81654084805496,0.05,0.09649210420275611,0.7372448979591837,6.931854147008984,0.05,0.5952904046957361,0.6956521739130435
651,14.058923308399363,0.05,0.09252670099081572,0.7372448979591837,22.540387887619975,0.05,0.05374827748129744,0.6666666666666666
652,12.81654084805496,0.05,0.10473717508858975,0.7372448979591837,33.20318917547851,0.05,0.10567613898106851,0.7788461538461539
653,15.054750735739871,0.05,0.0644204219049063,0.7788461538461539,27.140464369904386,0.05,0.09617297547763193,0.7372448979591837
654,12.81654084805496,0.05,0.10065388260085417,0.7372448979591837,34.71374430560156,0.05,0.12596318943102514,0.7788461538461539
655,15.054750735739871,0.05,0.08391367580045202,0.7788461538461539,22.540387887619975,0.05,0.061281032801579774,0.6666666666666666
656,10.21338989346839,0.05,0.14183518613320717,0.6666666666666666,27.140464369904386,0.05,0.09307305263211367,0.7372448979591837
657,15.054750735739871,0.05,0.09558592910667481,0.7788461538461539,27.140464369904386,0.05,0.08800284865855719,0.7372448979591837
658,15.054750735739871,0.05,0.07673717318991756,0.7788461538461539,29.186681984078128,0.05,0.14740459710530712,0.7372448979591837
659,14.21494074316038,0.05,0.06863460053317498,0.7083333333333334,33.20318917547851,0.05,0.0944108963565425,0.7788461538461539
660,14.362456481827738,0.05,0.06425684813773658,0.7372448979591837,33.20318917547851,0.05,0.09145540136123083,0.7788461538461539
661,12.81654084805496,0.05,0.13489763705068938,0.7372448979591837,35.05287357130771,0.05,0.11211916530691858,0.7788461538461539
662,12.81654084805496,0.05,0.12800552108298124,0.7372448979591837,22.540387887619975,0.05,0.0743490501663718,0.6666666666666666
663,14.362456481827738,0.05,0.06777340873110647,0.7372448979591837,27.140464369904386,0.05,0.08370888131099356,0.7372448979591837
664,15.054750735739871,0.05,0.09070382427910277,0.7788461538461539,22.540387887619975,0.05,0.07570865015989203,0.6666666666666666
665,10.21338989346839,0.05,0.18741414074706877,0.6666666666666666,31.502080914115936,0.05,0.1272589982390598,0.7372448979591837
666,15.054750735739871,0.05,0.10942510018800203,0.7788461538461539,30.14842184149451,0.05,0.4074953518025131,0.81
667,5.179877064764349,0.05,0.06653362810482139,0.7211538461538461,22.540387887619975,0.05,0.07789083645029873,0.6666666666666666
668,12.81654084805496,0.05,0.17980635464321723,0.7372448979591837,27.140464369904386,0.05,0.0807288895841679,0.7372448979591837
669,12.428900662894158,0.05,0.18406447040060217,0.7372448979591837,3.839690265558488,0.05,0.06654746989216886,0.8035714285714286
670,12.81654084805496,0.05,0.16510112681504902,0.7372448979591837,33.20318917547851,0.05,0.08193189356699716,0.7788461538461539
671,7.05915031260089,0.05,0.4192574236112943,0.6666666666666666,13.523397816643126,0.05,0.1405916148117994,0.7372448979591837
672,12.81654084805496,0.05,0.14884265424945,0.7372448979591837,27.140464369904386,0.05,0.07658788363258995,0.7372448979591837
673,12.670286377344688,0.05,0.16504448726754428,0.7372448979591837,22.540387887619975,0.05,0.08305000412155712,0.6666666666666666
674,11.348938085925587,0.05,0.15948520099706548,0.6666666666666666,27.140464369904386,0.05,0.0732731622275307,0.7372448979591837
675,14.362456481827738,0.05,0.10996402753383999,0.7372448979591837,34.36488355379092,0.05,0.09377538511260375,0.7788461538461539
676,12.81654084805496,0.05,0.16102910621693156,0.7372448979591837,22.540387887619975,0.05,0.08571388266649968,0.6666666666666666
677,15.054750735739871,0.05,0.09750261845764056,0.7788461538461539,5.276830914695642,0.05,0.05893591508685582,0.6540697674418605
678,14.362456481827738,0.05,0.0879814958887866,0.7372448979591837,33.20318917547851,0.05,0.07775419300307125,0.7788461538461539
679,12.81654084805496,0.05,0.12367110627214269,0.7372448979591837,27.140464369904386,0.05,0.07307654546628317,0.7372448979591837
680,12.81654084805496,0.05,0.11332569487140941,0.7372448979591837,35.05287357130771,0.05,0.0997553933855995,0.7788461538461539
681,14.362456481827738,0.05,0.09806404098505377,0.7372448979591837,4.470146497873447,0.05,0.1319912672880892,0.7211538461538461
682,14.362456481827738,0.05,0.10674508340010036,0.7372448979591837,22.540387887619975,0.05,0.09034508924480252,0.6666666666666666
683,12.81654084805496,0.05,0.12808819104030303,0.7372448979591837,29.815949545866363,0.05,0.22369846042334265,0.81
684,10.21338989346839,0.05,0.18080281945516608,0.6666666666666666,33.20318917547851,0.05,0.07366064614880861,0.7788461538461539
685,12.427058613938906,0.05,0.1628685813368154,0.7083333333333334,22.00221245009368,0.05,0.10124884249243662,0.6666666666666666
686,6.448378269803223,0.05,0.02801296440267856,0.8,22.540387887619975,0.05,0.0875484148051536,0.6666666666666666
687,3.2550998511593447,0.05,0.18183552897726085,0.7272727272727273,28.84850203226096,0.05,0.09850277017928584,0.8027777777777778
688,12.81654084805496,0.05,0.15261826361445466,0.7372448979591837,22.540387887619975,0.05,0.08506388438647963,0.6666666666666666
689,14.058923308399363,0.05,0.13791107813338632,0.7372448979591837,32.145570585875035,0.05,0.15385788590790753,0.8027777777777778
690,15.054750735739871,0.05,0.10452415594271393,0.7788461538461539,28.607988379810067,0.05,0.13402974010081237,0.7372448979591837
691,9.300137724992203,0.05,0.1754860069536153,0.7083333333333334,19.789413872322,0.05,0.16177616271772965,0.8027777777777778
692,12.81654084805496,0.05,0.16897917953998073,0.7372448979591837,22.540387887619975,0.05,0.0860550967043118,0.6666666666666666
693,13.832682177161246,0.05,0.14509740365909649,0.7372448979591837,27.140464369904386,0.05,0.08528355243098378,0.7372448979591837
694,14.362456481827738,0.05,0.12149776847833156,0.7372448979591837,8.299591825726386,0.05,0.8727135083302677,0.6401515151515151
695,9.689619959108256,0.05,0.1453240954485159,0.7372448979591837,33.20318917547851,0.05,0.1036070576380281,0.7788461538461539
696,12.81654084805496,0.05,0.12898965231955084,0.7372448979591837,35.05287357130771,0.05,0.11906921397805606,0.7788461538461539
697,13.73044386967708,0.05,0.10987098199332929,0.7083333333333334,33.20318917547851,0.05,0.08684488395134281,0.7788461538461539
698,12.81654084805496,0.05,0.13201186946083873,0.7372448979591837,17.80741404918031,0.05,0.4608021546047988,0.7619047619047619
699,9.953471717518077,0.05,0.17398416476515927,0.7619047619047619,27.140464369904386,0.05,0.1560085304624883,0.7372448979591837
700,10.83197226695606,0.05,0.07672943629396367,0.7619047619047619,33.20318917547851,0.05,0.10926666013266033,0.7788461538461539
701,12.81654084805496,0.05,0.17763155099889993,0.7372448979591837,17.55881266413118,0.05,0.32430062841567453,0.6666666666666666
702,13.508362056397853,0.05,0.23577428869625727,0.7372448979591837,32.685186182150105,0.05,0.17035392001068342,0.81
703,12.81654084805496,0.05,0.1682793310570032,0.7372448979591837,33.20318917547851,0.05,0.09789663522083893,0.7788461538461539
704,10.21338989346839,0.05,0.20616382876821512,0.6666666666666666,35.05287357130771,0.05,0.11962075323959732,0.7788461538461539
705,10.21338989346839,0.05,0.20286805919091216,0.6666666666666666,22.540387887619975,0.05,0.08601525296583912,0.6666666666666666
706,13.52218220050952,0.05,0.16672102053509372,0.7788461538461539,27.140464369904386,0.05,0.11548129827932496,0.7372448979591837
707,15.054750735739871,0.05,0.14906617275614073,0.7788461538461539,26.665732830641502,0.05,0.11753142223039263,0.7372448979591837
708,14.089004762656312,0.05,0.1946619748821822,0.7372448979591837,35.47292056409563,0.05,0.16262879202125435,0.81
709,10.21338989346839,0.05,0.17724936688438783,0.6666666666666666,33.20318917547851,0.05,0.0900767235690412,0.7788461538461539
710,12.81654084805496,0.05,0.15630772262540035,0.7372448979591837,27.215368181698807,0.05,0.14052585317021543,0.7372448979591837
711,13.55367907489169,0.05,0.11755218857496064,0.7083333333333334,27.140464369904386,0.05,0.09543264164703784,0.7372448979591837
712,12.81654084805496,0.05,0.15909228281536436,0.7372448979591837,22.540387887619975,0.05,0.07794977453928258,0.6666666666666666
713,12.81654084805496,0.05,0.1536093229966742,0.7372448979591837,33.20318917547851,0.05,0.08515882686964844,0.7788461538461539
714,14.763977174884946,0.05,0.15272524068810084,0.7372448979591837,35.05287357130771,0.05,0.10533306305344284,0.7788461538461539
715,12.81654084805496,0.05,0.12658909298632237,0.7372448979591837,33.20318917547851,0.05,0.08045940786705767,0.7788461538461539
716,12.81654084805496,0.05,0.1134770574763625,0.7372448979591837,35.05287357130771,0.05,0.09977849130866982,0.7788461538461539
717,12.81654084805496,0.05,0.11404794869517709,0.7372448979591837,22.540387887619975,0.05,0.08863487547373458,0.6666666666666666
718,12.520071909737588,0.05,0.0918402208175118,0.8401162790697675,22.540387887619975,0.05,0.0877192903885132,0.6666666666666666
719,5.925354247825565,0.05,0.23228439461838457,0.6540697674418605,27.140464369904386,0.05,0.09095312791874026,0.7372448979591837
720,12.81654084805496,0.05,0.20603466619388933,0.7372448979591837,27.140464369904386,0.05,0.08538703078804855,0.7372448979591837
721,16.7379457225952,0.05,0.22392636192303808,0.81,14.426786477637203,0.05,0.08257080915098579,0.7272727272727273
722,11.776048688104508,0.05,0.41073110455701944,0.7372448979591837,14.878536518689069,0.05,0.0797307110391546,0.7619047619047619
723,15.054750735739871,0.05,0.19919362270225943,0.7788461538461539,31.67637809857935,0.05,0.14842109408215345,0.7372448979591837
724,15.926362237714223,0.05,0.18587294368123836,0.7788461538461539,22.540387887619975,0.05,0.09581572259724899,0.6666666666666666
725,10.21338989346839,0.05,0.2500234779648499,0.6666666666666666,31.502080914115936,0.05,0.10160816610151913,0.7372448979591837
726,15.054750735739871,0.05,0.18602908044949729,0.7788461538461539,27.140464369904386,0.05,0.08035059928830453,0.7372448979591837
727,12.81654084805496,0.05,0.2217842326187418,0.7372448979591837,14.735783082566853,0.05,0.06459469580807234,0.7619047619047619
728,12.81654084805496,0.05,0.227267196828687,0.7372448979591837,22.540387887619975,0.05,0.09886408965374001,0.6666666666666666
729,15.054750735739871,0.05,0.20071796840074577,0.7788461538461539,18.808001119490974,0.05,0.13390874392536592,0.7372448979591837
730,14.414527252284588,0.05,0.20860439485061025,0.7372448979591837,33.20318917547851,0.05,0.06677029246078546,0.7788461538461539
731,12.81654084805496,0.05,0.20042094495742743,0.7372448979591837,20.47528509089267,0.05,0.11153980665293635,0.8027777777777778
732,15.054750735739871,0.05,0.16942888183025154,0.7788461538461539,22.540387887619975,0.05,0.09859116578700707,0.6666666666666666
733,15.054750735739871,0.05,0.16653379254270398,0.7788461538461539,7.616171167688968,0.05,0.13481083056639273,0.7272727272727273
734,12.81654084805496,0.05,0.17555401285008942,0.7372448979591837,27.140464369904386,0.05,0.07868412215921161,0.7372448979591837
735,12.81654084805496,0.05,0.18008255467473314,0.7372448979591837,22.04040842128157,0.05,0.10501301718203207,0.6956521739130435
736,14.362456481827738,0.05,0.1485318442805248,0.7372448979591837,22.540387887619975,0.05,0.0937259818796897,0.6666666666666666
737,13.59301781090052,0.05,0.16953171218240023,0.7372448979591837,35.05287357130771,0.05,0.09633801628225609,0.7788461538461539
738,13.59301781090052,0.05,0.16183909161675003,0.7372448979591837,18.601920164387565,0.05,0.10899941307414827,0.7372448979591837
739,10.21338989346839,0.05,0.17536275327490064,0.6666666666666666,27.140464369904386,0.05,0.07992304782312883,0.7372448979591837
740,16.00622088970121,0.05,0.15655439740171,0.7788461538461539,27.140464369904386,0.05,0.07546434542523044,0.7372448979591837
741,14.362456481827738,0.05,0.14260277790993584,0.7372448979591837,27.140464369904386,0.05,0.07098220720384234,0.7372448979591837
742,5.5270702203639,0.05,0.1000939461867206,0.6859756097560976,24.53042362297633,0.05,0.10368180983667208,0.7372448979591837
743,12.81654084805496,0.05,0.16067016840378087,0.7372448979591837,27.140464369904386,0.05,0.06628275845736849,0.7372448979591837
744,10.21338989346839,0.05,0.20616782067165557,0.6666666666666666,19.789413872322,0.05,0.1630915072411386,0.8027777777777778
745,15.62096091031946,0.05,0.12563750688297692,0.7788461538461539,14.426786477637203,0.05,0.06867135939314195,0.7272727272727273
746,15.054750735739871,0.05,0.10787940409781785,0.7788461538461539,22.540387887619975,0.05,0.09427453990475003,0.6666666666666666
747,14.245452031899674,0.05,0.10145811866181575,0.7372448979591837,35.05287357130771,0.05,0.09697823175648626,0.7788461538461539
748,15.054750735739871,0.05,0.10711563357979668,0.7788461538461539,23.515577579536274,0.05,0.05839398862182551,0.8027777777777778
749,15.454212076910347,0.05,0.12859653162742724,0.7788461538461539,26.728846138999486,0.05,0.06338628710177634,0.7372448979591837
750,10.21338989346839,0.05,0.1940980466195878,0.6666666666666666,33.20318917547851,0.05,0.0721142206360155,0.7788461538461539
751,15.054750735739871,0.05,0.08470810212848123,0.7788461538461539,27.140464369904386,0.05,0.06124363259400922,0.7372448979591837
752,15.054750735739871,0.05,0.08774899094951459,0.7788461538461539,27.140464369904386,0.05,0.05725177320514178,0.7372448979591837
753,12.81654084805496,0.05,0.1319300826952159,0.7372448979591837,27.140464369904386,0.05,0.053242736986953365,0.7372448979591837
754,9.953471717518077,0.05,0.17201995193637978,0.7619047619047619,22.540387887619975,0.05,0.0978585713951868,0.6666666666666666
755,15.054750735739871,0.05,0.09780699399818703,0.7788461538461539,27.140464369904386,0.05,0.05097271848344964,0.7372448979591837
756,12.200978706635647,0.05,0.155413864881301,0.8401162790697675,25.294832471468162,0.05,0.2837736734183137,0.8027777777777778
757,10.21338989346839,0.05,0.1964015510653573,0.6666666666666666,27.140464369904386,0.05,0.04703226386005147,0.7372448979591837
758,10.21338989346839,0.05,0.17475963493266522,0.6666666666666666,27.140464369904386,0.05,0.04319382337835128,0.7372448979591837
759,10.21338989346839,0.05,0.17725175346864117,0.6666666666666666,27.140464369904386,0.05,0.0394694908212726,0.7372448979591837
760,10.21338989346839,0.05,0.15901031132634777,0.6666666666666666,22.540387887619975,0.05,0.09866518494967225,0.6666666666666666
761,15.816267614759612,0.05,0.11793879144380341,0.81,33.20318917547851,0.05,0.0712719909919771,0.7788461538461539
762,14.763977174884946,0.05,0.10121565561529207,0.7372448979591837,29.851145995130288,0.05,0.1177139760129049,0.7372448979591837
763,12.81654084805496,0.05,0.1332395196215265,0.7372448979591837,22.540387887619975,0.05,0.09965057815905957,0.6666666666666666
764,14.362456481827738,0.05,0.09327520032544871,0.7372448979591837,32.237636475803185,0.05,0.11258965119378257,0.7788461538461539
765,15.054750735739871,0.05,0.08349671386480585,0.7788461538461539,33.20318917547851,0.05,0.0734131557651135,0.7788461538461539
766,10.21338989346839,0.05,0.16661606327746395,0.6666666666666666,13.247140279667432,0.05,0.2877430758784138,0.7601351351351351
767,10.21338989346839,0.05,0.1713724268708386,0.6666666666666666,27.140464369904386,0.05,0.05421409992695159,0.7372448979591837
768,12.81654084805496,0.05,0.14770962793907283,0.7372448979591837,5.42134927924603,0.05,0.7086733772704319,0.7601351351351351
769,14.362456481827738,0.05,0.08113711576385339,0.7372448979591837,19.45637153632213,0.05,0.20427564952491864,0.7083333333333334
770,12.81654084805496,0.05,0.12804433404179597,0.7372448979591837,35.05287357130771,0.05,0.1244251273643061,0.7788461538461539
771,15.054750735739871,0.05,0.08194926690986194,0.7788461538461539,22.540387887619975,0.05,0.1083766790656373,0.6666666666666666
772,15.754053521751208,0.05,0.316176081216506,0.7788461538461539,27.140464369904386,0.05,0.0837542254421878,0.7372448979591837
773,14.214820245907143,0.05,0.11487903045605818,0.7372448979591837,10.331810202032159,0.05,0.1329042698995977,0.7619047619047619
774,11.400004163648502,0.05,0.06296706274306962,0.7372448979591837,22.540387887619975,0.05,0.09670958423960734,0.6666666666666666
775,3.7851104293920015,0.05,0.28131768007507313,0.7272727272727273,22.540387887619975,0.05,0.08984047616175732,0.6666666666666666
776,10.21338989346839,0.05,0.2662379780031028,0.6666666666666666,27.140464369904386,0.05,0.07962666529496694,0.7372448979591837
777,15.054750735739871,0.05,0.16192444595984914,0.7788461538461539,35.05287357130771,0.05,0.11319168196342431,0.7788461538461539
778,12.81654084805496,0.05,0.22286179402478204,0.7372448979591837,27.140464369904386,0.05,0.07025050005086249,0.7372448979591837
779,12.81654084805496,0.05,0.22822746681089023,0.7372448979591837,33.20318917547851,0.05,0.0856565630628222,0.7788461538461539
780,10.21338989346839,0.05,0.21493855845240298,0.6666666666666666,27.140464369904386,0.05,0.06576473666517246,0.7372448979591837
781,12.7406342434957,0.05,0.18483189679649603,0.7372448979591837,6.048239309355764,0.05,0.7133054548294949,0.6540697674418605
782,14.362456481827738,0.05,0.18972852010415167,0.7372448979591837,27.140464369904386,0.05,0.09982457624986663,0.7372448979591837
783,10.21338989346839,0.05,0.25054199423379075,0.6666666666666666,27.140464369904386,0.05,0.09170519438227058,0.7372448979591837
784,10.21338989346839,0.05,0.278341140886886,0.6666666666666666,27.140464369904386,0.05,0.08404634012989809,0.7372448979591837
785,12.81654084805496,0.05,0.25300398385770917,0.7372448979591837,14.878536518689069,0.05,0.11106301758089487,0.7619047619047619
786,14.362456481827738,0.05,0.1607701568830888,0.7372448979591837,22.00221245009368,0.05,0.11489295831462339,0.6666666666666666
787,15.054750735739871,0.05,0.1667463327255698,0.7788461538461539,34.10341057077089,0.05,0.12493578262445935,0.81
788,12.81654084805496,0.05,0.224734917022799,0.7372448979591837,22.540387887619975,0.05,0.09575147553303447,0.6666666666666666
789,10.21338989346839,0.05,0.19985425136665042,0.6666666666666666,22.540387887619975,0.05,0.08938305195085143,0.6666666666666666
790,15.054750735739871,0.05,0.1264454089346648,0.7788461538461539,6.151954306937259,0.05,0.048530163402235905,0.6540697674418605
791,9.689619959108256,0.05,0.18864533238431147,0.7372448979591837,35.05287357130771,0.05,0.11690314199063431,0.7788461538461539
792,12.379397691636775,0.05,0.17217159052604705,0.7372448979591837,22.540387887619975,0.05,0.08159605376111898,0.6666666666666666
793,14.058923308399363,0.05,0.17125057976755476,0.7372448979591837,36.58058758448981,0.05,0.137025871393135,0.81
794,10.21338989346839,0.05,0.1762027934790567,0.6666666666666666,22.540387887619975,0.05,0.07479322704235977,0.6666666666666666
795,8.265835844219094,0.05,0.17192900955284107,0.7272727272727273,11.166333367059078,0.05,0.06330790813812957,0.8035714285714286
796,9.953471717518077,0.05,0.21622476973822455,0.7619047619047619,33.20318917547851,0.05,0.08822761872426257,0.7788461538461539
797,10.21338989346839,0.05,0.2016013067963051,0.6666666666666666,33.20318917547851,0.05,0.08558188160238547,0.7788461538461539
798,13.832682177161246,0.05,0.12872570997979618,0.7372448979591837,27.140464369904386,0.05,0.07006418977999718,0.7372448979591837
799,15.520515896408057,0.05,0.2282956837472012,0.8804347826086957,37.2622471589841,0.05,0.21839324087132514,0.81
800,15.054750735739871,0.05,0.11608157211323802,0.7788461538461539,27.140464369904386,0.05,0.06408145104394691,0.7372448979591837
801,14.214820245907143,0.05,0.1328905599080135,0.7372448979591837,30.817909640125766,0.05,0.0533830798753161,0.7372448979591837
802,12.81654084805496,0.05,0.12164017390034765,0.7372448979591837,22.540387887619975,0.05,0.08723468287539857,0.6666666666666666
803,15.054750735739871,0.05,0.1158339186003204,0.7788461538461539,35.05287357130771,0.05,0.10147078217827328,0.7788461538461539
804,14.362456481827738,0.05,0.13687552342497655,0.7372448979591837,22.540387887619975,0.05,0.08779910358731043,0.6666666666666666
805,12.81654084805496,0.05,0.1689602880550105,0.7372448979591837,35.05287357130771,0.05,0.10062401574521854,0.7788461538461539
806,11.38075279522086,0.05,0.16447523956377863,0.7372448979591837,22.540387887619975,0.05,0.08807626172362322,0.6666666666666666
807,10.21338989346839,0.05,0.13398643678157346,0.6666666666666666,35.294761564834616,0.05,0.11355299933373209,0.81
808,12.438985971294427,0.05,0.16297012845244074,0.7372448979591837,30.788744645897385,0.05,0.1296827993464841,0.7372448979591837
809,15.054750735739871,0.05,0.11435613985892672,0.7788461538461539,19.08149746654455,0.05,0.2521606221502033,0.6125
810,14.362456481827738,0.05,0.12465635032996804,0.7372448979591837,33.20318917547851,0.05,0.07596384919095286,0.7788461538461539
811,14.362456481827738,0.05,0.09475756268652195,0.7372448979591837,29.010349020439023,0.05,0.19359810718049683,0.7372448979591837
812,11.896831586742932,0.05,0.1324499350549285,0.8027777777777778,27.140464369904386,0.05,0.09299829999026832,0.7372448979591837
813,12.81654084805496,0.05,0.14001015054142943,0.7372448979591837,34.758421064207184,0.05,0.15366425626254968,0.7788461538461539
814,14.362456481827738,0.05,0.09898158176440867,0.7372448979591837,22.540387887619975,0.05,0.09091375689885592,0.6666666666666666
815,10.220805500351524,0.05,0.09256068876010234,0.7619047619047619,31.89057478785464,0.05,0.15279873244010844,0.8027777777777778
816,15.054750735739871,0.05,0.11702683921472633,0.7788461538461539,33.20318917547851,0.05,0.0744039721380635,0.7788461538461539
817,10.21338989346839,0.05,0.12858660468684172,0.6666666666666666,9.349061014676362,0.05,0.13672632495580703,0.7272727272727273
818,15.054750735739871,0.05,0.10543353468859383,0.7788461538461539,33.20318917547851,0.05,0.0727786128926214,0.7788461538461539
819,15.054750735739871,0.05,0.09259438845342789,0.7788461538461539,33.20318917547851,0.05,0.07122848253058413,0.7788461538461539
820,12.81654084805496,0.05,0.13281287373733744,0.7372448979591837,27.140464369904386,0.05,0.07831176988790796,0.7372448979591837
821,10.72986733407899,0.05,0.10145271730755127,0.7372448979591837,33.20318917547851,0.05,0.06980327262543155,0.7788461538461539
822,10.220805500351524,0.05,0.12080451797203637,0.7619047619047619,20.09539204957991,0.05,0.12032923987229938,0.6859756097560976
823,10.21338989346839,0.05,0.16335149371405117,0.6666666666666666,33.20318917547851,0.05,0.07011296789283812,0.7788461538461539
824,12.81654084805496,0.05,0.12465455554627103,0.7372448979591837,29.36731558848547,0.05,0.17652826644936473,0.81
825,13.885916933158388,0.05,0.23124961862401197,0.7372448979591837,33.20318917547851,0.05,0.07559151700817782,0.7788461538461539
826,6.637930921952519,0.05,0.05483875765362396,0.7272727272727273,11.204744039003446,0.05,0.0273050604181852,0.7601351351351351
827,11.390478352163734,0.05,0.09369726795225668,0.7372448979591837,18.11810251025043,0.05,0.12875737936926093,0.7083333333333334
828,15.054750735739871,0.05,0.05760219795009731,0.7788461538461539,33.20318917547851,0.05,0.07269213537214377,0.7788461538461539
829,7.491707723029549,0.05,0.1358908975860206,0.6666666666666666,27.140464369904386,0.05,0.08823751988241717,0.7372448979591837
830,10.21338989346839,0.05,0.14405981558189093,0.6666666666666666,22.540387887619975,0.05,0.09279166823365417,0.6666666666666666
831,10.21338989346839,0.05,0.12835868450195026,0.6666666666666666,22.540387887619975,0.05,0.09117661916354206,0.6666666666666666
832,12.81654084805496,0.05,0.11155061011518523,0.7372448979591837,27.140464369904386,0.05,0.08581358178896048,0.7372448979591837
833,12.5644368249348,0.05,0.10372430411504725,0.7372448979591837,33.20318917547851,0.05,0.07133121728901,0.7788461538461539
834,10.21338989346839,0.05,0.100713343955711,0.6666666666666666,34.946610245546196,0.05,0.11338791363870669,0.81
835,12.81654084805496,0.05,0.07657049123515906,0.7372448979591837,30.688447774702883,0.05,0.16835372147324365,0.7372448979591837
836,15.054750735739871,0.05,0.09440960342016189,0.7788461538461539,35.05287357130771,0.05,0.09168610665447556,0.7788461538461539
837,10.21338989346839,0.05,0.10817726557379634,0.6666666666666666,22.540387887619975,0.05,0.09999051026516788,0.6666666666666666
838,15.054750735739871,0.05,0.08135160376674275,0.7788461538461539,33.20318917547851,0.05,0.06675868065807489,0.7788461538461539
839,12.81654084805496,0.05,0.10412778414641237,0.7372448979591837,22.540387887619975,0.05,0.10029061215069764,0.6666666666666666
840,12.427058613938906,0.05,0.08730638929699173,0.7083333333333334,22.540387887619975,0.05,0.09825660262786542,0.6666666666666666
841,12.81654084805496,0.05,0.10688123358871104,0.7372448979591837,27.140464369904386,0.05,0.08933686305222488,0.7372448979591837
842,15.054750735739871,0.05,0.09043824734186028,0.7788461538461539,22.540387887619975,0.05,0.0971101810692839,0.6666666666666666
843,14.362456481827738,0.05,0.09113738519333592,0.7372448979591837,27.140464369904386,0.05,0.08414875642284654,0.7372448979591837
844,9.025222711784943,0.05,0.07241835313541452,0.7372448979591837,22.540387887619975,0.05,0.09567457499871476,0.6666666666666666
845,12.81654084805496,0.05,0.13209934214919863,0.7372448979591837,20.237777736002357,0.05,0.139409062032351,0.6666666666666666
846,9.953471717518077,0.05,0.12744306697490806,0.7619047619047619,33.20318917547851,0.05,0.07529003284212485,0.7788461538461539
847,10.21338989346839,0.05,0.09454911043874463,0.6666666666666666,22.540387887619975,0.05,0.08871862437536597,0.6666666666666666
848,12.81654084805496,0.05,0.08443352644246303,0.7372448979591837,22.540387887619975,0.05,0.08669763522088862,0.6666666666666666
849,12.81654084805496,0.05,0.0952760586461892,0.7372448979591837,22.540387887619975,0.05,0.08461503515984092,0.6666666666666666
850,14.362456481827738,0.05,0.09087421318638589,0.7372448979591837,35.05287357130771,0.05,0.10214336287830172,0.7788461538461539
851,8.68289321854515,0.05,0.02502173279129102,0.8027777777777778,22.540387887619975,0.05,0.0844647013009268,0.6666666666666666
852,12.81654084805496,0.05,0.12993824259664133,0.7372448979591837,9.908417142399678,0.05,0.1221193293383847,0.7619047619047619
853,12.81654084805496,0.05,0.12755528947266473,0.7372448979591837,27.140464369904386,0.05,0.09310837746479139,0.7372448979591837
854,4.254035082444959,0.05,0.11831053628551289,0.7272727272727273,27.010433261589576,0.05,0.14023805568960546,0.6956521739130435
855,12.81654084805496,0.05,0.13696431323696276,0.7372448979591837,33.20318917547851,0.05,0.0779228220307531,0.7788461538461539
856,10.21338989346839,0.05,0.12201718920105331,0.6666666666666666,19.78692883832838,0.05,0.18956214255281564,0.7372448979591837
857,15.054750735739871,0.05,0.154108833004944,0.7788461538461539,30.788744645897385,0.05,0.12804822470549762,0.7372448979591837
858,10.21338989346839,0.05,0.16889717606714552,0.6666666666666666,27.140464369904386,0.05,0.09295789504781671,0.7372448979591837
859,11.348938085925587,0.05,0.19085519126347358,0.6666666666666666,19.664229265758944,0.05,0.16631818825962888,0.7372448979591837
860,12.717978870382648,0.05,0.12933263719625612,0.7788461538461539,33.20318917547851,0.05,0.08288179029972229,0.7788461538461539
861,10.21338989346839,0.05,0.1981884808888073,0.6666666666666666,30.415552701460477,0.05,0.07680292860961783,0.7372448979591837
862,15.054750735739871,0.05,0.13600675004054905,0.7788461538461539,29.851145995130288,0.05,0.11528648617899406,0.7372448979591837
863,12.81654084805496,0.05,0.15420783355888837,0.7372448979591837,9.78647295054336,0.05,0.5537295465086917,0.6447368421052632
864,10.21338989346839,0.05,0.14031639976915078,0.6666666666666666,31.987882223733756,0.05,0.18104580410475765,0.7372448979591837
865,10.019355215829291,0.05,0.09143197834351376,0.625,33.99250495156855,0.05,0.19761072415909747,0.7788461538461539
866,10.661957637541821,0.05,0.13487440084819016,0.7372448979591837,22.540387887619975,0.05,0.1349882381378164,0.6666666666666666
867,12.81654084805496,0.05,0.16995963270251058,0.7372448979591837,35.24340571064486,0.05,0.20366790959490727,0.7788461538461539
868,8.77414466114691,0.05,0.1900705658113923,0.7272727272727273,27.140464369904386,0.05,0.09438094872297438,0.7372448979591837
869,12.81654084805496,0.05,0.1435889366788377,0.7372448979591837,14.849926529259461,0.05,0.27418148476652804,0.6666666666666666
870,12.81654084805496,0.05,0.13639293313900477,0.7372448979591837,27.140464369904386,0.05,0.10142925440508588,0.7372448979591837
871,15.054750735739871,0.05,0.1279246433007511,0.7788461538461539,22.540387887619975,0.05,0.09690684871457704,0.6666666666666666
872,11.776048688104508,0.05,0.494671469120656,0.7372448979591837,33.20318917547851,0.05,0.08689150803987965,0.7788461538461539
873,14.362456481827738,0.05,0.14032262947183424,0.7372448979591837,13.523397816643126,0.05,0.1357323470541876,0.7372448979591837
874,14.362456481827738,0.05,0.10928597994956489,0.7372448979591837,35.05287357130771,0.05,0.11038728181246382,0.7788461538461539
875,12.81654084805496,0.05,0.13883240870246705,0.7372448979591837,27.140464369904386,0.05,0.08771107614540792,0.7372448979591837
876,14.362456481827738,0.05,0.1282933737721407,0.7372448979591837,31.86693596307906,0.05,0.11212850301819799,0.81
877,11.38075279522086,0.05,0.15046236260670898,0.7372448979591837,21.87056392193092,0.05,0.15155014332604114,0.6666666666666666
878,10.21338989346839,0.05,0.13334691377618696,0.6666666666666666,27.140464369904386,0.05,0.08618598324193738,0.7372448979591837
879,12.81654084805496,0.05,0.10580342022167717,0.7372448979591837,35.05287357130771,0.05,0.10858537352692081,0.7788461538461539
880,10.21338989346839,0.05,0.14323806969091496,0.6666666666666666,5.276830914695642,0.05,0.04829676517523845,0.6540697674418605
881,15.054750735739871,0.05,0.07551747144276014,0.7788461538461539,33.20318917547851,0.05,0.08237584633334682,0.7788461538461539
882,10.21338989346839,0.05,0.1338284051571909,0.6666666666666666,27.140464369904386,0.05,0.08357793788044954,0.7372448979591837
883,12.81654084805496,0.05,0.10109891226996215,0.7372448979591837,28.631111745484162,0.05,0.3198527893337046,0.7788461538461539
884,12.81654084805496,0.05,0.11602433256605656,0.7372448979591837,33.20318917547851,0.05,0.07963986218512566,0.7788461538461539
885,12.81654084805496,0.05,0.12227646197162127,0.7372448979591837,22.540387887619975,0.05,0.08471700137678714,0.6666666666666666
886,15.054750735739871,0.05,0.0742112501361133,0.7788461538461539,22.02690886142576,0.05,0.17091001575829307,0.625
887,15.054750735739871,0.05,0.06652715384034882,0.7788461538461539,22.540387887619975,0.05,0.08337615901093094,0.6666666666666666
888,13.744716370280155,0.05,0.08130280317902346,0.8401162790697675,12.96630481599324,0.05,0.505095751038897,0.6859756097560976
889,12.397227471721097,0.05,0.13342630499623512,0.7788461538461539,27.140464369904386,0.05,0.11810330235841549,0.7372448979591837
890,12.81654084805496,0.05,0.1509416488396824,0.7372448979591837,24.793423423793993,0.05,0.1012265028852517,0.7619047619047619
891,15.054750735739871,0.05,0.10293042345612895,0.7788461538461539,26.665732830641502,0.05,0.10476303423705824,0.7372448979591837
892,13.55367907489169,0.05,0.09872759539247243,0.7083333333333334,34.93819821794746,0.05,0.11170777573579205,0.81
893,12.81654084805496,0.05,0.15552633118937334,0.7372448979591837,27.140464369904386,0.05,0.08302598281994444,0.7372448979591837
894,12.055771194228775,0.05,0.2035698887322447,0.7372448979591837,27.140464369904386,0.05,0.07454790503413666,0.7372448979591837
895,10.21338989346839,0.05,0.15025415246243656,0.6666666666666666,27.140464369904386,0.05,0.06994581968399334,0.7372448979591837
896,14.362456481827738,0.05,0.05491033400245498,0.7372448979591837,27.140464369904386,0.05,0.06627322453809414,0.7372448979591837
897,10.21338989346839,0.05,0.11852567301904952,0.6666666666666666,26.583235692406753,0.05,0.0970899202351413,0.7372448979591837
898,12.81654084805496,0.05,0.14388956345354165,0.7372448979591837,21.517074729188103,0.05,0.32642531011723025,0.8401162790697675
899,12.81654084805496,0.05,0.13040707936076,0.7372448979591837,22.540387887619975,0.05,0.08096043198038627,0.6666666666666666
900,12.379397691636775,0.05,0.09658993683040155,0.7372448979591837,22.540387887619975,0.05,0.07911081249421001,0.6666666666666666
901,15.054750735739871,0.05,0.0598844039022759,0.7788461538461539,7.63544288933173,0.05,0.06471486019803703,0.7272727272727273
902,12.81654084805496,0.05,0.09555132694800218,0.7372448979591837,33.20318917547851,0.05,0.08399198465363404,0.7788461538461539
903,15.054750735739871,0.05,0.06968306210084958,0.7788461538461539,33.20318917547851,0.05,0.08182203950449571,0.7788461538461539
904,12.81654084805496,0.05,0.09615941090458391,0.7372448979591837,27.140464369904386,0.05,0.06662137436053166,0.7372448979591837
905,15.054750735739871,0.05,0.08079451090636627,0.7788461538461539,22.540387887619975,0.05,0.08322962181619617,0.6666666666666666
906,10.220805500351524,0.05,0.0544329718004596,0.7619047619047619,27.140464369904386,0.05,0.06422112683239933,0.7372448979591837
907,13.06595511637988,0.05,0.06556767836309586,0.7372448979591837,33.20318917547851,0.05,0.0795689871904482,0.7788461538461539
908,12.729297790535488,0.05,0.08791695866336584,0.7372448979591837,33.20318917547851,0.05,0.07743286196608208,0.7788461538461539
909,15.310502620950254,0.05,0.2477740377552602,0.7372448979591837,27.140464369904386,0.05,0.0628665073843701,0.7372448979591837
910,15.054750735739871,0.05,0.10420532409341314,0.7788461538461539,27.140464369904386,0.05,0.05933080403509813,0.7372448979591837
911,12.81654084805496,0.05,0.12127898212994781,0.7372448979591837,35.05287357130771,0.05,0.09940736509857641,0.7788461538461539
912,12.81654084805496,0.05,0.12283416613312492,0.7372448979591837,27.140464369904386,0.05,0.059032992343249734,0.7372448979591837
913,12.81654084805496,0.05,0.10793205902860036,0.7372448979591837,22.540387887619975,0.05,0.09309834899708118,0.6666666666666666
914,12.81654084805496,0.05,0.08739317426761527,0.7372448979591837,33.20318917547851,0.05,0.07388991972396715,0.7788461538461539
915,5.095730756745033,0.05,0.23817881706965405,0.6447368421052632,27.140464369904386,0.05,0.058066872584989104,0.7372448979591837
916,11.699156399190088,0.05,0.1877445747205329,0.7619047619047619,7.63544288933173,0.05,0.0592856285063891,0.7272727272727273
917,9.349182039220167,0.05,0.08563807784079018,0.7083333333333334,33.20318917547851,0.05,0.07146048973351404,0.7788461538461539
918,13.832682177161246,0.05,0.21004212683314935,0.7372448979591837,33.20318917547851,0.05,0.06954150034779796,0.7788461538461539
919,15.054750735739871,0.05,0.20469702221868483,0.7788461538461539,27.140464369904386,0.05,0.05719937682310187,0.7372448979591837
920,12.81654084805496,0.05,0.22145740952140444,0.7372448979591837,34.93819821794746,0.05,0.10224525855310206,0.81
921,12.81654084805496,0.05,0.1939378862453183,0.7372448979591837,5.42134927924603,0.05,0.7088920003597381,0.7601351351351351
922,10.21338989346839,0.05,0.1874143937599427,0.6666666666666666,27.140464369904386,0.05,0.09524640186839835,0.7372448979591837
923,12.81654084805496,0.05,0.16429755299965634,0.7372448979591837,26.991712858104226,0.05,0.08490163612156369,0.7372448979591837
924,7.05915031260089,0.05,0.37435964713254255,0.6666666666666666,27.140464369904386,0.05,0.08002791324155134,0.7372448979591837
925,9.914766538386425,0.05,0.21146154179407944,0.6666666666666666,27.140464369904386,0.05,0.07310394908278021,0.7372448979591837
926,12.81654084805496,0.05,0.18376336218451925,0.7372448979591837,26.702038486991885,0.05,0.07390874636345564,0.7372448979591837
927,9.675548468759334,0.05,0.21620429382675055,0.7372448979591837,35.05287357130771,0.05,0.10886196531671323,0.7788461538461539
928,12.384472552580952,0.05,0.3266128736287634,0.7372448979591837,27.140464369904386,0.05,0.061723109628642546,0.7372448979591837
929,8.265835844219094,0.05,0.13619243183600976,0.7272727272727273,22.144770674973376,0.05,0.10410726904591203,0.6956521739130435
930,15.054750735739871,0.05,0.2183159946497399,0.7788461538461539,22.540387887619975,0.05,0.09760787189024547,0.6666666666666666
931,15.054750735739871,0.05,0.20850918298237842,0.7788461538461539,22.540387887619975,0.05,0.09131420845287046,0.6666666666666666
932,10.21338989346839,0.05,0.2922851975364921,0.6666666666666666,35.05287357130771,0.05,0.10339299263746869,0.7788461538461539
933,9.953471717518077,0.05,0.29284805670654707,0.7619047619047619,33.20318917547851,0.05,0.07856705666550672,0.7788461538461539
934,12.81654084805496,0.05,0.2726904360539917,0.7372448979591837,27.140464369904386,0.05,0.0638820886514551,0.7372448979591837
935,11.400004163648502,0.05,0.32234670506318036,0.7372448979591837,23.74451871863356,0.05,0.111762282554922,0.7372448979591837
936,10.21338989346839,0.05,0.3957026552196032,0.6666666666666666,22.540387887619975,0.05,0.09284541430056495,0.6666666666666666
937,13.744716370280155,0.05,0.32147405900057074,0.8401162790697675,8.824230219215506,0.05,0.12499205124263653,0.6666666666666666
938,9.955305740947942,0.05,0.38386505158318845,0.7372448979591837,25.911905358424796,0.05,0.15029052453206515,0.7619047619047619
939,10.21338989346839,0.05,0.4668444954148881,0.6666666666666666,22.540387887619975,0.05,0.09244408794046324,0.6666666666666666
940,12.81654084805496,0.05,0.3790313701048613,0.7372448979591837,27.140464369904386,0.05,0.05458049700264241,0.7372448979591837
941,10.21338989346839,0.05,0.40936742031046885,0.6666666666666666,27.140464369904386,0.05,0.0511993480684676,0.7372448979591837
942,15.054750735739871,0.05,0.2899627748834683,0.7788461538461539,22.540387887619975,0.05,0.09166426319587266,0.6666666666666666
943,13.885916933158388,0.05,0.49197438395883314,0.7372448979591837,8.299591825726386,0.05,0.8855356744349558,0.6401515151515151
944,10.21338989346839,0.05,0.33214512059093193,0.6666666666666666,37.7231457932102,0.05,0.19918408602854212,0.81
945,12.81654084805496,0.05,0.2940133159687423,0.7372448979591837,27.140464369904386,0.05,0.09202338525600433,0.7372448979591837
946,8.68289321854515,0.05,0.19141569354109444,0.8027777777777778,27.140464369904386,0.05,0.08238749379328536,0.7372448979591837
947,10.21338989346839,0.05,0.3100135318545675,0.6666666666666666,23.74451871863356,0.05,0.07879212252214422,0.7372448979591837
948,2.781672076167066,0.05,0.1196091744547633,0.7619047619047619,22.540387887619975,0.05,0.09838219226952641,0.6666666666666666
949,10.21338989346839,0.05,0.30751719903180563,0.6666666666666666,22.540387887619975,0.05,0.08347335852205254,0.6666666666666666
950,12.428900662894158,0.05,0.2610850249118493,0.7372448979591837,27.140464369904386,0.05,0.06953937658954916,0.7372448979591837
951,12.81654084805496,0.05,0.2558804094479201,0.7372448979591837,12.64632056328033,0.05,0.10333655349623334,0.7272727272727273
952,8.971763163947681,0.05,0.2354830670671939,0.7619047619047619,33.20318917547851,0.05,0.0911417077038836,0.7788461538461539
953,14.362456481827738,0.05,0.21512930146364187,0.7372448979591837,21.08612320533602,0.05,0.32042975283426806,0.7372448979591837
954,12.81654084805496,0.05,0.22550687538817127,0.7372448979591837,33.20318917547851,0.05,0.0894524546438129,0.7788461538461539
955,10.21338989346839,0.05,0.23976492334583438,0.6666666666666666,27.140464369904386,0.05,0.06350102098257034,0.7372448979591837
956,15.054750735739871,0.05,0.1876689548201391,0.7788461538461539,35.05287357130771,0.05,0.110030592055454,0.7788461538461539
957,12.81654084805496,0.05,0.1997343413959508,0.7372448979591837,33.20318917547851,0.05,0.08640728659297636,0.7788461538461539
958,10.21338989346839,0.05,0.22715084244324105,0.6666666666666666,33.20318917547851,0.05,0.08425079562030217,0.7788461538461539
959,12.633071781203345,0.05,0.1552266841874584,0.7372448979591837,27.140464369904386,0.05,0.06770811524590277,0.7372448979591837
960,15.054750735739871,0.05,0.12791949757941593,0.7788461538461539,34.93819821794746,0.05,0.11696027904614563,0.81
961,8.568469719150514,0.05,0.09409688847690763,0.8027777777777778,22.00221245009368,0.05,0.0953870908228525,0.6666666666666666
962,15.054750735739871,0.05,0.11951346121449306,0.7788461538461539,22.540387887619975,0.05,0.0828672075568245,0.6666666666666666
963,10.09611244929809,0.05,0.15160590993331993,0.6666666666666666,20.237777736002357,0.05,0.12727692351424036,0.6666666666666666
964,15.800184197802594,0.05,0.08162959497888764,0.7788461538461539,31.89057478785464,0.05,0.1620134928961017,0.8027777777777778
965,10.21338989346839,0.05,0.11551922180588976,0.6666666666666666,27.140464369904386,0.05,0.07187590897176599,0.7372448979591837
966,12.81654084805496,0.05,0.09992325921193101,0.7372448979591837,22.540387887619975,0.05,0.07899774212187713,0.6666666666666666
967,10.21338989346839,0.05,0.11348199078326342,0.6666666666666666,35.05287357130771,0.05,0.10713187121767,0.7788461538461539
968,10.21338989346839,0.05,0.11360657750963923,0.6666666666666666,27.140464369904386,0.05,0.07174134048908092,0.7372448979591837
969,15.054750735739871,0.05,0.11035154646955644,0.7788461538461539,5.42134927924603,0.05,0.6835398364365364,0.7601351351351351
970,15.054750735739871,0.05,0.1091017187238942,0.7788461538461539,35.05287357130771,0.05,0.13704720422020886,0.7788461538461539
971,7.466395844590062,0.05,0.0822506055174395,0.6666666666666666,22.540387887619975,0.05,0.10481055566915107,0.6666666666666666
972,9.330250134948805,0.05,0.16213371610079674,0.8027777777777778,26.46226343393879,0.05,0.10872145469525064,0.7686170212765957
973,15.054750735739871,0.05,0.0794180738190177,0.7788461538461539,27.01776479733495,0.05,0.10633481529915705,0.7372448979591837
974,13.616302071369159,0.05,0.1297118507063654,0.7083333333333334,22.540387887619975,0.05,0.09161949578719071,0.6666666666666666
975,9.12353903035774,0.05,0.08739649698218753,0.8027777777777778,15.76250395992265,0.05,0.26829726490513284,0.8
976,12.81654084805496,0.05,0.08132185874554711,0.7372448979591837,8.299591825726386,0.05,0.8776425625721229,0.6401515151515151
977,10.21338989346839,0.05,0.07608463130158945,0.6666666666666666,30.788744645897385,0.05,0.15910558871469513,0.7372448979591837
978,10.72002004665616,0.05,0.3128580849359116,0.7686170212765957,26.728846138999486,0.05,0.08678022979967359,0.7372448979591837
979,12.81654084805496,0.05,0.08834175464566069,0.7372448979591837,35.05287357130771,0.05,0.12171491289413505,0.7788461538461539
980,12.81654084805496,0.05,0.07564628422860233,0.7372448979591837,39.909256982527296,0.05,0.2715091381906266,0.81
981,13.526673387172737,0.05,0.0972027742824678,0.7788461538461539,33.20318917547851,0.05,0.09399002841593394,0.7788461538461539
982,15.054750735739871,0.05,0.09378650368331383,0.7788461538461539,31.97627631165591,0.05,0.12289622022560476,0.7372448979591837
983,14.848754874587348,0.05,0.09264918666679331,0.7788461538461539,31.987882223733756,0.05,0.1583005910636838,0.7372448979591837
984,14.362456481827738,0.05,0.07512128681579254,0.7372448979591837,24.132148875351305,0.05,0.3554331702108903,0.7372448979591837
985,10.21338989346839,0.05,0.08513393587286915,0.6666666666666666,22.540387887619975,0.05,0.07176832758850145,0.6666666666666666
986,15.054750735739871,0.05,0.05997712397581833,0.7788461538461539,27.140464369904386,0.05,0.09073042591824994,0.7372448979591837
987,12.81654084805496,0.05,0.06030948921968071,0.7372448979591837,22.540387887619975,0.05,0.0728954613507137,0.6666666666666666
988,15.054750735739871,0.05,0.08292715612394692,0.7788461538461539,19.113675472008637,0.05,0.13592913408147267,0.8401162790697675
989,10.162498109915365,0.05,0.11890964257247746,0.6666666666666666,35.05287357130771,0.05,0.10885565106973345,0.7788461538461539
990,15.054750735739871,0.05,0.09005269626963021,0.7788461538461539,27.140464369904386,0.05,0.08710897816399983,0.7372448979591837
991,0.30126226256757616,0.05,0.6087401281860063,0.6401515151515151,16.044745590373083,0.05,0.2814134110910412,0.6666666666666666
992,12.81654084805496,0.05,0.27834120268914947,0.7372448979591837,34.51213590481103,0.05,0.1409801511850383,0.81
993,10.019355215829291,0.05,0.34337081806753594,0.625,35.05287357130771,0.05,0.10587925202912461,0.7788461538461539
994,12.81654084805496,0.05,0.2787716101702011,0.7372448979591837,27.140464369904386,0.05,0.08875872916140004,0.7372448979591837
995,10.21338989346839,0.05,0.32599980827824415,0.6666666666666666,27.140464369904386,0.05,0.08454942757700006,0.7372448979591837
996,10.83197226695606,0.05,0.25575386424194646,0.7619047619047619,14.735783082566853,0.05,0.051689058952172816,0.7619047619047619
997,11.390478352163734,0.05,0.2838976140383512,0.7372448979591837,22.540387887619975,0.05,0.0830153639305196,0.6666666666666666
998,14.362456481827738,0.05,0.27872447332571915,0.7372448979591837,27.140464369904386,0.05,0.08102927695817064,0.7372448979591837
999,15.054750735739871,0.05,0.219097608437091,0.7788461538461539,27.140464369904386,0.05,0.07648144792528384,0.7372448979591837
1000,12.81654084805496,0.05,0.26867868819024116,0.7372448979591837,29.72733000787755,0.05,0.09332798995615317,0.7686170212765957
1001,7.510183390135422,0.05,0.25497659281322305,0.6666666666666666,29.36731558848547,0.05,0.16499477220652187,0.81
1002,6.7567471176684855,0.05,0.2908067330040563,0.8027777777777778,24.1338701215015,0.05,0.06645203980343825,0.6956521739130435
1003,9.914766538386425,0.05,0.2504662627754499,0.6666666666666666,29.186681984078128,0.05,0.1263724310867216,0.7372448979591837
1004,12.81654084805496,0.05,0.2794148914112264,0.7372448979591837,22.540387887619975,0.05,0.08296032299209992,0.6666666666666666
1005,10.220805500351524,0.05,0.28658456268153687,0.7619047619047619,33.20318917547851,0.05,0.08170828420508854,0.7788461538461539
1006,15.054750735739871,0.05,0.19780287574728475,0.7788461538461539,33.20318917547851,0.05,0.07878794507962672,0.7788461538461539
1007,12.434978983743454,0.05,0.20772461870065015,0.7083333333333334,35.37197655835544,0.05,0.1498857951911939,0.7788461538461539
1008,12.81654084805496,0.05,0.24468492187902555,0.7372448979591837,27.140464369904386,0.05,0.07799571858454939,0.7372448979591837
1009,10.21338989346839,0.05,0.22063470424819695,0.6666666666666666,33.20318917547851,0.05,0.07262168182811224,0.7788461538461539
1010,11.348938085925587,0.05,0.20321306285416982,0.6666666666666666,27.140464369904386,0.05,0.07178294040345719,0.7372448979591837
1011,12.379397691636775,0.05,0.19156143033257214,0.7372448979591837,30.415552701460477,0.05,0.0709046294563939,0.7372448979591837
1012,12.81654084805496,0.05,0.199876052652357,0.7372448979591837,27.140464369904386,0.05,0.06613083210964188,0.7372448979591837
1013,12.81654084805496,0.05,0.1932868516583857,0.7372448979591837,18.691929799312707,0.05,0.15409856187667273,0.7372448979591837
1014,11.679365089968524,0.05,0.16926698652845934,0.6666666666666666,22.540387887619975,0.05,0.1017971055808172,0.6666666666666666
1015,12.81654084805496,0.05,0.17542963402573056,0.7372448979591837,35.05287357130771,0.05,0.09099884877618065,0.7788461538461539
1016,12.81654084805496,0.05,0.1772353742422886,0.7372448979591837,27.140464369904386,0.05,0.0627434616415438,0.7372448979591837
1017,15.054750735739871,0.05,0.15828911497478293,0.7788461538461539,26.991712858104226,0.05,0.05536580223104226,0.7372448979591837
1018,10.21338989346839,0.05,0.16397799985446593,0.6666666666666666,22.540387887619975,0.05,0.10459772730180913,0.6666666666666666
1019,10.21338989346839,0.05,0.17017435373690595,0.6666666666666666,11.037590385794465,0.05,0.14904783232085006,0.8401162790697675
1020,15.054750735739871,0.05,0.16101005009174152,0.7788461538461539,22.540387887619975,0.05,0.10260407599521688,0.6666666666666666
1021,7.606522451968275,0.05,0.17689838221525866,0.7686170212765957,22.540387887619975,0.05,0.10055104659184319,0.6666666666666666
1022,14.362456481827738,0.05,0.18350886093158295,0.7372448979591837,35.05287357130771,0.05,0.09220797492961995,0.7788461538461539
1023,12.81654084805496,0.05,0.20430712209222465,0.7372448979591837,33.20318917547851,0.05,0.06814838966470933,0.7788461538461539
1024,14.763977174884946,0.05,0.1975144672039951,0.7372448979591837,22.540387887619975,0.05,0.1021080403243357,0.6666666666666666
1025,14.925530946451042,0.05,0.14587026289530858,0.7788461538461539,35.05287357130771,0.05,0.0904766230884483,0.7788461538461539
1026,13.082226629894645,0.05,0.19400076814344872,0.7372448979591837,35.05287357130771,0.05,0.08876420838019114,0.7788461538461539
1027,13.832682177161246,0.05,0.16372671969824232,0.7372448979591837,21.345568826506355,0.05,0.1267997981068416,0.6666666666666666
1028,14.089004762656312,0.05,0.14943381662496338,0.7372448979591837,27.140464369904386,0.05,0.0741104719504229,0.7372448979591837
1029,12.670286377344688,0.05,0.1233766389579782,0.7372448979591837,22.540387887619975,0.05,0.10111996315366563,0.6666666666666666
1030,15.054750735739871,0.05,0.11451973762397241,0.7788461538461539,27.140464369904386,0.05,0.07199852604401184,0.7372448979591837
1031,4.390941462446422,0.05,0.5315316548152302,0.6401515151515151,33.389158974591695,0.05,0.15795686929534256,0.7788461538461539
1032,14.414527252284588,0.05,0.24597650863549023,0.7372448979591837,22.540387887619975,0.05,0.10011777586845558,0.6666666666666666
1033,7.466395844590062,0.05,0.23057878408207308,0.6666666666666666,24.53042362297633,0.05,0.11044532901784414,0.7372448979591837
1034,10.21338989346839,0.05,0.21442168805786258,0.6666666666666666,22.540387887619975,0.05,0.09276331077112565,0.6666666666666666
1035,12.81654084805496,0.05,0.15976655208381024,0.7372448979591837,22.540387887619975,0.05,0.09061086998765089,0.6666666666666666
1036,12.81654084805496,0.05,0.1502934771174844,0.7372448979591837,26.665732830641502,0.05,0.08366196118256135,0.7372448979591837
1037,10.21338989346839,0.05,0.16251582281524551,0.6666666666666666,27.140464369904386,0.05,0.06627435171316161,0.7372448979591837
1038,12.81654084805496,0.05,0.12552896922431958,0.7372448979591837,32.61979064481176,0.05,0.1806489300968995,0.7788461538461539
1039,12.81654084805496,0.05,0.1336003413375206,0.7372448979591837,27.140464369904386,0.05,0.0652007581010066,0.7372448979591837
1040,12.81654084805496,0.05,0.1487703428393608,0.7372448979591837,33.20318917547851,0.05,0.08033181750220199,0.7788461538461539
1041,9.025222711784943,0.05,0.11083009544805218,0.7372448979591837,27.140464369904386,0.05,0.06121994798868913,0.7372448979591837
1042,10.21338989346839,0.05,0.18984983334097869,0.6666666666666666,33.44168534386684,0.05,0.07513085344392532,0.7788461538461539
1043,9.790000200513214,0.05,0.1545877296539391,0.7272727272727273,22.540387887619975,0.05,0.09356991656860218,0.6666666666666666
1044,12.81654084805496,0.05,0.18166012867055317,0.7372448979591837,22.540387887619975,0.05,0.09159761461105279,0.6666666666666666
1045,12.81654084805496,0.05,0.16454674880268091,0.7372448979591837,22.540387887619975,0.05,0.08960449491775835,0.6666666666666666
1046,7.05915031260089,0.05,0.4585334549376885,0.6666666666666666,33.20318917547851,0.05,0.0810006773263189,0.7788461538461539
1047,12.81654084805496,0.05,0.1764479865906574,0.7372448979591837,26.796410175959224,0.05,0.061525113029987866,0.7372448979591837
1048,14.763977174884946,0.05,0.17572945983425722,0.7372448979591837,0.6899411237013715,0.05,1.2165520648011294,0.6401515151515151
1049,10.21338989346839,0.05,0.19340832960886595,0.6666666666666666,27.140464369904386,0.05,0.09880613828058087,0.7372448979591837
1050,10.21338989346839,0.05,0.1823808635082354,0.6666666666666666,27.140464369904386,0.05,0.09133276014651386,0.7372448979591837
1051,12.941442678497014,0.05,0.1740806092751599,0.8027777777777778,24.484754225565236,0.05,0.12935057499284638,0.6956521739130435
1052,12.81654084805496,0.05,0.1630980069962167,0.7372448979591837,35.05287357130771,0.05,0.12316915975392696,0.7788461538461539
1053,8.77414466114691,0.05,0.1199695336958693,0.7272727272727273,14.426786477637203,0.05,0.09322945292262261,0.7272727272727273
1054,7.466395844590062,0.05,0.2249959991435976,0.6666666666666666,35.407525026757284,0.05,0.18572228145430755,0.7788461538461539
1055,14.362456481827738,0.05,0.17901874351519462,0.7372448979591837,33.20318917547851,0.05,0.09442479071448687,0.7788461538461539
1056,12.5644368249348,0.05,0.18428872065611643,0.7372448979591837,33.20318917547851,0.05,0.09055406280961255,0.7788461538461539
1057,12.81654084805496,0.05,0.1686029511048502,0.7372448979591837,22.540387887619975,0.05,0.09130480436295949,0.6666666666666666
1058,12.428900662894158,0.05,0.15985853542762016,0.7372448979591837,33.20318917547851,0.05,0.0869985506850889,0.7788461538461539
1059,10.21338989346839,0.05,0.15081453726584115,0.6666666666666666,33.20318917547851,0.05,0.08372645393108215,0.7788461538461539
1060,12.81654084805496,0.05,0.1582294933321678,0.7372448979591837,33.20318917547851,0.05,0.0806317575651323,0.7788461538461539
1061,14.362456481827738,0.05,0.16962323857139938,0.7372448979591837,18.666638057107342,0.05,0.17807789453060288,0.7372448979591837
1062,15.054750735739871,0.05,0.15895357976609256,0.7788461538461539,6.505386097838449,0.05,0.11381087697138599,0.7619047619047619
1063,10.21338989346839,0.05,0.18671332085113473,0.6666666666666666,29.851145995130288,0.05,0.11302900550942474,0.7372448979591837
1064,9.330250134948805,0.05,0.24017238221363,0.8027777777777778,20.990138723586536,0.05,0.22849151343046292,0.625
1065,12.81654084805496,0.05,0.16945815611847256,0.7372448979591837,35.05287357130771,0.05,0.09799931851722743,0.7788461538461539
1066,14.640382843399028,0.05,0.20458624803223188,0.7372448979591837,34.09130865055674,0.05,0.14337698687406417,0.81
1067,12.041369720818508,0.05,0.22487152928708243,0.7372448979591837,27.140464369904386,0.05,0.07949797403272303,0.7372448979591837
1068,14.027840696213039,0.05,0.19990789615024795,0.7372448979591837,22.540387887619975,0.05,0.09719355826535496,0.6666666666666666
1069,15.054750735739871,0.05,0.16937764252537965,0.7788461538461539,33.20318917547851,0.05,0.07449470831692737,0.7788461538461539
1070,14.362456481827738,0.05,0.16589482584505377,0.7372448979591837,33.20318917547851,0.05,0.07234282441474771,0.7788461538461539
1071,12.563106441847955,0.05,0.1871955118787251,0.7083333333333334,27.140464369904386,0.05,0.07404362679120706,0.7372448979591837
1072,11.348938085925587,0.05,0.23180353931424708,0.6666666666666666,27.140464369904386,0.05,0.07000963962088276,0.7372448979591837
1073,16.14644369344405,0.05,0.1682530894843723,0.81,23.695444238588998,0.05,0.04057728228619443,0.6956521739130435
1074,10.21338989346839,0.05,0.24268755593434702,0.6666666666666666,24.323428805282905,0.05,0.06649294028296553,0.6956521739130435
1075,10.21338989346839,0.05,0.24540041147827588,0.6666666666666666,21.08612320533602,0.05,0.3014972152320385,0.7372448979591837
1076,12.81654084805496,0.05,0.19487217145925992,0.7372448979591837,35.05287357130771,0.05,0.08970091064845279,0.7788461538461539
1077,14.362456481827738,0.05,0.19454326639699446,0.7372448979591837,33.20318917547851,0.05,0.06796577130295159,0.7788461538461539
1078,10.21338989346839,0.05,0.29334429467856216,0.6666666666666666,35.05287357130771,0.05,0.0862679807045726,0.7788461538461539
1079,14.552177450809097,0.05,0.1837007568352646,0.7788461538461539,24.558668030110468,0.05,0.05336485491254894,0.7272727272727273
1080,10.21338989346839,0.05,0.29345668543419745,0.6666666666666666,32.50211796486032,0.05,0.13280426240707383,0.81
1081,13.082226629894645,0.05,0.19926327440624592,0.7372448979591837,24.53042362297633,0.05,0.09891348643202513,0.7372448979591837
1082,15.054750735739871,0.05,0.19451259712533125,0.7788461538461539,33.20318917547851,0.05,0.06659444377079948,0.7788461538461539
1083,15.054750735739871,0.05,0.21556985635846854,0.7788461538461539,33.20318917547851,0.05,0.0641885228992389,0.7788461538461539
1084,10.21338989346839,0.05,0.336307773387811,0.6666666666666666,35.05287357130771,0.05,0.08218385557461493,0.7788461538461539
1085,12.729297790535488,0.05,0.2900433638969313,0.7372448979591837,21.456481073518425,0.05,0.14004193706911502,0.7372448979591837
1086,10.21338989346839,0.05,0.331976727205675,0.6666666666666666,27.140464369904386,0.05,0.07527691132154028,0.7372448979591837
1087,12.81654084805496,0.05,0.27555613819476393,0.7372448979591837,33.20318917547851,0.05,0.06692496411853635,0.7788461538461539
1088,15.054750735739871,0.05,0.19710257128575887,0.7788461538461539,11.118778766761855,0.05,0.055701228245687545,0.8035714285714286
1089,12.81654084805496,0.05,0.28947308891423845,0.7372448979591837,22.540387887619975,0.05,0.11107598395366702,0.6666666666666666
1090,10.21338989346839,0.05,0.31195176043864115,0.6666666666666666,27.140464369904386,0.05,0.06850915197362668,0.7372448979591837
1091,10.21338989346839,0.05,0.294065502979227,0.6666666666666666,27.140464369904386,0.05,0.06312374098883955,0.7372448979591837
1092,12.81654084805496,0.05,0.24965029199745506,0.7372448979591837,35.05287357130771,0.05,0.08228362620457297,0.7788461538461539
1093,14.362456481827738,0.05,0.20282521147882596,0.7372448979591837,19.08149746654455,0.05,0.29054518859147177,0.6125
1094,12.81654084805496,0.05,0.2073353299664479,0.7372448979591837,26.728846138999486,0.05,0.06777792164272593,0.7372448979591837
1095,12.81654084805496,0.05,0.20626781426742677,0.7372448979591837,22.540387887619975,0.05,0.11355623894073386,0.6666666666666666
1096,10.21338989346839,0.05,0.23613388875751987,0.6666666666666666,27.140464369904386,0.05,0.07307243514132773,0.7372448979591837
1097,14.606201366021782,0.05,0.17786768505941417,0.7372448979591837,22.540387887619975,0.05,0.11211898199685733,0.6666666666666666
1098,14.089004762656312,0.05,0.15978678227174956,0.7372448979591837,35.47292056409563,0.05,0.12093625352488258,0.81
1099,9.914766538386425,0.05,0.14070705816756443,0.6666666666666666,33.20318917547851,0.05,0.06374697254085447,0.7788461538461539
1100,10.09611244929809,0.05,0.20217369620609218,0.6666666666666666,27.140464369904386,0.05,0.06439171302688074,0.7372448979591837
1101,14.362456481827738,0.05,0.1570011223079069,0.7372448979591837,33.20318917547851,0.05,0.0620474118242415,0.7788461538461539
1102,15.054750735739871,0.05,0.15996187454672683,0.7788461538461539,27.140464369904386,0.05,0.05692405613866647,0.7372448979591837
1103,10.21338989346839,0.05,0.1754308506411446,0.6666666666666666,22.436025633928168,0.05,0.11699541693069526,0.6666666666666666
1104,8.94978928418769,0.05,0.23360908796078084,0.6666666666666666,36.59281089993421,0.05,0.14633881403845553,0.81
1105,10.795194523003431,0.05,0.4321140671554792,0.6666666666666666,33.20318917547851,0.05,0.06098022625441889,0.7788461538461539
1106,9.689619959108256,0.05,0.1439732825519409,0.7372448979591837,0.6899411237013715,0.05,1.2645068892881373,0.6401515151515151
1107,7.491707723029549,0.05,0.21187423650199416,0.6666666666666666,27.140464369904386,0.05,0.10035000243000321,0.7372448979591837
1108,12.379397691636775,0.05,0.17847925436599868,0.7372448979591837,33.20318917547851,0.05,0.09166372692007811,0.7788461538461539
1109,14.362456481827738,0.05,0.134098017077144,0.7372448979591837,27.140464369904386,0.05,0.0899286265868741,0.7372448979591837
1110,15.054750735739871,0.05,0.12782968462214073,0.7788461538461539,31.502080914115936,0.05,0.12443330620528543,0.7372448979591837
1111,15.800184197802594,0.05,0.13084712921497396,0.7788461538461539,27.140464369904386,0.05,0.08092865766633521,0.7372448979591837
1112,14.606201366021782,0.05,0.1286842888186179,0.7372448979591837,11.022278583309225,0.05,0.061164942433074104,0.7601351351351351
1113,13.52218220050952,0.05,0.14103888482046087,0.7788461538461539,27.140464369904386,0.05,0.0735378596480386,0.7372448979591837
1114,10.21338989346839,0.05,0.2331808697424133,0.6666666666666666,27.140464369904386,0.05,0.06739070164347778,0.7372448979591837
1115,12.81654084805496,0.05,0.20249260257914647,0.7372448979591837,35.98148036670774,0.05,0.19269485218752735,0.7788461538461539
1116,14.089004762656312,0.05,0.17518697174885492,0.7372448979591837,27.140464369904386,0.05,0.06021761288258628,0.7372448979591837
1117,14.362456481827738,0.05,0.1703801440340844,0.7372448979591837,27.140464369904386,0.05,0.05776215314820584,0.7372448979591837
1118,11.348938085925587,0.05,0.2542514450381653,0.6666666666666666,26.728846138999486,0.05,0.05442456376818775,0.7372448979591837
1119,9.13341541955458,0.05,0.16823550950353613,0.6859756097560976,27.140464369904386,0.05,0.05272035221690138,0.7372448979591837
1120,14.362456481827738,0.05,0.1817869067696346,0.7372448979591837,33.20318917547851,0.05,0.06332174502872344,0.7788461538461539
1121,15.054750735739871,0.05,0.17804053801149136,0.7788461538461539,33.20318917547851,0.05,0.060937977210886896,0.7788461538461539
1122,14.362456481827738,0.05,0.20989533497749505,0.7372448979591837,26.728846138999486,0.05,0.04384644762249431,0.7372448979591837
1123,12.81654084805496,0.05,0.26217191394577705,0.7372448979591837,27.140464369904386,0.05,0.04850293065707637,0.7372448979591837
1124,14.693077722797467,0.05,0.2953564064870005,0.7372448979591837,33.20318917547851,0.05,0.05746810139327553,0.7788461538461539
1125,15.054750735739871,0.05,0.20802499623687684,0.7788461538461539,35.05287357130771,0.05,0.0806859533388301,0.7788461538461539
1126,12.81654084805496,0.05,0.31423381144446544,0.7372448979591837,33.20318917547851,0.05,0.05437007346588391,0.7788461538461539
1127,14.256122748243135,0.05,0.23447397724015598,0.7788461538461539,33.20318917547851,0.05,0.052674144200533055,0.7788461538461539
1128,14.362456481827738,0.05,0.26116880507147705,0.7372448979591837,29.186681984078128,0.05,0.10357003653423653,0.7372448979591837
1129,15.054750735739871,0.05,0.24823965113097962,0.7788461538461539,22.540387887619975,0.05,0.12284620359634472,0.6666666666666666
1130,10.21338989346839,0.05,0.36906967658328327,0.6666666666666666,33.20318917547851,0.05,0.05232385708694972,0.7788461538461539
1131,15.054750735739871,0.05,0.24347256950065102,0.7788461538461539,33.389158974591695,0.05,0.15085510219158588,0.7788461538461539
1132,15.054750735739871,0.05,0.2387944884181325,0.7788461538461539,22.540387887619975,0.05,0.1232211701646527,0.6666666666666666
1133,10.019355215829291,0.05,0.22930976580708234,0.625,28.79473423139417,0.05,0.09445054723617297,0.7372448979591837
1134,14.362456481827738,0.05,0.2711731490133062,0.7372448979591837,22.540387887619975,0.05,0.12179287991367023,0.6666666666666666
1135,12.81654084805496,0.05,0.32891508099621,0.7372448979591837,21.87056392193092,0.05,0.17054908469073843,0.6666666666666666
1136,15.054750735739871,0.05,0.23238692409671785,0.7788461538461539,5.42134927924603,0.05,0.7167586246180415,0.7601351351351351
1137,15.054750735739871,0.05,0.24103523348151668,0.7788461538461539,21.666149952292415,0.05,0.14192400835385977,0.7619047619047619
1138,12.81654084805496,0.05,0.33326725282623426,0.7372448979591837,26.728846138999486,0.05,0.09347642386244004,0.7372448979591837
1139,10.21338989346839,0.05,0.35220493691041865,0.6666666666666666,11.273560295580324,0.05,0.09000280783324782,0.6859756097560976
1140,15.054750735739871,0.05,0.18692146123952827,0.7788461538461539,29.851145995130288,0.05,0.12964917400575052,0.7372448979591837
1141,15.715631925151033,0.05,0.23671037610127316,0.81,27.140464369904386,0.05,0.09444841719967383,0.7372448979591837
1142,14.362456481827738,0.05,0.18414431191211142,0.7372448979591837,33.20318917547851,0.05,0.08034675770350279,0.7788461538461539
1143,15.054750735739871,0.05,0.18404621826185869,0.7788461538461539,26.828058702799353,0.05,0.09305093863939085,0.7372448979591837
1144,10.21338989346839,0.05,0.2754809334674357,0.6666666666666666,27.140464369904386,0.05,0.0722114053836254,0.7372448979591837
1145,13.832682177161246,0.05,0.18537209993198256,0.7372448979591837,27.140464369904386,0.05,0.06449833368715086,0.7372448979591837
1146,10.21338989346839,0.05,0.2898008467261686,0.6666666666666666,33.20318917547851,0.05,0.07351581037379254,0.7788461538461539
1147,13.80772934625333,0.05,0.4545694143368663,0.7788461538461539,26.665732830641502,0.05,0.0669121892019839,0.7372448979591837
1148,6.843578523116034,0.05,0.1523384116785086,0.7272727272727273,35.05287357130771,0.05,0.09491080031119588,0.7788461538461539
1149,10.795194523003431,0.05,0.35170946423514327,0.6666666666666666,33.20318917547851,0.05,0.06906391886068097,0.7788461538461539
1150,11.390478352163734,0.05,0.2780785246020232,0.7372448979591837,14.85385742693903,0.05,0.22503424419640172,0.7372448979591837
1151,15.054750735739871,0.05,0.20268794517485134,0.7788461538461539,32.50211796486032,0.05,0.12784271506413375,0.81
1152,14.089004762656312,0.05,0.22693994976006984,0.7372448979591837,34.10341057077089,0.05,0.11201488079155533,0.81
1153,15.054750735739871,0.05,0.16737303032787687,0.7788461538461539,33.20318917547851,0.05,0.063620431647194,0.7788461538461539
1154,10.21338989346839,0.05,0.27202266885875315,0.6666666666666666,33.20318917547851,0.05,0.061593271169388064,0.7788461538461539
1155,15.310502620950254,0.05,0.3263700406540312,0.7372448979591837,22.540387887619975,0.05,0.11101502339907551,0.6666666666666666
1156,10.21338989346839,0.05,0.2540576434055357,0.6666666666666666,33.20318917547851,0.05,0.060982577521205235,0.7788461538461539
1157,15.054750735739871,0.05,0.15346817427827006,0.7788461538461539,34.946610245546196,0.05,0.10893052794419063,0.81
1158,12.81654084805496,0.05,0.23210659797808864,0.7372448979591837,33.20318917547851,0.05,0.0577900600432009,0.7788461538461539
1159,15.054750735739871,0.05,0.16822354669815093,0.7788461538461539,26.728846138999486,0.05,0.04543139268634714,0.7372448979591837
1160,12.81654084805496,0.05,0.18824046125365176,0.7372448979591837,26.728846138999486,0.05,0.03923873411039217,0.7372448979591837
1161,9.750737589671505,0.05,0.11901310555287534,0.6956521739130435,27.140464369904386,0.05,0.05282824772691589,0.7372448979591837
1162,12.81654084805496,0.05,0.18764970055804023,0.7372448979591837,27.140464369904386,0.05,0.04947292773915901,0.7372448979591837
1163,14.362456481827738,0.05,0.13165200057224177,0.7372448979591837,31.97627631165591,0.05,0.08283366606522846,0.7372448979591837
1164,12.81654084805496,0.05,0.14844950604478324,0.7372448979591837,26.46226343393879,0.05,0.04902656965668729,0.7686170212765957
1165,10.21338989346839,0.05,0.15500991665586855,0.6666666666666666,21.456481073518425,0.05,0.1328222407041919,0.7372448979591837
1166,9.953471717518077,0.05,0.13163376694436602,0.7619047619047619,27.140464369904386,0.05,0.05176711328992156,0.7372448979591837
1167,15.873658486783368,0.05,0.27943202208316636,0.7788461538461539,27.140464369904386,0.05,0.05002638663076442,0.7372448979591837
1168,12.81654084805496,0.05,0.10777461792826526,0.7372448979591837,22.540387887619975,0.05,0.11132327532142941,0.6666666666666666
1169,12.81654084805496,0.05,0.12229315607327156,0.7372448979591837,27.140464369904386,0.05,0.04870347114779797,0.7372448979591837
1170,15.054750735739871,0.05,0.08674918044624316,0.7788461538461539,27.140464369904386,0.05,0.04390653698457333,0.7372448979591837
1171,12.81654084805496,0.05,0.10864457917558967,0.7372448979591837,27.140464369904386,0.05,0.040866913426829354,0.7372448979591837
1172,11.00099611804768,0.05,0.08587246562254376,0.7083333333333334,33.20318917547851,0.05,0.05913274453606378,0.7788461538461539
1173,12.81654084805496,0.05,0.08150814026148807,0.7372448979591837,33.20318917547851,0.05,0.05741520250575146,0.7788461538461539
1174,12.81654084805496,0.05,0.08357135342909461,0.7372448979591837,27.140464369904386,0.05,0.04096409157142914,0.7372448979591837
1175,12.81654084805496,0.05,0.08279721733515877,0.7372448979591837,27.215368181698807,0.05,0.053671034908480485,0.7372448979591837
1176,10.21338989346839,0.05,0.11632999495373877,0.6666666666666666,22.540387887619975,0.05,0.11657766666840934,0.6666666666666666
1177,14.362456481827738,0.05,0.09346894970237037,0.7372448979591837,35.05287357130771,0.05,0.08301814532298961,0.7788461538461539
1178,10.21338989346839,0.05,0.14750992462354548,0.6666666666666666,12.96630481599324,0.05,0.5201154841489836,0.6859756097560976
1179,10.21338989346839,0.05,0.15858623396075097,0.6666666666666666,27.140464369904386,0.05,0.08817169581863438,0.7372448979591837
1180,12.434978983743454,0.05,0.11564273620703519,0.7083333333333334,35.05287357130771,0.05,0.10695047893361716,0.7788461538461539
1181,12.81654084805496,0.05,0.13193567843672374,0.7372448979591837,35.05287357130771,0.05,0.0997242784648517,0.7788461538461539
1182,12.81654084805496,0.05,0.1321844372043715,0.7372448979591837,27.140464369904386,0.05,0.07383748287532343,0.7372448979591837
1183,12.81654084805496,0.05,0.1322287228925331,0.7372448979591837,33.20318917547851,0.05,0.06625703755053955,0.7788461538461539
1184,12.5644368249348,0.05,0.12614115322054034,0.7372448979591837,27.140464369904386,0.05,0.0636197349762168,0.7372448979591837
1185,12.81654084805496,0.05,0.1227072397336816,0.7372448979591837,27.140464369904386,0.05,0.05719769733566601,0.7372448979591837
1186,10.21338989346839,0.05,0.13485881941183622,0.6666666666666666,27.140464369904386,0.05,0.0511413009816459,0.7372448979591837
1187,14.21494074316038,0.05,0.14862553005397103,0.7083333333333334,27.140464369904386,0.05,0.04769557052064218,0.7372448979591837
1188,15.054750735739871,0.05,0.10311219921144096,0.7788461538461539,21.77766394381609,0.05,0.1271859027169358,0.7272727272727273
1189,12.81654084805496,0.05,0.124278090793999,0.7372448979591837,22.540387887619975,0.05,0.10402438024743184,0.6666666666666666
1190,15.62096091031946,0.05,0.13060645254682093,0.7788461538461539,22.540387887619975,0.05,0.101297107175863,0.6666666666666666
1191,5.179877064764349,0.05,0.09546516568199297,0.7211538461538461,33.20318917547851,0.05,0.0703510783734159,0.7788461538461539
1192,12.81654084805496,0.05,0.13399705448290403,0.7372448979591837,29.851145995130288,0.05,0.09973715393763527,0.7372448979591837
1193,13.082226629894645,0.05,0.16990576635980684,0.7372448979591837,29.851145995130288,0.05,0.07823184407135468,0.7372448979591837
1194,12.81654084805496,0.05,0.12609183953860942,0.7372448979591837,31.86693596307906,0.05,0.13555670682607016,0.81
1195,15.054750735739871,0.05,0.1034783564014173,0.7788461538461539,27.140464369904386,0.05,0.05913014540060901,0.7372448979591837
1196,15.054750735739871,0.05,0.10517621729582835,0.7788461538461539,22.540387887619975,0.05,0.10181785820353947,0.6666666666666666
1197,11.16218059869758,0.05,0.11793504589839614,0.7272727272727273,22.540387887619975,0.05,0.09872443944005242,0.6666666666666666
1198,10.162498109915365,0.05,0.08182161814433368,0.6666666666666666,33.20318917547851,0.05,0.07285391026708186,0.7788461538461539
1199,10.21338989346839,0.05,0.10880303733724084,0.6666666666666666,33.20318917547851,0.05,0.07156829066565029,0.7788461538461539
