episode,reward_modql,epsilon_modql,q_drift_modql,fairness_modql,reward_standard,epsilon_standard,q_drift_standard,fairness_standard
0,7.385572828921065,0.995,0.12309288048201773,0.7372448979591837,10.953227174556206,0.995,0.18255378624260343,0.8810975609756098
1,3.2298142554483644,0.990025,0.06459628510896728,0.7619047619047619,23.47777415437932,0.990025,0.3353967736339902,0.7788461538461539
2,3.664010260622676,0.985074875,0.07524144491539683,0.7272727272727273,12.398545940740268,0.985074875,0.20967810504877296,0.8810975609756098
3,1.4965787465422289,0.9801495006250001,0.03741446866355572,0.6859756097560976,10.78029222857134,0.9801495006250001,0.1803809249186842,0.8401162790697675
4,1.9387538114734864,0.9752487531218751,0.04846884528683716,0.8522727272727273,10.440895989922113,0.9752487531218751,0.1734058002322241,0.8027777777777778
5,4.417179675787181,0.9703725093562657,0.08667488369809957,0.7686170212765957,5.426446449935787,0.9703725093562657,0.13566116124839467,0.7211538461538461
6,1.263385910277019,0.9655206468094844,0.022625181379978487,0.6859756097560976,8.127026509173112,0.9655206468094844,0.16090323202172008,0.6666666666666666
7,12.5507629313952,0.960693043575437,0.1792966133056457,0.7788461538461539,11.586642553250819,0.960693043575437,0.19311070922084703,0.8027777777777778
8,0.6489489477180722,0.9558895783575597,0.02043703607367614,0.765625,14.027474258471663,0.9558895783575597,0.23165008437970747,0.8027777777777778
9,2.6677919955054934,0.9511101304657719,0.06669479988763734,0.7211538461538461,12.688232621397917,0.9511101304657719,0.2537646524279583,0.8
10,3.5931171366485426,0.946354579813443,0.05356928617031664,0.7272727272727273,17.157699489079665,0.946354579813443,0.29230068908062784,0.7083333333333334
11,4.386924781598248,0.9416228069143757,0.08773849563196497,0.7272727272727273,19.518103210737063,0.9416228069143757,0.3179663284198812,0.7083333333333334
12,9.039238310394696,0.9369146928798039,0.1506539718399116,0.8027777777777778,14.4786628612645,0.9369146928798039,0.23110004036422996,0.8027777777777778
13,1.5129735225013285,0.9322301194154049,0.030181272412306587,0.8035714285714286,3.8254315365836096,0.9322301194154049,0.09780917860703153,0.6859756097560976
14,9.032446928548971,0.9275689688183278,0.15772734007781128,0.7083333333333334,4.621263037404814,0.9275689688183278,0.11553157593512037,0.7601351351351351
15,4.291729805723948,0.9229311239742362,0.042715248502508386,0.8,10.350046106957691,0.9229311239742362,0.19617420211032438,0.7619047619047619
16,0.6013268398519107,0.918316468354365,0.011778389250502194,0.8166666666666667,23.6676187457764,0.918316468354365,0.33810883922537727,0.7788461538461539
17,3.839244569464768,0.9137248860125932,0.0683439524325278,0.6956521739130435,8.305378482513891,0.9137248860125932,0.16610756965027781,0.7272727272727273
18,6.4133132202431105,0.9091562615825302,0.10688855367071852,0.8027777777777778,15.224406138891585,0.9091562615825302,0.24776888016903595,0.7372448979591837
19,4.467092885576147,0.9046104802746175,0.08570993233570201,0.6666666666666666,6.344721837280659,0.9046104802746175,0.11846396074422505,0.7619047619047619
20,9.17641805009599,0.9000874278732445,0.23953701299526975,0.7083333333333334,4.895162347096893,0.9000874278732445,0.1454492066540413,0.7205882352941176
21,7.056946258329944,0.8955869907338783,0.0924628181985162,0.7372448979591837,20.809532445553273,0.8955869907338783,0.3518403523275164,0.7686170212765957
22,7.178269713167422,0.8911090557802088,0.11963782855279037,0.8027777777777778,10.562244582304603,0.8911090557802088,0.18478781359032226,0.7686170212765957
23,3.8748182527187667,0.8866535105013078,0.07945760475731864,0.7272727272727273,10.253022996702832,0.8866535105013078,0.1893035049151943,0.6666666666666666
24,5.59942047189958,0.8822202429488013,0.07719429301182794,0.7686170212765957,17.60585685125675,0.8822202429488013,0.34466952441983933,0.7619047619047619
25,9.640444577575897,0.8778091417340573,0.13772063682251282,0.7788461538461539,13.567251960177272,0.8778091417340573,0.22539701325759798,0.8810975609756098
26,4.518026829703858,0.8734200960253871,0.11782411813885492,0.7272727272727273,14.585015969221647,0.8734200960253871,0.25263149705647264,0.7686170212765957
27,4.696190611617976,0.8690529955452602,0.030613557977435236,0.7272727272727273,14.977107370679121,0.8690529955452602,0.25451782823110547,0.8027777777777778
28,4.405338308222587,0.8647077305675338,0.04349578590994284,0.6666666666666666,13.547089987769489,0.8647077305675338,0.3312950021109663,0.7211538461538461
29,5.923670921014172,0.8603841919146962,0.10243339069522635,0.8027777777777778,4.76818295070841,0.8603841919146962,0.10935000895916831,0.6859756097560976
30,3.627317087878072,0.8560822709551227,0.03665941219672065,0.7619047619047619,6.99240471322136,0.8560822709551227,0.14780544034379148,0.8888888888888888
31,5.788996773022067,0.851801859600347,0.08854365390286145,0.8401162790697675,14.08016304887908,0.851801859600347,0.35028924858922394,0.7601351351351351
32,5.310183158869858,0.8475428503023453,0.09973919242482043,0.7686170212765957,16.560301067244968,0.8475428503023453,0.2851048482639767,0.7686170212765957
33,7.78300473266734,0.8433051360508336,0.1641613734308446,0.8027777777777778,18.191652772663087,0.8433051360508336,0.34309548204270024,0.7619047619047619
34,4.942750680341138,0.8390886103705794,0.07177231617375428,0.8401162790697675,18.234036874348263,0.8390886103705794,0.26518836885046254,0.84375
35,5.071489270486172,0.8348931673187264,0.0699143312629932,0.8,4.625573868015021,0.8348931673187264,0.12628012301582112,0.6540697674418605
36,4.39748319266292,0.8307187014821328,0.057253368972899676,0.7083333333333334,10.197324444817065,0.8307187014821328,0.16232221388408874,0.7686170212765957
37,5.415979995641546,0.8265651079747222,0.08266285258586109,0.7372448979591837,6.511236614730392,0.8265651079747222,0.1557750170308853,0.8
38,2.6027275219327857,0.8224322824348486,0.06836637748905906,0.6859756097560976,3.528811807984322,0.8224322824348486,0.08822029519960806,0.7601351351351351
39,6.015444598632108,0.8183201210226743,0.07794071157531533,0.7686170212765957,8.926626264878848,0.8183201210226743,0.27661362998297834,0.765625
40,0.937108743957263,0.8142285204175609,0.03822917933884097,0.6805555555555556,7.63544288933173,0.8142285204175609,0.13471295658433352,0.7272727272727273
41,3.6881599642218132,0.810157377815473,0.03365427801055537,0.7619047619047619,4.933111841908177,0.810157377815473,0.10524260138827506,0.6859756097560976
42,5.425864134348379,0.8061065909263957,0.07284660042234108,0.7686170212765957,11.799067485436158,0.8061065909263957,0.19401790689239384,0.7083333333333334
43,1.4295662036568635,0.8020760579717637,0.020069932526267625,0.6859756097560976,23.846147252914964,0.8020760579717637,0.47692294505829924,0.7272727272727273
44,5.960745661428218,0.798065677681905,0.10362173604067064,0.8027777777777778,9.187159249554036,0.798065677681905,0.19765690079764753,0.8
45,7.483826993993457,0.7940753492934954,0.13504727085345966,0.7372448979591837,5.426446449935787,0.7940753492934954,0.10277304772727025,0.7211538461538461
46,1.5565787647960503,0.7901049725470279,0.05949415775288722,0.7601351351351351,19.296503437959156,0.7901049725470279,0.3527108980650022,0.7619047619047619
47,6.421178972701572,0.7861544476842928,0.11835666438964082,0.7372448979591837,7.416054336566685,0.7861544476842928,0.13356951629413674,0.7619047619047619
48,4.921053222966259,0.7822236754458713,0.07093827434199589,0.8401162790697675,7.3303616169771635,0.7822236754458713,0.14615951353938308,0.7619047619047619
49,3.446987564210596,0.778312557068642,0.07778439895201596,0.8,19.81522051311081,0.778312557068642,0.3315027027310338,0.7372448979591837
50,8.796611250802025,0.7744209942832988,0.0858203753405278,0.8804347826086957,17.117179917204922,0.7744209942832988,0.34348902389029645,0.7619047619047619
51,5.204260221776363,0.7705488893118823,0.07837805175058754,0.8401162790697675,18.757525372939885,0.7705488893118823,0.33051296724363566,0.7272727272727273
52,5.7721420889556425,0.7666961448653229,0.034766490586999585,0.8,5.428812859322656,0.7666961448653229,0.13397558243379615,0.8035714285714286
53,2.9362238442460917,0.7628626641409962,0.04696706571482685,0.8421052631578947,3.329201815461898,0.7628626641409962,0.06585257004867232,0.7211538461538461
54,2.7426905699075563,0.7590483508202912,0.0685672642476889,0.6859756097560976,17.18122987037461,0.7590483508202912,0.3450168329883675,0.7619047619047619
55,10.10919986243019,0.7552531090661897,0.16552245287775966,0.7788461538461539,10.255794880190978,0.7552531090661897,0.22082209162215843,0.6540697674418605
56,3.326656065113781,0.7514768435208588,0.033452437882290534,0.7272727272727273,11.9805363436124,0.7514768435208588,0.19934771052294573,0.8810975609756098
57,3.3743669892132035,0.7477194593032545,0.0765041728441235,0.7272727272727273,15.39082357525124,0.7477194593032545,0.2520756278763712,0.7686170212765957
58,4.0700234065711935,0.7439808620067382,0.0830957564215044,0.8,9.959534068018199,0.7439808620067382,0.18183841299596226,0.8
59,2.798395944754935,0.7402609576967045,0.09540634926985869,0.8888888888888888,26.075798021132037,0.7402609576967045,0.36485825885856826,0.8804347826086957
60,4.667352884049505,0.736559652908221,0.04638841140211615,0.7272727272727273,25.619510252761916,0.736559652908221,0.35665583840384063,0.81
61,4.373740528246334,0.7328768546436799,0.12554543064704912,0.8401162790697675,7.04675303924094,0.7328768546436799,0.14445062730896224,0.8888888888888888
62,1.5227218919019951,0.7292124703704616,0.05702321795810732,0.6540697674418605,27.63829455717376,0.7292124703704616,0.37378639487005877,0.81
63,6.893029301708522,0.7255664080186093,0.09913794766430618,0.8027777777777778,23.412233873536646,0.7255664080186093,0.39148149587574516,0.8401162790697675
64,11.490034991115335,0.7219385759785162,0.06546881748107322,0.7788461538461539,3.1226737045171284,0.7219385759785162,0.07663560158392063,0.6859756097560976
65,10.941482937174484,0.7183288830986236,0.1574156762302382,0.8401162790697675,17.914038959785636,0.7183288830986236,0.27090872907272967,0.8027777777777778
66,5.622859814338164,0.7147372386831305,0.07012572796037192,0.7083333333333334,20.997115943525092,0.7147372386831305,0.34045015357474023,0.8027777777777778
67,7.376723554751196,0.7111635524897149,0.15382832960613546,0.8027777777777778,13.338873487838496,0.7111635524897149,0.22770026739075905,0.7272727272727273
68,4.110286056620499,0.7076077347272662,0.052997127100136224,0.6666666666666666,5.471879651708159,0.7076077347272662,0.11374405317638124,0.8035714285714286
69,3.7501970712153696,0.7040696960536299,0.0801805645895952,0.8,19.750447974772637,0.7040696960536299,0.274565682531088,0.8804347826086957
70,4.258761296675937,0.7005493475733617,0.060118052568746784,0.8401162790697675,27.389686726105925,0.7005493475733617,0.39086791028438717,0.81
71,5.1902907262279925,0.697046600835495,0.0756208247044624,0.7686170212765957,18.369311829511425,0.697046600835495,0.3408453118347882,0.7272727272727273
72,7.352831495486397,0.6935613678313175,0.121161790116899,0.7788461538461539,14.545822702005212,0.6935613678313175,0.24053716504563827,0.8
73,1.431529152175055,0.6900935609921609,0.032431668733717736,0.6447368421052632,3.9594083857300872,0.6900935609921609,0.1232113604603075,0.7601351351351351
74,2.0291164855852717,0.6866430931872001,0.09314907640662709,0.6540697674418605,13.765427945174283,0.6866430931872001,0.2263983604022373,0.7372448979591837
75,8.264487194903849,0.6832098777212641,0.09235991973134738,0.8027777777777778,21.11209796880371,0.6832098777212641,0.34548014986902675,0.8027777777777778
76,5.74303428576529,0.6797938283326578,0.1603314841167014,0.7619047619047619,13.322323072610567,0.6797938283326578,0.21976179267017182,0.8027777777777778
77,4.5189025848223245,0.6763948591909945,0.1378294609390445,0.7272727272727273,14.049783360575884,0.6763948591909945,0.21744035590818578,0.8401162790697675
78,3.732964693638431,0.6730128848950395,0.048431787820273235,0.8421052631578947,7.63544288933173,0.6730128848950395,0.1336469885071955,0.7272727272727273
79,5.900354123019562,0.6696478204705644,0.0826523279451018,0.7372448979591837,14.545822702005212,0.6696478204705644,0.2191072998874622,0.8
80,7.763247740833479,0.6662995813682115,0.11021469429424531,0.7372448979591837,4.894849941268506,0.6662995813682115,0.11833369982964068,0.6540697674418605
81,7.91446074305122,0.6629680834613705,0.12649011416788605,0.84375,9.491125162528572,0.6629680834613705,0.17048009063214437,0.8
82,3.162217866118958,0.6596532430440636,0.09830715308694706,0.7619047619047619,2.142918386840031,0.6596532430440636,0.08566549394349286,0.6805555555555556
83,3.0131442963984725,0.6563549768288433,0.08984576707978456,0.8,29.989181875140545,0.6563549768288433,0.39235988568567787,0.84375
84,5.173080447859248,0.653073201944699,0.08829460157263717,0.8027777777777778,8.030085238359137,0.653073201944699,0.2198974782762842,0.6956521739130435
85,8.728207518813198,0.6498078359349755,0.16602961395510718,0.7788461538461539,17.575756850467137,0.6498078359349755,0.27849798160702394,0.7372448979591837
86,3.262868179487478,0.6465587967553006,0.0735826007315193,0.7619047619047619,18.210346322143227,0.6465587967553006,0.25893934538903807,0.7372448979591837
87,3.6024702149239394,0.6433260027715241,0.09006175537309848,0.7211538461538461,12.412840319235752,0.6433260027715241,0.19198741328709112,0.7686170212765957
88,5.860730481299745,0.6401093727576664,0.046301873830951225,0.8810975609756098,8.042386820256013,0.6401093727576664,0.1552553671177183,0.7272727272727273
89,4.845812337981358,0.6369088258938781,0.025046727498789854,0.7619047619047619,10.350046106957691,0.6369088258938781,0.20150654021290487,0.7619047619047619
90,5.483925943261532,0.6337242817644086,0.12746129740195464,0.7686170212765957,13.061601320966638,0.6337242817644086,0.22036973908634783,0.8027777777777778
91,7.389475562230126,0.6305556603555866,0.15308235852699598,0.7272727272727273,12.279082372038172,0.6305556603555866,0.20593135061966225,0.7686170212765957
92,7.6174256061149785,0.6274028820538087,0.11877025953070264,0.8401162790697675,27.215368181698807,0.6274028820538087,0.35580201262835565,0.7372448979591837
93,1.057657250247362,0.6242658676435396,0.11051369009849556,0.6447368421052632,17.074837194764353,0.6242658676435396,0.21922482644002997,0.7372448979591837
94,7.234193219051276,0.6211445383053219,0.14150068744390534,0.8027777777777778,19.06025894242152,0.6211445383053219,0.29295137824284506,0.7372448979591837
95,4.518026829703858,0.6180388156137953,0.158222324899721,0.7272727272727273,15.494499194126957,0.6180388156137953,0.3238193545544782,0.7272727272727273
96,12.371542661014455,0.6149486215357263,0.3477166086908357,0.7788461538461539,13.14365409602694,0.6149486215357263,0.19049829832786522,0.8401162790697675
97,5.9341646238585035,0.6118738784280476,0.08063217092671358,0.8027777777777778,3.741089440534425,0.6118738784280476,0.09180437893783382,0.6859756097560976
98,1.426486764813396,0.6088145090359074,0.058336098619438316,0.7205882352941176,12.137307089988427,0.6088145090359074,0.2204690638502783,0.7686170212765957
99,4.837040314731481,0.6057704364907278,0.10119165641502435,0.7686170212765957,17.43398457403409,0.6057704364907278,0.2524103986262347,0.8401162790697675
100,5.337675575638731,0.6027415843082742,0.13425830010260015,0.7619047619047619,23.42993895468407,0.6027415843082742,0.33133700918442965,0.8
101,4.488751291936201,0.5997278763867329,0.14015664345309956,0.8,3.0653970102052153,0.5997278763867329,0.07991887972399268,0.8522727272727273
102,3.217049884623143,0.5967292370047992,0.0753026098788291,0.8,9.275374321591555,0.5967292370047992,0.174671173714281,0.8
103,1.3686649366083707,0.5937455908197752,0.03738009590451549,0.8035714285714286,13.316133847075118,0.5937455908197752,0.33447143755626285,0.7601351351351351
104,3.6155980152768197,0.5907768628656763,0.06251629283597589,0.7619047619047619,5.699202911493642,0.5907768628656763,0.15838452289458727,0.6540697674418605
105,2.823491555702894,0.5878229785513479,0.07063573979562013,0.7601351351351351,18.76214770718229,0.5878229785513479,0.375071751900363,0.8
106,1.8787248575429427,0.5848838636585911,0.013083233208856635,0.8035714285714286,17.240232047751725,0.5848838636585911,0.35467255766462163,0.6666666666666666
107,5.720045566086986,0.5819594443402982,0.13206334573179412,0.8401162790697675,26.89856729179969,0.5819594443402982,0.3241369012167022,0.7686170212765957
108,3.6904987501799225,0.5790496471185967,0.043323319681257,0.7619047619047619,15.060985766949308,0.5790496471185967,0.2859515263420709,0.7272727272727273
109,4.0511190932271814,0.5761543988830038,0.12860389444243114,0.7619047619047619,23.890903190673793,0.5761543988830038,0.2495575706050956,0.7788461538461539
110,1.703682933435355,0.5732736268885887,0.10365005563634345,0.7211538461538461,18.92675718631486,0.5732736268885887,0.26646870836684095,0.7788461538461539
111,7.763247740833479,0.5704072587541458,0.08013774778685988,0.7372448979591837,10.637579138734832,0.5704072587541458,0.21362488201428925,0.7211538461538461
112,2.842057573642647,0.567555222460375,0.08436328647534698,0.8522727272727273,8.518219381012836,0.567555222460375,0.1561024549452974,0.7272727272727273
113,3.9543921035339005,0.5647174463480732,0.06539178937079666,0.8027777777777778,19.518103210737063,0.5647174463480732,0.2936194024240541,0.7083333333333334
114,3.6728143515524145,0.5618938591163328,0.08297106781717264,0.7272727272727273,27.353782877704273,0.5618938591163328,0.3209547921332259,0.7372448979591837
115,6.292958522269461,0.5590843898207511,0.10301679659284135,0.7205882352941176,18.650541556694467,0.5590843898207511,0.19020326955157393,0.7686170212765957
116,5.90557707240442,0.5562889678716474,0.03846340071585697,0.6666666666666666,27.38579808011625,0.5562889678716474,0.30414454961464643,0.7372448979591837
117,5.027068506509576,0.5535075230322891,0.08038115247667128,0.7686170212765957,21.120847499592095,0.5535075230322891,0.22193516364154828,0.7686170212765957
118,2.754152515611362,0.5507399854171277,0.07400934830804738,0.8035714285714286,21.618304187782773,0.5507399854171277,0.22237661671738618,0.8027777777777778
119,5.316464111274301,0.547986285490042,0.08853840263735117,0.8810975609756098,11.574681752976064,0.547986285490042,0.21505230941377496,0.8401162790697675
120,5.136141836133238,0.5452463540625918,0.16526129453183397,0.7272727272727273,11.014570021537956,0.5452463540625918,0.18992787911141115,0.8401162790697675
121,6.9497578109381895,0.5425201222922789,0.08264728146583669,0.8027777777777778,26.646542185810425,0.5425201222922789,0.28855896466013714,0.7686170212765957
122,3.2101115638574793,0.5398075216808175,0.08063665664434974,0.8,19.890597575474224,0.5398075216808175,0.19042773236760113,0.8810975609756098
123,3.6806604825285842,0.5371084840724134,0.1164534333889814,0.7272727272727273,28.170301096295365,0.5371084840724134,0.2988157132741712,0.8027777777777778
124,7.389475562230126,0.5344229416520513,0.22661833547719162,0.7272727272727273,13.882501625380616,0.5344229416520513,0.24164525520298208,0.7686170212765957
125,3.1650171701226286,0.531750826943791,0.11161379676892591,0.8,18.037345961372594,0.531750826943791,0.2227725798945266,0.8027777777777778
126,6.621330350295726,0.5290920728090721,0.20892791071291772,0.6859756097560976,8.272358736570515,0.5290920728090721,0.16643539560091403,0.7619047619047619
127,6.672996535376375,0.5264466124450268,0.06800178859028456,0.7083333333333334,6.66263210101887,0.5264466124450268,0.1224724505024519,0.8
128,9.110550329715995,0.5238143793828016,0.14906165134817267,0.7083333333333334,18.92245426413965,0.5238143793828016,0.31169143503903873,0.6666666666666666
129,3.0491622103032845,0.5211953074858876,0.2639437810771361,0.7601351351351351,7.296986597477408,0.5211953074858876,0.17299859374344614,0.7601351351351351
130,7.389475562230126,0.5185893309484582,0.23308028515915838,0.7272727272727273,4.787817878628374,0.5185893309484582,0.11207682738984842,0.6859756097560976
131,0.727914173404205,0.5159963842937159,0.011013617810166612,0.765625,19.90501547725851,0.5159963842937159,0.18275924186655526,0.7686170212765957
132,6.361854870062042,0.5134164023722473,0.05970455659343673,0.7372448979591837,25.117205956770924,0.5134164023722473,0.21544259466928262,0.84375
133,4.518026829703858,0.510849320360386,0.20464841777289527,0.7272727272727273,18.099401994344404,0.510849320360386,0.1409211781526436,0.8027777777777778
134,4.392990666053039,0.5082950737585841,0.08936257916326884,0.7272727272727273,3.528811807984322,0.5082950737585841,0.08625268772388103,0.7601351351351351
135,3.585091227306707,0.5057535983897912,0.12288885723457303,0.7619047619047619,6.196715875432375,0.5057535983897912,0.13840955506588395,0.6859756097560976
136,7.402681469127569,0.5032248303978422,0.24578144027075735,0.6666666666666666,23.004613924676494,0.5032248303978422,0.346855424301795,0.7372448979591837
137,3.946952281085261,0.500708706245853,0.1477777248579372,0.6666666666666666,19.466387482872538,0.500708706245853,0.216926980942996,0.8027777777777778
138,5.5260990477540926,0.4982051627146237,0.20204494607439175,0.7372448979591837,20.75658460976499,0.4982051627146237,0.34633665789402657,0.8027777777777778
139,8.804701687820899,0.49571413690105054,0.11791996620550793,0.7788461538461539,5.426446449935787,0.49571413690105054,0.11089111566524336,0.7211538461538461
140,5.8911195830315854,0.4932355662165453,0.07333454206668583,0.8027777777777778,16.078984464558854,0.4932355662165453,0.30061199409993716,0.7619047619047619
141,3.258693324856442,0.4907693883854626,0.07067020489298839,0.7272727272727273,20.70812362797164,0.4907693883854626,0.2983323075323187,0.7686170212765957
142,5.313444086380688,0.4883155414435353,0.24072554270398722,0.6956521739130435,27.489021514499342,0.4883155414435353,0.23971101060341282,0.8027777777777778
143,4.572946503877996,0.4858739637363176,0.12455476063789256,0.8401162790697675,6.611402303899518,0.4858739637363176,0.1159060979162296,0.7619047619047619
144,7.199799708280255,0.483444593917636,0.21074260485092902,0.8,26.46226343393879,0.483444593917636,0.22822318011731357,0.7686170212765957
145,5.060001923282855,0.4810273709480478,0.09671956381930134,0.8027777777777778,27.215368181698807,0.4810273709480478,0.22869187123320892,0.7372448979591837
146,3.518165089124345,0.47862223409330756,0.09732707474078975,0.7619047619047619,12.319851032971012,0.47862223409330756,0.18736176621407336,0.7619047619047619
147,7.708720431092668,0.47622912292284103,0.3410046466369619,0.7619047619047619,29.7665716566063,0.47622912292284103,0.2965579804550467,0.7372448979591837
148,6.972681202552816,0.4738479773082268,0.12394693054113705,0.7083333333333334,20.065184706357467,0.4738479773082268,0.27627543137330673,0.84375
149,2.478591137612789,0.47147873742168567,0.15415354314204918,0.7601351351351351,9.996061654256902,0.47147873742168567,0.1917742318355675,0.7619047619047619
150,5.877646829943848,0.46912134373457726,0.11319076737087998,0.8027777777777778,11.764271343230305,0.46912134373457726,0.1708238653498055,0.7083333333333334
151,4.405338308222587,0.46677573701590436,0.0777844706200418,0.6666666666666666,15.395933913897021,0.46677573701590436,0.23412866120021014,0.8027777777777778
152,13.00889374426748,0.46444185833082485,0.22613524987522066,0.7788461538461539,23.44087304384855,0.46444185833082485,0.17643103667165905,0.7083333333333334
153,2.928303508714555,0.46211964903917074,0.053709504589512846,0.8035714285714286,21.631330849689608,0.46211964903917074,0.3681064996367352,0.7372448979591837
154,7.9480123191562075,0.4598090507939749,0.12698814932971544,0.8,15.824298118187096,0.4598090507939749,0.22530229603339216,0.7686170212765957
155,7.525276695032195,0.457510005540005,0.1516239586076288,0.7372448979591837,27.353782877704273,0.457510005540005,0.23097504876939381,0.7372448979591837
156,6.614216927187189,0.45522245551230495,0.30591683864954317,0.7211538461538461,27.63829455717376,0.45522245551230495,0.23851418464676058,0.81
157,5.451758167974295,0.4529463432347434,0.06883786262661294,0.8027777777777778,14.794199120114158,0.4529463432347434,0.25154773344570236,0.7686170212765957
158,7.746051669629016,0.4506816115185697,0.2540439482496996,0.7083333333333334,26.039711636139444,0.4506816115185697,0.4197615748101815,0.7686170212765957
159,3.296402867945015,0.4484282034609769,0.1522478637019659,0.7272727272727273,27.518834212980174,0.4484282034609769,0.24099655909884218,0.7372448979591837
160,7.277702210787467,0.446186062443672,0.13317385211515834,0.7372448979591837,29.989181875140545,0.446186062443672,0.3436554678818603,0.84375
161,7.7614306740373245,0.4439551321314536,0.24771776191470668,0.7619047619047619,16.149974950501782,0.4439551321314536,0.2620380402967995,0.8401162790697675
162,8.962311942428585,0.4417353564707963,0.05431909326464267,0.7788461538461539,5.33520303797979,0.4417353564707963,0.14959548511827617,0.7205882352941176
163,8.487846375746336,0.43952667968844233,0.058712689623845564,0.84375,22.780720132049574,0.43952667968844233,0.35145587869323197,0.7083333333333334
164,7.708720431092668,0.43732904629000013,0.2310028017105795,0.7619047619047619,15.331797767288023,0.43732904629000013,0.24716556337307374,0.8401162790697675
165,5.155583432314428,0.4351424010585501,0.053285917658445626,0.8401162790697675,7.503065452872048,0.4351424010585501,0.14122553438514063,0.6666666666666666
166,7.115546375330537,0.43296668905325736,0.15021764417592667,0.8027777777777778,16.734229366465133,0.43296668905325736,0.28932238972343055,0.6666666666666666
167,6.149158248524955,0.43080185560799106,0.14287968376818672,0.7601351351351351,12.454273659313328,0.43080185560799106,0.20489111352466274,0.7686170212765957
168,2.0762719709035533,0.4286478463299511,0.10003916535917722,0.7211538461538461,10.331157239524314,0.4286478463299511,0.17044514342552378,0.8
169,3.101555652465553,0.42650460709830135,0.09939799884666337,0.6859756097560976,2.912037929920335,0.42650460709830135,0.10886408655812203,0.6447368421052632
170,4.137005780851468,0.42437208406280985,0.1282428215278028,0.8,14.268637743009297,0.42437208406280985,0.27031632606719747,0.7272727272727273
171,5.07896709067643,0.4222502236424958,0.19774019277527322,0.7372448979591837,17.668854140319425,0.4222502236424958,0.20566083192575046,0.7083333333333334
172,6.87197340520816,0.42013897252428334,0.17602236614603894,0.7083333333333334,8.4301032573092,0.42013897252428334,0.16702899778794342,0.8035714285714286
173,14.064514385636862,0.4180382776616619,0.42270684791548124,0.7788461538461539,17.2992886084424,0.4180382776616619,0.2961770279336534,0.7619047619047619
174,4.515542716136887,0.4159480862733536,0.14853092985095176,0.7619047619047619,27.215368181698807,0.4159480862733536,0.1878991605778538,0.7372448979591837
175,3.826866168555689,0.41386834584198684,0.1829458311091508,0.6540697674418605,29.989181875140545,0.41386834584198684,0.3281940737791566,0.84375
176,8.219604923905383,0.4117990041127769,0.11900498002268575,0.7788461538461539,25.673366020631263,0.4117990041127769,0.24983508727873605,0.7788461538461539
177,7.002975858415771,0.40974000909221303,0.12298725799446648,0.7686170212765957,19.518103210737063,0.40974000909221303,0.2869252085062211,0.7083333333333334
178,8.364947086139537,0.40769130904675194,0.07628171552181233,0.8027777777777778,22.45472066053535,0.40769130904675194,0.3023583572462884,0.84375
179,8.030330358934563,0.40565285250151817,0.1523030298723598,0.7372448979591837,27.60027146996366,0.40565285250151817,0.2903562249246188,0.7788461538461539
180,8.198989825573044,0.4036245882390106,0.1761097263017777,0.7788461538461539,7.521502139288778,0.4036245882390106,0.22005799953169725,0.7211538461538461
181,7.708720431092668,0.4016064652978155,0.2812260743835415,0.7619047619047619,29.21823270326499,0.4016064652978155,0.24820743750514332,0.7372448979591837
182,0.5937471371367329,0.3995984329713264,0.1068654564990719,0.6447368421052632,27.353782877704273,0.3995984329713264,0.20121128086569137,0.7372448979591837
183,14.064514385636862,0.3976004408064698,0.48192591186497385,0.7788461538461539,5.490651955493976,0.3976004408064698,0.1452642950137593,0.6805555555555556
184,1.7677318486955529,0.39561243860243744,0.048447430672070045,0.8035714285714286,7.63291616620094,0.39561243860243744,0.13074720086095737,0.6956521739130435
185,8.907589499101986,0.3936343764094253,0.17813737527135232,0.7686170212765957,3.528811807984322,0.3936343764094253,0.0842931318927188,0.7601351351351351
186,8.099652263813251,0.39166620452737816,0.1490005255253109,0.7788461538461539,4.368007770823132,0.39166620452737816,0.15523605381322253,0.7211538461538461
187,10.112442948213682,0.3897078735047413,0.15956828756111902,0.84375,31.987882223733756,0.3897078735047413,0.4257750986906012,0.7372448979591837
188,11.693609163523007,0.3877593341372176,0.21336479640454126,0.81,2.1723646756635753,0.3877593341372176,0.10515530129769508,0.765625
189,3.323225775770517,0.3858205374665315,0.08327095450946906,0.7272727272727273,11.315559713974368,0.3858205374665315,0.16975183437015454,0.8035714285714286
190,7.514110073827876,0.38389143477919885,0.10802254541350716,0.7788461538461539,20.154729837025464,0.38389143477919885,0.3306739121115348,0.8027777777777778
191,4.683370151102976,0.3819719776053028,0.16032851693076275,0.7272727272727273,7.058444964132034,0.3819719776053028,0.13448084260602217,0.7619047619047619
192,10.229686107779303,0.3800621177172763,0.2464492643382423,0.7083333333333334,21.26319063849137,0.3800621177172763,0.27110078472351135,0.7372448979591837
193,11.878773401212474,0.37816180712868996,0.20314098659421723,0.7372448979591837,13.390906553395686,0.37816180712868996,0.15305277659085803,0.7083333333333334
194,6.708838493668471,0.37627099809304654,0.1427412514913589,0.7372448979591837,27.376915674442852,0.37627099809304654,0.21965564699539916,0.7083333333333334
195,9.484324196896,0.3743896431025813,0.2291794660672418,0.7372448979591837,21.26319063849137,0.3743896431025813,0.2603343758644004,0.7372448979591837
196,4.448962415449977,0.37251769488706843,0.04746528421104448,0.7619047619047619,11.712561576683708,0.37251769488706843,0.1848663339287174,0.7686170212765957
197,13.616173891371574,0.3706551064126331,0.17179829750804476,0.7788461538461539,22.012523861692088,0.3706551064126331,0.1870682871658885,0.7372448979591837
198,7.725753623825544,0.36880183088056995,0.1348635264668789,0.81,20.889656481177184,0.36880183088056995,0.2131097162675437,0.8027777777777778
199,3.547817561417986,0.3669578217261671,0.08265346665360682,0.6540697674418605,19.296503437959156,0.3669578217261671,0.2750718608240973,0.7619047619047619
200,4.683370151102976,0.36512303261753626,0.2006676480888378,0.7272727272727273,25.939286036755576,0.36512303261753626,0.4131739977723535,0.7372448979591837
201,6.292958522269461,0.3632974174544486,0.31912370990701416,0.7205882352941176,23.470970093065432,0.3632974174544486,0.16863847961848624,0.7272727272727273
202,7.746051669629016,0.3614809303671764,0.22006979051074946,0.7083333333333334,25.619510252761916,0.3614809303671764,0.2258183521098666,0.81
203,1.9462607234128129,0.3596735257153405,0.12136753716284511,0.7211538461538461,7.610182651989348,0.3596735257153405,0.1492055195437725,0.8
204,4.518026829703858,0.3578751580867638,0.2206441741105368,0.7272727272727273,20.804870532662473,0.3578751580867638,0.3051781565412394,0.7372448979591837
205,3.460480432271676,0.35608578229633,0.07743381891460886,0.8,17.55755215296761,0.35608578229633,0.15852921501447234,0.8027777777777778
206,7.108183558451002,0.3543053533848483,0.08410548150922965,0.8027777777777778,20.185358002700237,0.3543053533848483,0.26830297881483817,0.7788461538461539
207,7.746051669629016,0.35253382661792404,0.2244498719547592,0.7083333333333334,3.1611670481559715,0.35253382661792404,0.09810904948946939,0.907258064516129
208,5.95851576180719,0.3507711574848344,0.12716728537657715,0.7372448979591837,24.24358987659912,0.3507711574848344,0.3920465238503504,0.7686170212765957
209,7.054859749817366,0.34901730169741024,0.1323163593568311,0.7372448979591837,19.103760623472095,0.34901730169741024,0.20721780309956003,0.84375
210,3.656769717315715,0.3472722151889232,0.08733932502784532,0.7619047619047619,13.927383688826586,0.3472722151889232,0.19985255166367355,0.8
211,5.790501665427254,0.3455358541129786,0.11939567880251882,0.8027777777777778,9.090311582490267,0.3455358541129786,0.20681560449955122,0.7619047619047619
212,3.8526217642536404,0.3438081748424137,0.24211347125404772,0.6859756097560976,13.180493937362021,0.3438081748424137,0.15586024157340644,0.8
213,7.514110073827876,0.3420891339682016,0.13004969109506584,0.7788461538461539,28.487495846341766,0.3420891339682016,0.24482726330285923,0.7788461538461539
214,7.343600832063823,0.3403786882983606,0.06968512838200296,0.8401162790697675,18.099401994344404,0.3403786882983606,0.15475230860690728,0.8027777777777778
215,5.709226669758282,0.3386767948568688,0.1527294358362607,0.7686170212765957,28.099093300852854,0.3386767948568688,0.20674340138712002,0.7372448979591837
216,7.957093714915628,0.33698341088258443,0.14136226109920044,0.8027777777777778,9.967098609900626,0.33698341088258443,0.17113660645113798,0.7272727272727273
217,7.708720431092668,0.3352984938281715,0.20349814299819102,0.7619047619047619,13.441279981450537,0.3352984938281715,0.22672612025416097,0.6859756097560976
218,7.746051669629016,0.33362200135903064,0.18406277805712826,0.7083333333333334,27.215368181698807,0.33362200135903064,0.1612192437864643,0.7372448979591837
219,9.913234291376902,0.33195389135223546,0.17904688554789439,0.7083333333333334,17.061971219639332,0.33195389135223546,0.17957036188963646,0.7083333333333334
220,7.907729333066138,0.3302941218954743,0.19919223968178887,0.7372448979591837,21.811196642336867,0.3302941218954743,0.3281125609801984,0.7372448979591837
221,6.716275986283586,0.32864265128599696,0.19638235227295134,0.7372448979591837,21.45302938796344,0.32864265128599696,0.3661397749705933,0.8027777777777778
222,6.715264901977154,0.326999438029567,0.1407391458901341,0.7372448979591837,26.307671379038403,0.326999438029567,0.18666857658291422,0.7788461538461539
223,7.455184630025753,0.3253644408394192,0.1929672423923454,0.8027777777777778,19.296503437959156,0.3253644408394192,0.26878606128882415,0.7619047619047619
224,5.148813588300868,0.3237376186352221,0.08565963523705904,0.7686170212765957,14.664546390862986,0.3237376186352221,0.20206404501882416,0.7619047619047619
225,3.525920634320115,0.322118930542046,0.09143697686263089,0.6666666666666666,27.489021514499342,0.322118930542046,0.15101089278063248,0.8027777777777778
226,4.9887411125779995,0.32050833588933575,0.20625472174214116,0.8,27.63829455717376,0.32050833588933575,0.19835882011424738,0.81
227,8.710530249270262,0.31890579420988907,0.28616418267019844,0.7372448979591837,19.444555389404147,0.31890579420988907,0.2665284655261719,0.8027777777777778
228,4.8950425344693596,0.3173112652388396,0.08899142243116807,0.7686170212765957,18.061683998012935,0.3173112652388396,0.16760819415736375,0.8027777777777778
229,6.066212412147364,0.3157247089126454,0.18883303491340056,0.7272727272727273,23.333294079392722,0.3157247089126454,0.1518344659334885,0.7686170212765957
230,9.86433488026277,0.3141460853680822,0.31060495403901056,0.7083333333333334,24.085710520830027,0.3141460853680822,0.1768415243754554,0.7788461538461539
231,3.529772702027212,0.3125753549412418,0.08076577580963809,0.6666666666666666,26.728846138999486,0.3125753549412418,0.16853386350717878,0.7372448979591837
232,7.746051669629016,0.31101247816653554,0.1891391500577179,0.7083333333333334,27.215368181698807,0.31101247816653554,0.14902389041246442,0.7372448979591837
233,7.708720431092668,0.30945741577570285,0.3044929064596288,0.7619047619047619,8.278684769690162,0.30945741577570285,0.17419337471615284,0.8
234,7.746051669629016,0.3079101286968243,0.17015499525156996,0.7083333333333334,3.528811807984322,0.3079101286968243,0.08087564312721676,0.7601351351351351
235,3.919995319643739,0.3063705780533402,0.14674055963262586,0.7619047619047619,27.63829455717376,0.3063705780533402,0.1714455242698685,0.81
236,7.708720431092668,0.30483872516307353,0.3418066415389995,0.7619047619047619,19.171180907659377,0.30483872516307353,0.26447274041174496,0.6666666666666666
237,6.972681202552816,0.3033145315372582,0.21129793067647332,0.7083333333333334,18.429288887352534,0.3033145315372582,0.19573310254324353,0.7686170212765957
238,7.455184630025753,0.3017979588795719,0.15018106648958562,0.8027777777777778,23.27395419176018,0.3017979588795719,0.2871126775382598,0.8027777777777778
239,5.25570392546955,0.30028896908517405,0.08073469175152549,0.7686170212765957,24.28747678810415,0.30028896908517405,0.1303274051990619,0.7372448979591837
240,3.460480432271676,0.2987875242397482,0.11522401904673726,0.8,26.728846138999486,0.2987875242397482,0.15450594590855626,0.7372448979591837
241,7.455184630025753,0.29729358661854943,0.160030220221622,0.8027777777777778,19.612169401307494,0.29729358661854943,0.3431923804857644,0.7272727272727273
242,7.7614306740373245,0.29580711868545667,0.4328915346716502,0.7619047619047619,15.139753788673826,0.29580711868545667,0.1978006405296368,0.7272727272727273
243,9.640794915403394,0.2943280830920294,0.21326920911537806,0.7372448979591837,18.037345961372594,0.2943280830920294,0.18525229812513425,0.8027777777777778
244,2.7466109966777443,0.29285644267656924,0.14110447782582333,0.7601351351351351,18.01207646803866,0.29285644267656924,0.1722833513907549,0.8401162790697675
245,9.86433488026277,0.2913921604631864,0.19457742155479182,0.7083333333333334,18.86008483918592,0.2913921604631864,0.24580620845967704,0.6666666666666666
246,4.518026829703858,0.28993519966087045,0.16534793295259703,0.7272727272727273,19.58091874425519,0.28993519966087045,0.2386355277875222,0.6956521739130435
247,6.7776223158216435,0.2884855236625661,0.1859589129199449,0.7686170212765957,9.275374321591555,0.2884855236625661,0.17134031441914083,0.8
248,4.386924781598248,0.28704309604425327,0.14523918711249503,0.7272727272727273,30.028473532593992,0.28704309604425327,0.3066111990565617,0.84375
249,5.669738830198895,0.285607880564032,0.17040024328077244,0.7619047619047619,19.408697757790534,0.285607880564032,0.21002562771251418,0.7686170212765957
250,9.86433488026277,0.28417984116121187,0.3205222486292201,0.7083333333333334,14.289166046795142,0.28417984116121187,0.2242864849919889,0.8401162790697675
251,4.338064034113633,0.2827589419554058,0.2470025735358104,0.6666666666666666,27.215368181698807,0.2827589419554058,0.12789922579871166,0.7372448979591837
252,7.746051669629016,0.28134514724562876,0.2112919181934746,0.7083333333333334,4.663021077408592,0.28134514724562876,0.10605245534410176,0.6540697674418605
253,6.891667010318488,0.2799384215094006,0.13587586999095647,0.7372448979591837,29.989181875140545,0.2799384215094006,0.26494132484793337,0.84375
254,4.518026829703858,0.27853872940185365,0.13920062980380946,0.7272727272727273,33.69958768604313,0.27853872940185365,0.34039585809700135,0.81
255,5.669738830198895,0.27714603575484437,0.17069594412565486,0.7619047619047619,7.296986597477408,0.27714603575484437,0.16277249788382084,0.7601351351351351
256,7.746051669629016,0.2757603055760701,0.19022563501811632,0.7083333333333334,28.199696385200948,0.2757603055760701,0.3481791145463452,0.7788461538461539
257,4.046017287085995,0.2743815040481898,0.13781720602718198,0.7601351351351351,21.26319063849137,0.2743815040481898,0.2048865386085488,0.7372448979591837
258,3.6283052833948197,0.2730095965279488,0.16358335013205016,0.6666666666666666,21.26319063849137,0.2730095965279488,0.1960091511044367,0.7372448979591837
259,7.746051669629016,0.27164454854530906,0.1803494151853039,0.7083333333333334,23.491135967375815,0.27164454854530906,0.31445889483198003,0.7372448979591837
260,7.2592713702999685,0.2702863258025825,0.4306401035681092,0.6956521739130435,1.8901888470257031,0.2702863258025825,0.06804551327013901,0.6805555555555556
261,4.648209058161678,0.2689348941735696,0.2158100953245361,0.7372448979591837,18.595515919148838,0.2689348941735696,0.20735578764965934,0.7686170212765957
262,7.455184630025753,0.26759021970270175,0.1303441327464229,0.8027777777777778,16.078984464558854,0.26759021970270175,0.2652975981718993,0.7619047619047619
263,8.457381268080377,0.2662522686041882,0.16520120596304347,0.84375,19.58091874425519,0.2662522686041882,0.199862969588729,0.6956521739130435
264,9.047675176913373,0.2649210072611673,0.1854861172000254,0.8027777777777778,19.430485941932474,0.2649210072611673,0.20188620802590704,0.7372448979591837
265,1.7677318486955529,0.26359640222486147,0.07569276731319172,0.8035714285714286,5.8244476551142235,0.26359640222486147,0.17325305813458547,0.8035714285714286
266,7.455184630025753,0.26227842021373715,0.20380690584296945,0.8027777777777778,21.685801740901653,0.26227842021373715,0.13088741064935658,0.7686170212765957
267,8.198989825573044,0.2609670281126685,0.25470734828126423,0.7788461538461539,13.74191979185576,0.2609670281126685,0.18813765215762573,0.8
268,6.797080409903162,0.25966219297210513,0.19666795835748863,0.7686170212765957,7.746330092034622,0.25966219297210513,0.1430577561808164,0.7619047619047619
269,7.096510800026373,0.2583638820072446,0.11931011774143192,0.7372448979591837,25.963522347312193,0.2583638820072446,0.2503045978804476,0.81
270,4.505972042584063,0.2570720625972084,0.10981977934562374,0.6956521739130435,27.215368181698807,0.2570720625972084,0.11004315202430746,0.7372448979591837
271,6.698605455480717,0.25578670228422234,0.24662826439730745,0.8027777777777778,27.215368181698807,0.25578670228422234,0.12158045553143258,0.7372448979591837
272,6.64383140793416,0.25450776877280124,0.1418462698740993,0.7686170212765957,11.204503333757176,0.25450776877280124,0.18254081529709834,0.7272727272727273
273,7.455184630025753,0.2532352299289372,0.13259498061669964,0.8027777777777778,20.947403812525643,0.2532352299289372,0.27106629349867467,0.84375
274,6.727045100227917,0.2519690537792925,0.16571291669514887,0.7372448979591837,19.58091874425519,0.2519690537792925,0.19169359746820333,0.6956521739130435
275,7.746051669629016,0.2507092085103961,0.09767149951663927,0.7083333333333334,6.705368409068366,0.2507092085103961,0.13532003643540286,0.8
276,8.609062944294564,0.2494556624678441,0.1425535025676099,0.7788461538461539,21.796060921884536,0.2494556624678441,0.14932759723976793,0.7372448979591837
277,14.064514385636862,0.24820838415550486,0.5566678192306272,0.7788461538461539,6.309327624079869,0.24820838415550486,0.07497057932269158,0.6666666666666666
278,6.772772962626105,0.24696734223472733,0.2508695170611127,0.7372448979591837,27.215368181698807,0.24696734223472733,0.10250339799425572,0.7372448979591837
279,7.957093714915628,0.2457325055235537,0.20135399771040233,0.8027777777777778,19.798377590837216,0.2457325055235537,0.191905809593137,0.6666666666666666
280,6.125357973056787,0.24450384299593592,0.15380340618147295,0.8401162790697675,25.677460503337926,0.24450384299593592,0.25046550772052506,0.84375
281,8.952961969945953,0.24328132378095624,0.14638818381554214,0.7788461538461539,19.482266470632396,0.24328132378095624,0.22265682681430587,0.84375
282,12.5507629313952,0.24206491716205145,0.19603196680398313,0.7788461538461539,16.92176813083422,0.24206491716205145,0.14544785531116838,0.7686170212765957
283,7.904385492032592,0.2408545925762412,0.24818862287218554,0.8027777777777778,14.981423361158434,0.2408545925762412,0.26471587280579206,0.7083333333333334
284,4.504498039079546,0.23965031961336,0.112086777158889,0.7272727272727273,26.776946994949995,0.23965031961336,0.10460321170812638,0.8027777777777778
285,4.386924781598248,0.2384520680152932,0.10356452717593279,0.7272727272727273,7.9619734981024815,0.2384520680152932,0.14120076481569027,0.7272727272727273
286,0.5937471371367329,0.23725980767521673,0.13202202455467366,0.6447368421052632,9.996061654256902,0.23725980767521673,0.1800835625636057,0.7619047619047619
287,5.459625702763426,0.23607350863684065,0.06136822728156336,0.7083333333333334,21.26319063849137,0.23607350863684065,0.16580276982926942,0.7372448979591837
288,14.064514385636862,0.23489314109365644,0.634065326311549,0.7788461538461539,9.996061654256902,0.23489314109365644,0.17136019939174152,0.7619047619047619
289,7.174380057249522,0.23371867538818816,0.06766655205846384,0.7372448979591837,23.470970093065432,0.23371867538818816,0.1208312618648741,0.7272727272727273
290,7.54313295887914,0.23255008201124722,0.46146147990765074,0.7619047619047619,29.989181875140545,0.23255008201124722,0.23093450500625998,0.84375
291,5.93770159059232,0.231387331601191,0.12944062525186753,0.7372448979591837,27.215368181698807,0.231387331601191,0.09440644320524966,0.7372448979591837
292,7.708720431092668,0.23023039494318503,0.34030341944439785,0.7619047619047619,27.3365467078988,0.23023039494318503,0.12734899623068138,0.8027777777777778
293,7.455184630025753,0.2290792429684691,0.10151259578891007,0.8027777777777778,19.798377590837216,0.2290792429684691,0.173103865800714,0.6666666666666666
294,7.708720431092668,0.22793384675362674,0.2848407424525545,0.7619047619047619,15.059945855373705,0.22793384675362674,0.24188576551046617,0.8027777777777778
295,4.1423981926242766,0.22679417751985861,0.12908449045484688,0.7619047619047619,21.26319063849137,0.22679417751985861,0.15821107027869197,0.7372448979591837
296,5.837074847170766,0.22566020663225933,0.10740942577395247,0.7372448979591837,26.225081330603146,0.22566020663225933,0.18189203114577474,0.7788461538461539
297,7.182911500498941,0.22453190559909803,0.27542177878306273,0.7619047619047619,27.286888796942442,0.22453190559909803,0.15527556284976216,0.81
298,6.7776223158216435,0.22340924607110255,0.13188086717578126,0.7686170212765957,27.63829455717376,0.22340924607110255,0.1391057418544146,0.81
299,4.754611854073723,0.22229219984074702,0.07561452375381728,0.7272727272727273,26.525442389468143,0.22229219984074702,0.17948536908322132,0.8401162790697675
300,3.01499922028366,0.2211807388415433,0.10626381404859211,0.7601351351351351,24.20555464655894,0.2211807388415433,0.120872828484853,0.7272727272727273
301,3.006304309492365,0.22007483514733558,0.08174144185283361,0.7272727272727273,25.505356436105043,0.22007483514733558,0.21494673238184855,0.84375
302,7.404022946562485,0.2189744609715989,0.09997649009960609,0.8401162790697675,21.26319063849137,0.2189744609715989,0.15026660452255727,0.7372448979591837
303,5.749860320295097,0.2178795886667409,0.12247001157472912,0.7272727272727273,19.171180907659377,0.2178795886667409,0.18051262742952082,0.6666666666666666
304,5.330388422930732,0.2167901907234072,0.10336082724822349,0.7083333333333334,11.370126809788456,0.2167901907234072,0.4302628862675544,0.6447368421052632
305,7.746051669629016,0.21570623976979014,0.1580051656610249,0.7083333333333334,26.403182599275574,0.21570623976979014,0.1438748452219997,0.7372448979591837
306,4.38432174083848,0.21462770857094118,0.15765443374250743,0.7272727272727273,4.543400702124289,0.21462770857094118,0.1177623759672235,0.6859756097560976
307,7.746051669629016,0.21355457002808648,0.19994499206444985,0.7083333333333334,27.199852015869727,0.21355457002808648,0.11640272226568882,0.84375
308,1.9081302563197522,0.21248679717794605,0.09206313621278181,0.7211538461538461,13.860719774709201,0.21248679717794605,0.13712600854035037,0.7619047619047619
309,7.54313295887914,0.21142436319205632,0.25881222931023856,0.7619047619047619,26.516190250110846,0.21142436319205632,0.14192394117662,0.8027777777777778
310,3.6692186696085143,0.21036724137609603,0.06254041657047804,0.6956521739130435,27.215368181698807,0.21036724137609603,0.07881520642857447,0.7372448979591837
311,7.568197748836353,0.20931540516921554,0.14147391387991318,0.7083333333333334,27.355194341571902,0.20931540516921554,0.13662548872507066,0.7372448979591837
312,7.746051669629016,0.20826882814336947,0.2513246805126417,0.7083333333333334,3.528811807984322,0.20826882814336947,0.07904411980866949,0.7601351351351351
313,7.746051669629016,0.20722748400265262,0.22562308806129314,0.7083333333333334,26.646542185810425,0.20722748400265262,0.11487357078046671,0.7686170212765957
314,9.367597729622409,0.20619134658263935,0.2537478883321549,0.7372448979591837,15.48859283798412,0.20619134658263935,0.27745105444109325,0.7686170212765957
315,7.206101765582468,0.20516038984972615,0.13089161872333346,0.7686170212765957,17.2992886084424,0.20516038984972615,0.28526562668986444,0.7619047619047619
316,6.895916547575859,0.2041345879004775,0.16510161042650748,0.7686170212765957,19.47270860454016,0.2041345879004775,0.15357462018814835,0.7372448979591837
317,7.455184630025753,0.2031139149609751,0.1399001826320385,0.8027777777777778,19.314006113437912,0.2031139149609751,0.1946334527513693,0.7083333333333334
318,7.708720431092668,0.20209834538617025,0.24057493246077985,0.7619047619047619,29.989181875140545,0.20209834538617025,0.21760856851846214,0.84375
319,4.2794607036674615,0.2010878536592394,0.24014805594603744,0.6540697674418605,19.49295025643304,0.2010878536592394,0.16661851592202565,0.6666666666666666
320,7.746051669629016,0.2000824143909432,0.23864549763592147,0.7083333333333334,21.26319063849137,0.2000824143909432,0.1421936607379212,0.7372448979591837
321,7.708720431092668,0.19908200231898848,0.2736281848952347,0.7619047619047619,13.06766100835507,0.19908200231898848,0.32338473156651976,0.6540697674418605
322,7.458606201401157,0.19808659230739353,0.18765904639730532,0.6666666666666666,27.63829455717376,0.19808659230739353,0.1331522294264548,0.81
323,8.198989825573044,0.19709615934585656,0.1416262684552907,0.7788461538461539,31.541764868636303,0.19709615934585656,0.20450888921305901,0.7788461538461539
324,7.746051669629016,0.19611067854912728,0.18767528592589167,0.7083333333333334,10.253022996702832,0.19611067854912728,0.1694818833188644,0.6666666666666666
325,6.162100687034858,0.19513012515638165,0.1229146844707395,0.8810975609756098,3.6127036995769854,0.19513012515638165,0.08921949211208419,0.7211538461538461
326,2.9254092245350387,0.19415447453059972,0.17247375061782041,0.7619047619047619,10.999699591466069,0.19415447453059972,0.17379737018976008,0.8
327,6.805658110879142,0.19318370215794672,0.4114744342219312,0.6859756097560976,27.3365467078988,0.19318370215794672,0.11005951140502561,0.8027777777777778
328,1.9798984593729614,0.192217783647157,0.10057142348373514,0.7601351351351351,20.02087891928198,0.192217783647157,0.31438057241850303,0.7083333333333334
329,4.202156074140143,0.1912566947289212,0.07422813126481552,0.7272727272727273,3.6737793253209343,0.1912566947289212,0.08405746320453462,0.6859756097560976
330,10.094848676139053,0.1903004112552766,0.1974155441404207,0.7788461538461539,25.326896250945246,0.1903004112552766,0.24654324381868273,0.7788461538461539
331,7.746051669629016,0.18934890919900021,0.1751475908921505,0.7083333333333334,21.824433996376854,0.18934890919900021,0.2603507998194278,0.81
332,7.849304857353123,0.18840216465300522,0.17504678369430224,0.8027777777777778,27.215368181698807,0.18840216465300522,0.06772114055179777,0.7372448979591837
333,3.0481622238636032,0.18746015382974018,0.08557645013289149,0.6666666666666666,12.50732260235385,0.18746015382974018,0.16537445932538558,0.6666666666666666
334,7.455184630025753,0.1865228530605915,0.13876007463547105,0.8027777777777778,27.215368181698807,0.1865228530605915,0.06372885644008629,0.7372448979591837
335,11.693609163523007,0.18559023879528855,0.1492728424141015,0.81,25.619510252761916,0.18559023879528855,0.19037510329647098,0.81
336,7.568197748836353,0.1846622876013121,0.12825004765857956,0.7083333333333334,27.355194341571902,0.1846622876013121,0.1278627967375695,0.7372448979591837
337,7.199799708280255,0.18373897616330553,0.1765602765276345,0.8,7.176273269950082,0.18373897616330553,0.14096955126483846,0.6859756097560976
338,8.198989825573044,0.182820281282489,0.17596670162111744,0.7788461538461539,27.215368181698807,0.182820281282489,0.06131240103890192,0.7372448979591837
339,5.2213974237050556,0.18190617987607657,0.2327167475933079,0.6956521739130435,27.215368181698807,0.18190617987607657,0.05759052289812949,0.7372448979591837
340,7.455184630025753,0.18099664897669618,0.10866243683817507,0.8027777777777778,27.144784778065418,0.18099664897669618,0.1523876250824172,0.84375
341,7.708720431092668,0.1800916657318127,0.19533186333518332,0.7619047619047619,22.65287832095803,0.1800916657318127,0.3551064617488944,0.7372448979591837
342,7.460541899937581,0.17919120740315364,0.2259522274579834,0.7272727272727273,18.86008483918592,0.17919120740315364,0.14342516493519364,0.6666666666666666
343,8.962311942428585,0.17829525136613786,0.12988576103944263,0.7788461538461539,34.18146576657572,0.17829525136613786,0.33236872152017227,0.7788461538461539
344,7.455184630025753,0.17740377510930716,0.11205935808173878,0.8027777777777778,15.233332914046121,0.17740377510930716,0.29464130857087056,0.8888888888888888
345,6.499599508422116,0.17651675623376062,0.1226522417878328,0.7686170212765957,27.215368181698807,0.17651675623376062,0.07620648867922634,0.7372448979591837
346,7.455184630025753,0.1756341724525918,0.12892505591040693,0.8027777777777778,22.047522738742387,0.1756341724525918,0.22286923746774004,0.7686170212765957
347,3.460480432271676,0.17475600159032884,0.13206111791243377,0.8,29.989181875140545,0.17475600159032884,0.18181005439451184,0.84375
348,5.93770159059232,0.17388222158237718,0.10217329280473275,0.7372448979591837,27.63829455717376,0.17388222158237718,0.11204601425821199,0.81
349,5.548219356476265,0.1730128104744653,0.0881981288788295,0.7083333333333334,26.89856729179969,0.1730128104744653,0.11096951033261598,0.7686170212765957
350,5.590832812251679,0.17214774642209296,0.12664756745876257,0.8027777777777778,3.5326726446515964,0.17214774642209296,0.15219800599455988,0.6805555555555556
351,5.157418841398773,0.1712870076899825,0.11493162838076237,0.8027777777777778,21.26319063849137,0.1712870076899825,0.11830028966260764,0.7372448979591837
352,4.9887411125779995,0.17043057265153258,0.14965720547270317,0.8,27.215368181698807,0.17043057265153258,0.0689177496453887,0.7372448979591837
353,7.746051669629016,0.16957841978827493,0.19693005361452717,0.7083333333333334,16.543494160932887,0.16957841978827493,0.28439946251012976,0.8027777777777778
354,4.1638025410791615,0.16873052768933355,0.1793831053544183,0.7211538461538461,27.215368181698807,0.16873052768933355,0.07993815567483964,0.7372448979591837
355,7.455184630025753,0.1678868750508869,0.0856363113774193,0.8027777777777778,9.996061654256902,0.1678868750508869,0.12863989974538598,0.7619047619047619
356,7.455184630025753,0.16704744067563246,0.09021749884754006,0.8027777777777778,6.913537162474675,0.16704744067563246,0.11922106486744326,0.7601351351351351
357,3.4592758371360373,0.1662122034722543,0.18499811751861278,0.6859756097560976,21.26319063849137,0.1662122034722543,0.10798652307404506,0.7372448979591837
358,7.746051669629016,0.16538114245489302,0.25074675766390486,0.7083333333333334,21.26319063849137,0.16538114245489302,0.10270911729926795,0.7372448979591837
359,7.708720431092668,0.16455423674261854,0.18946255830584233,0.7619047619047619,27.140464369904386,0.16455423674261854,0.09791803069546338,0.7372448979591837
360,7.455184630025753,0.16373146555890544,0.11882026072192269,0.8027777777777778,21.26319063849137,0.16373146555890544,0.09768013252438505,0.7372448979591837
361,7.455184630025753,0.16291280823111093,0.08018180760623846,0.8027777777777778,21.26319063849137,0.16291280823111093,0.09288961865923899,0.7372448979591837
362,7.746051669629016,0.16209824418995536,0.22218241685434892,0.7083333333333334,21.26319063849137,0.16209824418995536,0.08832760968796138,0.7372448979591837
363,3.8427473439634,0.16128775296900558,0.07403530815649009,0.6956521739130435,19.00827409029102,0.16128775296900558,0.08184759282113208,0.6956521739130435
364,3.1928253218412923,0.16048131420416054,0.1434974899716635,0.8421052631578947,27.63829455717376,0.16048131420416054,0.10701970615828453,0.81
365,7.7614306740373245,0.15967890763313974,0.1774013505581465,0.7619047619047619,29.989181875140545,0.15967890763313974,0.18758124605006943,0.84375
366,8.198989825573044,0.15888051309497406,0.1826733035239165,0.7788461538461539,27.215368181698807,0.15888051309497406,0.07134821389026413,0.7372448979591837
367,9.158074142429788,0.1580861105294992,0.3219562812592461,0.7083333333333334,21.95084215870271,0.1580861105294992,0.20959297674097044,0.7686170212765957
368,7.746051669629016,0.1572956799768517,0.23319125467009946,0.7083333333333334,21.26319063849137,0.1572956799768517,0.08046119875087325,0.7372448979591837
369,4.202156074140143,0.15650920157696743,0.10546857072814904,0.7272727272727273,19.482266470632396,0.15650920157696743,0.21076413191358792,0.84375
370,7.746051669629016,0.1557266555690826,0.2496040683492755,0.7083333333333334,27.215368181698807,0.1557266555690826,0.061705248623941444,0.7372448979591837
371,7.389475562230126,0.1549480222912372,0.2244868456553919,0.7272727272727273,8.716585516148687,0.1549480222912372,0.1510380414961589,0.7272727272727273
372,7.525276695032195,0.15417328217978102,0.15033105394846108,0.7372448979591837,27.489021514499342,0.15417328217978102,0.07793075158985185,0.8027777777777778
373,7.28533459960812,0.1534024157688821,0.05639154627523596,0.7686170212765957,27.215368181698807,0.1534024157688821,0.08111638135219389,0.7372448979591837
374,4.1638025410791615,0.1526354036900377,0.10776012976789398,0.7211538461538461,10.29755100474857,0.1526354036900377,0.12616624631993,0.7272727272727273
375,2.9269991577758745,0.1518722266715875,0.0854538140714565,0.7211538461538461,27.63829455717376,0.1518722266715875,0.11218916347857806,0.81
376,7.706612507307522,0.15111286553822956,0.03594310279627546,0.8027777777777778,27.63829455717376,0.15111286553822956,0.10389686771119873,0.81
377,7.746051669629016,0.15035730121053842,0.19661329002352335,0.7083333333333334,28.58405934742015,0.15035730121053842,0.28368210791523824,0.7788461538461539
378,7.206101765582468,0.14960551470448571,0.08097174109647191,0.7686170212765957,21.216084325582504,0.14960551470448571,0.24572989057558706,0.8027777777777778
379,7.455184630025753,0.14885748713096328,0.021347128186416056,0.8027777777777778,27.215368181698807,0.14885748713096328,0.05931608081276044,0.7372448979591837
380,4.1638025410791615,0.14811319969530845,0.12702910220721525,0.7211538461538461,19.58091874425519,0.14811319969530845,0.08145126008767598,0.6956521739130435
381,7.746051669629016,0.1473726336968319,0.20137533074464556,0.7083333333333334,6.126230403275066,0.1473726336968319,0.14896801576534302,0.7211538461538461
382,7.708720431092668,0.14663577052834775,0.2980812402405388,0.7619047619047619,3.5326726446515964,0.14663577052834775,0.12278758819716529,0.6805555555555556
383,7.568197748836353,0.14590259167570602,0.12885052675350284,0.7083333333333334,21.26319063849137,0.14590259167570602,0.07121242987562293,0.7372448979591837
384,7.441386648259221,0.1451730787173275,0.27875684427416664,0.7619047619047619,4.894849941268506,0.1451730787173275,0.1061483120958445,0.6540697674418605
385,5.749860320295097,0.14444721332374086,0.1674231581144301,0.7272727272727273,26.332370026054292,0.14444721332374086,0.2325513465175007,0.7788461538461539
386,9.913234291376902,0.14372497725712216,0.13970320644188403,0.7083333333333334,9.996061654256902,0.14372497725712216,0.16148731228343266,0.7619047619047619
387,8.198989825573044,0.14300635237083656,0.1590586430849577,0.7788461538461539,23.438860862313437,0.14300635237083656,0.29658095929544304,0.7686170212765957
388,7.814249786809399,0.14229132060898236,0.1533053672591744,0.7788461538461539,15.530329100735745,0.14229132060898236,0.1610892793364951,0.7272727272727273
389,7.746051669629016,0.14157986400593744,0.15649836671300085,0.7083333333333334,26.213448106234015,0.14157986400593744,0.11726898615285235,0.7788461538461539
390,7.174380057249522,0.14087196468590776,0.045262388243027675,0.7372448979591837,27.63829455717376,0.14087196468590776,0.09411395673839433,0.81
391,7.458606201401157,0.14016760486247823,0.198023032051515,0.6666666666666666,4.546021523585126,0.14016760486247823,0.11348102258003456,0.7211538461538461
392,3.8427473439634,0.13946676683816583,0.03287725765268801,0.6956521739130435,26.728846138999486,0.13946676683816583,0.08855857479428512,0.7372448979591837
393,5.93770159059232,0.138769433003975,0.0933771283664666,0.7372448979591837,21.26319063849137,0.138769433003975,0.07640539539401454,0.7372448979591837
394,4.505972042584063,0.13807558583895513,0.06927826693038464,0.6956521739130435,30.42823716368173,0.13807558583895513,0.19095550966575509,0.81
395,8.609062944294564,0.13738520790976036,0.14731045491292669,0.7788461538461539,26.255127820441384,0.13738520790976036,0.08697067637396798,0.7372448979591837
396,7.746051669629016,0.13669828187021155,0.17220210936656488,0.7083333333333334,27.140464369904386,0.13669828187021155,0.07653173034052856,0.7372448979591837
397,7.746051669629016,0.13601479046086049,0.1790512377462887,0.7083333333333334,27.63829455717376,0.13601479046086049,0.09458861003794551,0.81
398,4.2630540899501375,0.1353347165085562,0.1991940659827831,0.7272727272727273,17.99761755928914,0.1353347165085562,0.10997612531155317,0.7619047619047619
399,4.754611854073723,0.1346580429260134,0.18870435640550748,0.7272727272727273,20.436832947970984,0.1346580429260134,0.17682290179874785,0.8027777777777778
400,10.748629135511036,0.13398475271138335,0.11493213741855529,0.7372448979591837,25.428237585781485,0.13398475271138335,0.13488757072835306,0.8027777777777778
401,3.880816590388727,0.13331482894782642,0.21871414245173412,0.6956521739130435,21.26319063849137,0.13331482894782642,0.06900911470985165,0.7372448979591837
402,7.3692897028561095,0.13264825480308728,0.10947146003084533,0.7083333333333334,25.238831411837886,0.13264825480308728,0.4070810606874508,0.7372448979591837
403,7.199799708280255,0.13198501352907185,0.212631208783981,0.8,27.144784778065418,0.13198501352907185,0.11005331943966186,0.84375
404,7.708720431092668,0.1313250884614265,0.21814327405039288,0.7619047619047619,7.179087078043392,0.1313250884614265,0.08617659694061856,0.7619047619047619
405,7.455184630025753,0.13066846301911936,0.04410108756195861,0.8027777777777778,27.63829455717376,0.13066846301911936,0.08301081415221602,0.81
406,7.3692897028561095,0.13001512070402377,0.10032235986135137,0.7083333333333334,21.26319063849137,0.13001512070402377,0.06533462017001572,0.7372448979591837
407,7.746051669629016,0.12936504510050365,0.2085748711019576,0.7083333333333334,18.52447346084215,0.12936504510050365,0.17362252400139763,0.7686170212765957
408,7.455184630025753,0.12871821987500112,0.07519243291174334,0.8027777777777778,23.859647572052705,0.12871821987500112,0.1425392433513276,0.7619047619047619
409,8.710530249270262,0.12807462877562611,0.2309564265151387,0.7372448979591837,21.38957253388383,0.12807462877562611,0.34315720039849307,0.7619047619047619
410,9.960337948602335,0.12743425563174798,0.20068609098332077,0.7788461538461539,12.319851032971012,0.12743425563174798,0.14216965939579024,0.7619047619047619
411,7.460541899937581,0.12679708435358925,0.19453630178157838,0.7272727272727273,26.312687140172606,0.12679708435358925,0.1553644382614212,0.7788461538461539
412,1.576455595889296,0.1261630989318213,0.14526005333411798,0.6859756097560976,27.601752390878637,0.1261630989318213,0.28940153161217025,0.81
413,7.455184630025753,0.1255322834371622,0.09038475155208109,0.8027777777777778,29.989181875140545,0.1255322834371622,0.1368016272636065,0.84375
414,7.455184630025753,0.12490462201997637,0.10425087890428675,0.8027777777777778,27.304785979720705,0.12490462201997637,0.18328020604982584,0.81
415,4.683370151102976,0.1242800989098765,0.26427351134060556,0.7272727272727273,27.144784778065418,0.1242800989098765,0.10192207977541794,0.84375
416,7.383131109929516,0.12365869841532712,0.08324550582933817,0.8027777777777778,27.63829455717376,0.12365869841532712,0.07808360895654462,0.81
417,3.621705743737477,0.12304040492325048,0.23781587926581957,0.6540697674418605,27.63829455717376,0.12304040492325048,0.0713402061974919,0.81
418,7.455184630025753,0.12242520289863423,0.06555883813272227,0.8027777777777778,19.397353780369528,0.12242520289863423,0.12283147796432371,0.8027777777777778
419,7.708720431092668,0.12181307688414106,0.24745784294372902,0.7619047619047619,27.215368181698807,0.12181307688414106,0.06273461534378529,0.7372448979591837
420,7.725753623825544,0.12120401149972035,0.17547993626621297,0.81,21.38957253388383,0.12120401149972035,0.333065259734174,0.7619047619047619
421,7.746051669629016,0.12059799144222175,0.24292998821789946,0.7083333333333334,21.26319063849137,0.12059799144222175,0.06187576630796365,0.7372448979591837
422,5.428060407717148,0.11999500148501063,0.16462897011304295,0.7686170212765957,7.503065452872048,0.11999500148501063,0.14744032769762755,0.6666666666666666
423,7.54313295887914,0.11939502647758558,0.24326875679554116,0.7619047619047619,17.99761755928914,0.11939502647758558,0.09523433912345713,0.7619047619047619
424,7.708720431092668,0.11879805134519765,0.22188633944002145,0.7619047619047619,27.215368181698807,0.11879805134519765,0.05785671217402403,0.7372448979591837
425,7.455184630025753,0.11820406108847166,0.07872368848920348,0.8027777777777778,21.26319063849137,0.11820406108847166,0.05608921219145657,0.7372448979591837
426,7.455184630025753,0.1176130407830293,0.07262606878252566,0.8027777777777778,29.989181875140545,0.1176130407830293,0.12275207792774905,0.84375
427,7.708720431092668,0.11702497557911415,0.2745563946140842,0.7619047619047619,21.26319063849137,0.11702497557911415,0.05316379954193029,0.7372448979591837
428,8.884815527728938,0.11643985070121858,0.17836463888466292,0.81,27.63829455717376,0.11643985070121858,0.06637487215661432,0.81
429,7.708720431092668,0.11585765144771248,0.27630946147115587,0.7619047619047619,19.779702056096898,0.11585765144771248,0.07077994928324256,0.6666666666666666
430,7.708720431092668,0.11527836319047392,0.24952651954828972,0.7619047619047619,27.63829455717376,0.11527836319047392,0.060724682121580456,0.81
431,7.708720431092668,0.11470197137452155,0.24816478100392564,0.7619047619047619,27.215368181698807,0.11470197137452155,0.1400714893805378,0.7372448979591837
432,6.64383140793416,0.11412846151764894,0.0791090140331182,0.7686170212765957,21.26319063849137,0.11412846151764894,0.048175300366673536,0.7372448979591837
433,8.198989825573044,0.1135578192100607,0.14905888668504425,0.7788461538461539,27.94238091614271,0.1135578192100607,0.2468216304083522,0.81
434,7.708720431092668,0.11299003011401039,0.23890623073949366,0.7619047619047619,10.29755100474857,0.11299003011401039,0.10887209815894938,0.7272727272727273
435,7.907729333066138,0.11242507996344034,0.19330340841214363,0.7372448979591837,27.144784778065418,0.11242507996344034,0.08033220618528435,0.84375
436,14.064514385636862,0.11186295456362313,0.6753074192560907,0.7788461538461539,30.355865047769363,0.11186295456362313,0.1570064348325942,0.84375
437,7.455184630025753,0.11130363979080501,0.07431727954762903,0.8027777777777778,20.003795811636238,0.11130363979080501,0.18581635074726846,0.8027777777777778
438,6.805625699562002,0.11074712159185099,0.0776875089747013,0.8027777777777778,28.65787019280285,0.11074712159185099,0.18328154142805683,0.7372448979591837
439,7.746051669629016,0.11019338598389174,0.2313443261918097,0.7083333333333334,27.63829455717376,0.11019338598389174,0.05444824426334801,0.81
440,3.080986158736741,0.10964241905397228,0.1296121772156889,0.7272727272727273,27.63829455717376,0.10964241905397228,0.09578342330982083,0.81
441,7.708720431092668,0.10909420695870241,0.2776606985008293,0.7619047619047619,26.231949772261924,0.10909420695870241,0.09559067961761156,0.81
442,5.900354123019562,0.1085487359239089,0.09909732176028051,0.7372448979591837,25.428237585781485,0.1085487359239089,0.1030623620901307,0.8027777777777778
443,7.458606201401157,0.10800599224428936,0.19500051972607246,0.6666666666666666,27.215368181698807,0.10800599224428936,0.06180650265117541,0.7372448979591837
444,7.7614306740373245,0.10746596228306791,0.20388052087425898,0.7619047619047619,27.215368181698807,0.10746596228306791,0.056824197515632245,0.7372448979591837
445,7.746051669629016,0.10692863247165257,0.25669555856853626,0.7083333333333334,27.323970179223437,0.10692863247165257,0.13132846971447268,0.8027777777777778
446,8.198989825573044,0.1063939893092943,0.1461917617264729,0.7788461538461539,3.528811807984322,0.1063939893092943,0.07593067356393376,0.7601351351351351
447,6.411027770720398,0.10586201936274783,0.09819903754947863,0.8027777777777778,20.788483493539616,0.10586201936274783,0.31230628220774787,0.7372448979591837
448,8.198989825573044,0.10533270926593409,0.13729321655758472,0.7788461538461539,27.63829455717376,0.10533270926593409,0.05295248944612469,0.81
449,7.455184630025753,0.10480604571960442,0.08220011818818186,0.8027777777777778,7.176273269950082,0.10480604571960442,0.08501572183074887,0.6859756097560976
450,8.334543034164593,0.1042820154910064,0.11789109939803681,0.7788461538461539,23.15640980440642,0.1042820154910064,0.27379154233947073,0.7372448979591837
451,7.746051669629016,0.10376060541355137,0.24937619219349436,0.7083333333333334,18.757525372939885,0.10376060541355137,0.07460035114775934,0.7272727272727273
452,7.535537061750681,0.1032418023864836,0.30923430615604486,0.7619047619047619,27.215368181698807,0.1032418023864836,0.05073425974040061,0.7372448979591837
453,4.788851783567563,0.10272559337455119,0.1201946801655964,0.8421052631578947,26.705312111343524,0.10272559337455119,0.15041752223910126,0.84375
454,8.565940857676857,0.10221196540767843,0.12377491486328362,0.81,17.52708848155667,0.10221196540767843,0.12321647575325179,0.625
455,6.445119821811969,0.10170090558064004,0.17154399640502999,0.7619047619047619,27.63829455717376,0.10170090558064004,0.04976793822321942,0.81
456,8.198989825573044,0.10119240105273684,0.15050145289016031,0.7788461538461539,21.26319063849137,0.10119240105273684,0.0475422744620585,0.7372448979591837
457,7.525276695032195,0.10068643904747315,0.18109336047403346,0.7372448979591837,27.63829455717376,0.10068643904747315,0.04548509269764124,0.81
458,2.673419401567892,0.10018300685223579,0.32682816357041355,0.6125,18.178379017887007,0.10018300685223579,0.09233195003761877,0.7272727272727273
459,7.514110073827876,0.0996820918179746,0.16399584233927364,0.7788461538461539,27.215368181698807,0.0996820918179746,0.05241857587515234,0.7372448979591837
460,6.342610687735251,0.09918368135888474,0.17357566163751845,0.7372448979591837,27.304785979720705,0.09918368135888474,0.15742822045404412,0.81
461,10.399335568760112,0.09868776295209031,0.1533584089750065,0.7372448979591837,27.215368181698807,0.09868776295209031,0.048059618510444636,0.7372448979591837
462,7.163061914081306,0.09819432413732986,0.2129522820058905,0.7619047619047619,23.736775199411017,0.09819432413732986,0.11661839291684277,0.8027777777777778
463,8.665292331948866,0.09770335251664321,0.10022190466135172,0.84375,26.871313987753645,0.09770335251664321,0.04532527273862382,0.7372448979591837
464,4.674806567131171,0.09721483575406,0.24904097883500692,0.7272727272727273,9.627424221282253,0.09721483575406,0.09859285516596868,0.8
465,5.669738830198895,0.09672876157528969,0.20350050910671663,0.7619047619047619,28.58405934742015,0.09672876157528969,0.22201194568667262,0.7788461538461539
466,7.708720431092668,0.09624511776741324,0.2216476201618,0.7619047619047619,21.26319063849137,0.09624511776741324,0.042807529526045496,0.7372448979591837
467,7.455184630025753,0.09576389217857617,0.1216063944223803,0.8027777777777778,31.541764868636303,0.09576389217857617,0.18080756789559477,0.7788461538461539
468,8.385995298945584,0.09528507271768329,0.1445069546302875,0.7083333333333334,20.262166878541645,0.09528507271768329,0.02384791322675957,0.7372448979591837
469,5.688617022614709,0.09480864735409487,0.17329953150701097,0.7372448979591837,27.601752390878637,0.09480864735409487,0.2814596731656963,0.81
470,9.367597729622409,0.0943346041173244,0.3691275483488787,0.7372448979591837,28.349087166506163,0.0943346041173244,0.09940886298273154,0.84375
471,7.746051669629016,0.09386293109673778,0.29315031440492695,0.7083333333333334,21.26319063849137,0.09386293109673778,0.039770075260602424,0.7372448979591837
472,2.8933313868695008,0.09339361644125409,0.20701417327185795,0.6666666666666666,19.97526533150683,0.09339361644125409,0.17964707379266417,0.7686170212765957
473,9.86433488026277,0.09292664835904782,0.45201464179353773,0.7083333333333334,26.801602341984587,0.09292664835904782,0.08799126566379926,0.81
474,8.198989825573044,0.09246201511725258,0.15964736347377576,0.7788461538461539,13.924634979410893,0.09246201511725258,0.2162349880256953,0.8027777777777778
475,7.746051669629016,0.09199970504166631,0.2964545390627266,0.7083333333333334,21.26319063849137,0.09199970504166631,0.03761800442554586,0.7372448979591837
476,4.518026829703858,0.09153970651645797,0.26303122919152006,0.7272727272727273,27.63829455717376,0.09153970651645797,0.060738631671510994,0.81
477,7.455184630025753,0.09108200798387568,0.040143366124424616,0.8027777777777778,25.677460503337926,0.09108200798387568,0.23952034349350018,0.84375
478,7.455184630025753,0.0906265979439563,0.05170456373192941,0.8027777777777778,21.26319063849137,0.0906265979439563,0.03561176700138432,0.7372448979591837
479,7.436554118561369,0.09017346495423652,0.042843945086028644,0.8027777777777778,27.215368181698807,0.09017346495423652,0.047620899125180895,0.7372448979591837
480,6.8863667853859845,0.08972259762946533,0.11134446320011214,0.8027777777777778,27.63829455717376,0.08972259762946533,0.055665938061910065,0.81
481,14.064514385636862,0.089273984641318,0.7138128056466572,0.7788461538461539,27.215368181698807,0.089273984641318,0.04600682193952673,0.7372448979591837
482,7.708720431092668,0.0888276147181114,0.26439342357886325,0.7619047619047619,27.215368181698807,0.0888276147181114,0.04195452236431311,0.7372448979591837
483,7.455184630025753,0.08838347664452084,0.09561901074973839,0.8027777777777778,4.009762397804783,0.08838347664452084,0.09462061806698721,0.6540697674418605
484,7.746051669629016,0.08794155926129824,0.3752160228376023,0.7083333333333334,29.989181875140545,0.08794155926129824,0.09631829933066959,0.84375
485,5.749860320295097,0.08750185146499175,0.08537304424931035,0.7272727272727273,19.49295025643304,0.08750185146499175,0.0593067551969058,0.6666666666666666
486,7.708720431092668,0.08706434220766679,0.24449719000710268,0.7619047619047619,4.933111841908177,0.08706434220766679,0.05191520099285303,0.6859756097560976
487,7.708720431092668,0.08662902049662846,0.22659057979251823,0.7619047619047619,23.065070616065718,0.08662902049662846,0.252126387986791,0.7372448979591837
488,7.746051669629016,0.08619587539414532,0.3621944315676306,0.7083333333333334,18.463842697209163,0.08619587539414532,0.17778752000929665,0.7686170212765957
489,6.194831049814719,0.08576489601717459,0.19728112608537599,0.8027777777777778,21.664274242971885,0.08576489601717459,0.2801484428556247,0.84375
490,7.455184630025753,0.08533607153708872,0.029198249478564104,0.8027777777777778,27.63829455717376,0.08533607153708872,0.05546427296698723,0.81
491,7.708720431092668,0.08490939117940327,0.20812997121723936,0.7619047619047619,27.215368181698807,0.08490939117940327,0.03838283957919908,0.7372448979591837
492,7.746051669629016,0.08448484422350626,0.32022201678170853,0.7083333333333334,27.63829455717376,0.08448484422350626,0.052373601844025064,0.81
493,7.746051669629016,0.08406242000238873,0.3486906009959001,0.7083333333333334,23.491135967375815,0.08406242000238873,0.2691714439124831,0.7372448979591837
494,7.455184630025753,0.08364210790237678,0.0667045470367036,0.8027777777777778,21.26319063849137,0.08364210790237678,0.04158619320207554,0.7372448979591837
495,4.228193232580867,0.0832238973628649,0.1394964940577121,0.6666666666666666,21.26319063849137,0.0832238973628649,0.03901192582194398,0.7372448979591837
496,7.708720431092668,0.08280777787605056,0.15201097957801174,0.7619047619047619,29.989181875140545,0.08280777787605056,0.09119664526083733,0.84375
497,7.3692897028561095,0.08239373898667031,0.1593716247779898,0.7083333333333334,27.215368181698807,0.08239373898667031,0.12418252814113519,0.7372448979591837
498,6.943172775975109,0.08198177029173696,0.264816090345498,0.7083333333333334,27.215368181698807,0.08198177029173696,0.034773048206048686,0.7372448979591837
499,4.518026829703858,0.08157186144027828,0.3466855960835697,0.7272727272727273,19.397353780369528,0.08157186144027828,0.09631538519639464,0.8027777777777778
500,3.460480432271676,0.0811640021330769,0.1719956880075753,0.8,18.86008483918592,0.0811640021330769,0.06316059526491556,0.6666666666666666
501,3.547817561417986,0.08075818212241151,0.16188656323111067,0.6540697674418605,19.49295025643304,0.08075818212241151,0.05792839349707193,0.6666666666666666
502,12.414240474948414,0.08035439121179945,0.214104417866495,0.7372448979591837,27.54430325935583,0.08035439121179945,0.04541564985055551,0.81
503,7.708720431092668,0.07995261925574046,0.13846430102076043,0.7619047619047619,27.63829455717376,0.07995261925574046,0.04217882823332042,0.81
504,13.00889374426748,0.07955285615946175,0.3270778313400072,0.7788461538461539,21.26319063849137,0.07955285615946175,0.03284106922636765,0.7372448979591837
505,8.030330358934563,0.07915509187866444,0.20857882898088528,0.7372448979591837,27.215368181698807,0.07915509187866444,0.037384694600920164,0.7372448979591837
506,8.198989825573044,0.07875931641927113,0.19122745816333567,0.7788461538461539,27.601752390878637,0.07875931641927113,0.26063442512610885,0.81
507,7.708720431092668,0.07836551983717477,0.10432496429598051,0.7619047619047619,21.26319063849137,0.07836551983717477,0.030940676486270302,0.7372448979591837
508,0.20611463665191404,0.07797369223798889,0.010305731832595703,0.6814516129032258,20.804870532662473,0.07797369223798889,0.24637478592772577,0.7372448979591837
509,7.708720431092668,0.07758382377679894,0.2110823858880404,0.7619047619047619,27.215368181698807,0.07758382377679894,0.036641005487389355,0.7372448979591837
510,6.528016364142943,0.07719590465791494,0.11647538061991924,0.8027777777777778,14.771974585037787,0.07719590465791494,0.218731417831493,0.7686170212765957
511,7.708720431092668,0.07680992513462537,0.09574386818164109,0.7619047619047619,21.26319063849137,0.07680992513462537,0.04620079644466679,0.7372448979591837
512,5.507362888267408,0.07642587550895225,0.04684115223602511,0.7372448979591837,21.26319063849137,0.07642587550895225,0.04286124718950246,0.7372448979591837
513,7.455184630025753,0.07604374613140748,0.08336886652998271,0.8027777777777778,27.63829455717376,0.07604374613140748,0.05778853947850645,0.81
514,8.198989825573044,0.07566352740075044,0.20319213978778708,0.7788461538461539,18.178379017887007,0.07566352740075044,0.09057778468370023,0.7272727272727273
515,8.198989825573044,0.07528520976374668,0.20536895188265136,0.7788461538461539,29.989181875140545,0.07528520976374668,0.08511942790340024,0.84375
516,3.822576704547899,0.07490878371492794,0.1160680757182025,0.7272727272727273,27.215368181698807,0.07490878371492794,0.03692889512367411,0.7372448979591837
517,7.455184630025753,0.0745342397963533,0.08740091800279455,0.8027777777777778,21.824433996376854,0.0745342397963533,0.21533400691494117,0.81
518,8.166259483320113,0.07416156859737154,0.20878588696952538,0.7788461538461539,9.996061654256902,0.07416156859737154,0.0954106590231932,0.7619047619047619
519,7.746051669629016,0.07379076075438468,0.40278304451828834,0.7083333333333334,27.601752390878637,0.07379076075438468,0.25756167576485994,0.81
520,7.708720431092668,0.07342180695061275,0.08229301382436535,0.7619047619047619,30.272830423089278,0.07342180695061275,0.1403777312949629,0.7372448979591837
521,7.206101765582468,0.07305469791585968,0.12140776795345888,0.7686170212765957,29.989181875140545,0.07305469791585968,0.08168489223218975,0.84375
522,5.302046754066068,0.07268942442628039,0.19786754759507424,0.7272727272727273,29.989181875140545,0.07268942442628039,0.07828460495176863,0.84375
523,6.805658110879142,0.07232597730414898,0.08281817524074707,0.6859756097560976,17.141715085326172,0.07232597730414898,0.04368554295699845,0.6666666666666666
524,7.708720431092668,0.07196434741762824,0.07883178368119538,0.7619047619047619,26.646542185810425,0.07196434741762824,0.08880386191120097,0.7686170212765957
525,4.2630540899501375,0.0716045256805401,0.11483289609988041,0.7272727272727273,26.46226343393879,0.0716045256805401,0.04422445830093714,0.7686170212765957
526,7.455184630025753,0.0712465030521374,0.066035765280177,0.8027777777777778,27.215368181698807,0.0712465030521374,0.02849363339321594,0.7372448979591837
527,7.455184630025753,0.0708902705368767,0.05767224879169817,0.8027777777777778,23.502621640528865,0.0708902705368767,0.10627307038442263,0.7686170212765957
528,7.957093714915628,0.07053581918419231,0.19041222725888604,0.8027777777777778,26.307671379038403,0.07053581918419231,0.09342752422909174,0.7788461538461539
529,3.326656065113781,0.07018314008827135,0.31819972379183026,0.7272727272727273,29.989181875140545,0.07018314008827135,0.07480811353720239,0.84375
530,7.708720431092668,0.06983222438783,0.07760259043448375,0.7619047619047619,19.49295025643304,0.06983222438783,0.05971593740490659,0.6666666666666666
531,7.708720431092668,0.06948306326589085,0.08919456961488466,0.7619047619047619,21.26319063849137,0.06948306326589085,0.0370612494333612,0.7372448979591837
532,7.746051669629016,0.0691356479495614,0.36399279059220885,0.7083333333333334,21.26319063849137,0.0691356479495614,0.03348289442922973,0.7372448979591837
533,7.701304824209535,0.06878996970981359,0.10629077824004443,0.6666666666666666,27.215368181698807,0.06878996970981359,0.028582436673010636,0.7372448979591837
534,4.683370151102976,0.06844601986126451,0.3727882165951094,0.7272727272727273,27.215368181698807,0.06844601986126451,0.026581455158962413,0.7372448979591837
535,7.746051669629016,0.06810378976195819,0.31633750468836447,0.7083333333333334,27.63829455717376,0.06810378976195819,0.06372976917074302,0.81
536,7.708720431092668,0.0677632708131484,0.13153416672539958,0.7619047619047619,27.215368181698807,0.0677632708131484,0.02835864949149358,0.7372448979591837
537,8.609062944294564,0.06742445445908266,0.09655802583950071,0.7788461538461539,27.63829455717376,0.06742445445908266,0.057773588533829176,0.81
538,7.455184630025753,0.06708733218678724,0.04542203827082344,0.8027777777777778,19.58091874425519,0.06708733218678724,0.03405393277894138,0.6956521739130435
539,7.746051669629016,0.0667518955258533,0.2894142801045434,0.7083333333333334,27.215368181698807,0.0667518955258533,0.029590716447731185,0.7372448979591837
540,3.0491622103032845,0.06641813604822402,0.13931680124875254,0.7601351351351351,27.140464369904386,0.06641813604822402,0.049839647482271605,0.7372448979591837
541,5.93770159059232,0.0660860453679829,0.11202822827637411,0.7372448979591837,21.26319063849137,0.0660860453679829,0.029226960991859025,0.7372448979591837
542,8.198989825573044,0.06575561514114299,0.20475865761753717,0.7788461538461539,27.286888796942442,0.06575561514114299,0.1065311685704442,0.81
543,12.414240474948414,0.06542683706543727,0.14425059661632147,0.7372448979591837,29.989181875140545,0.06542683706543727,0.07115221391367967,0.84375
544,7.469519587653461,0.06509970288011008,0.185994367279842,0.7372448979591837,13.966171194801587,0.06509970288011008,0.1306574987094775,0.7619047619047619
545,12.414240474948414,0.06477420436570952,0.26836709557960636,0.7372448979591837,13.488799431811614,0.06477420436570952,0.3070457669763429,0.8
546,7.746051669629016,0.06445033334388098,0.2656563767219804,0.7083333333333334,27.215368181698807,0.06445033334388098,0.026320943113060657,0.7372448979591837
547,7.708720431092668,0.06412808167716157,0.1523996217015134,0.7619047619047619,22.128154718367792,0.06412808167716157,0.15794660024994656,0.8027777777777778
548,7.708720431092668,0.06380744126877576,0.16078508785987453,0.7619047619047619,19.49295025643304,0.06380744126877576,0.046750826375460706,0.6666666666666666
549,8.884815527728938,0.06348840406243188,0.1986675085633586,0.81,27.215368181698807,0.06348840406243188,0.02423329368358144,0.7372448979591837
550,7.708720431092668,0.06317096204211972,0.16496197255467254,0.7619047619047619,21.26319063849137,0.06317096204211972,0.02710849601788475,0.7372448979591837
551,7.40218840004104,0.06285510723190912,0.3622794000756646,0.7083333333333334,29.989181875140545,0.06285510723190912,0.06685926273896167,0.84375
552,4.386924781598248,0.06254083169574957,0.12091678680023751,0.7272727272727273,25.428237585781485,0.06254083169574957,0.09744395893781843,0.8027777777777778
553,7.746051669629016,0.062228127537270826,0.27417655268254176,0.7083333333333334,21.26319063849137,0.062228127537270826,0.024220451779687385,0.7372448979591837
554,7.106461520873853,0.06191698689958447,0.12732758693124022,0.7372448979591837,20.401299867502523,0.06191698689958447,0.4055329197248989,0.7272727272727273
555,1.8788563931875668,0.061607401965086545,0.523902238624578,0.6401515151515151,27.63829455717376,0.061607401965086545,0.06221970418373075,0.81
556,7.746051669629016,0.06129936495526111,0.2793183225843922,0.7083333333333334,27.215368181698807,0.06129936495526111,0.02587092748234865,0.7372448979591837
557,8.198989825573044,0.0609928681304848,0.19821507754883053,0.7788461538461539,27.215368181698807,0.0609928681304848,0.02373144599969342,0.7372448979591837
558,7.746051669629016,0.060687903789832374,0.2776969764356377,0.7083333333333334,27.215368181698807,0.060687903789832374,0.021764261170317305,0.7372448979591837
559,7.708720431092668,0.06038446427088321,0.2681627770259733,0.7619047619047619,27.215368181698807,0.06038446427088321,0.019956086893301972,0.7372448979591837
560,0.5937471371367329,0.06008254194952879,0.22813441072268484,0.6447368421052632,29.989181875140545,0.06008254194952879,0.06678018120942965,0.84375
561,7.455184630025753,0.05978212923978115,0.14309599954839547,0.8027777777777778,40.09578323057532,0.05978212923978115,0.4876097003590147,0.81
562,7.701304824209535,0.05948321859358224,0.24275056205958473,0.6666666666666666,19.798377590837216,0.05948321859358224,0.0315774555044924,0.6666666666666666
563,7.708720431092668,0.05918580250061433,0.2521707454317779,0.7619047619047619,30.355865047769363,0.05918580250061433,0.12335401528403771,0.84375
564,3.529772702027212,0.058889873488111255,0.19733062133168935,0.6666666666666666,27.63829455717376,0.058889873488111255,0.04900127398276344,0.81
565,7.746051669629016,0.058595424120670696,0.30699510584826567,0.7083333333333334,19.779702056096898,0.058595424120670696,0.032920176076046206,0.6666666666666666
566,7.708720431092668,0.05830244700006734,0.28392485353965474,0.7619047619047619,23.96292121209641,0.05830244700006734,0.13211620841953786,0.8027777777777778
567,7.746051669629016,0.058010934765067,0.2976884201355031,0.7083333333333334,25.677460503337926,0.058010934765067,0.23201930564152046,0.84375
568,4.9325436204327024,0.05772088009124167,0.15574074272588007,0.7083333333333334,27.215368181698807,0.05772088009124167,0.02776216979827865,0.7372448979591837
569,2.965729970076419,0.05743227569078546,0.27882558809269786,0.7211538461538461,27.63829455717376,0.05743227569078546,0.041345931933530186,0.81
570,9.375156146605812,0.05714511431233153,0.18444047437904068,0.7788461538461539,27.63829455717376,0.05714511431233153,0.036733193434487346,0.81
571,7.708720431092668,0.05685938874076987,0.11076061458490276,0.7619047619047619,27.215368181698807,0.05685938874076987,0.03046124329274728,0.7372448979591837
572,0.20133143577681195,0.056575091797066025,0.547010176744278,0.6401515151515151,27.215368181698807,0.056575091797066025,0.02769032837291674,0.7372448979591837
573,6.965950018342787,0.056292216338080694,0.3169268511338607,0.7083333333333334,21.26319063849137,0.056292216338080694,0.02159973620680981,0.7372448979591837
574,7.455184630025753,0.05601075525639029,0.11330867786490162,0.8027777777777778,26.568001046199797,0.05601075525639029,0.10184253066874292,0.7083333333333334
575,1.45039018021615,0.05573070148010834,0.2686375631020079,0.7211538461538461,29.989181875140545,0.05573070148010834,0.061561013176003154,0.84375
576,6.499599508422116,0.0554520479727078,0.15781872583382386,0.7686170212765957,29.989181875140545,0.0554520479727078,0.05832754898134897,0.84375
577,7.701304824209535,0.05517478773284426,0.11275099739460925,0.6666666666666666,27.215368181698807,0.05517478773284426,0.022896530156120698,0.7372448979591837
578,7.455184630025753,0.05489891379418004,0.08882502921551898,0.8027777777777778,29.989181875140545,0.05489891379418004,0.055291924824788695,0.84375
579,7.746051669629016,0.05462441922520914,0.29578303036460424,0.7083333333333334,13.03611735208736,0.05462441922520914,0.10129173473520296,0.7272727272727273
580,7.746051669629016,0.0543512971290831,0.2759084069292271,0.7083333333333334,21.26319063849137,0.0543512971290831,0.0191834346003098,0.7372448979591837
581,4.518026829703858,0.05407954064343768,0.2847143460060542,0.7272727272727273,21.26319063849137,0.05407954064343768,0.018099519153097116,0.7372448979591837
582,4.518026829703858,0.05380914294022049,0.32581759252740516,0.7272727272727273,27.215368181698807,0.05380914294022049,0.018952212440898213,0.7372448979591837
583,6.662295626561681,0.05354009722551939,0.13702402672108618,0.7372448979591837,3.528811807984322,0.05354009722551939,0.07406527711699908,0.7601351351351351
584,7.455184630025753,0.05327239673939179,0.06515750711535051,0.8027777777777778,21.26319063849137,0.05327239673939179,0.017097011395130462,0.7372448979591837
585,7.746051669629016,0.053006034755694834,0.2968757399388709,0.7083333333333334,29.989181875140545,0.053006034755694834,0.05243519879512082,0.84375
586,2.888798339180353,0.052741004581916356,0.11780400568319348,0.7211538461538461,26.307671379038403,0.052741004581916356,0.0747958678096569,0.7788461538461539
587,6.49428930220914,0.052477299559006776,0.13444500882264787,0.7619047619047619,27.215368181698807,0.052477299559006776,0.020327364413614046,0.7372448979591837
588,7.708720431092668,0.052214913061211746,0.1411342351009488,0.7619047619047619,6.309327624079869,0.052214913061211746,0.08471330952339871,0.6666666666666666
589,7.441386648259221,0.05195383849590569,0.12475022005820954,0.7619047619047619,12.319851032971012,0.05195383849590569,0.13239130727286702,0.7619047619047619
590,10.748629135511036,0.05169406930342616,0.1356089727673593,0.7372448979591837,27.215368181698807,0.05169406930342616,0.01846520887555862,0.7372448979591837
591,5.866916813093028,0.05143559895690903,0.19277394696400138,0.7619047619047619,40.09578323057532,0.05143559895690903,0.3673052344681508,0.81
592,7.746051669629016,0.051178420962124486,0.342974960252353,0.7083333333333334,27.215368181698807,0.051178420962124486,0.01699401044414813,0.7372448979591837
593,7.455184630025753,0.05092252885731386,0.08253341611092048,0.8027777777777778,27.54430325935583,0.05092252885731386,0.038586420487449695,0.81
594,7.708720431092668,0.05066791621302729,0.1360305601826977,0.7619047619047619,17.616444452499152,0.05066791621302729,0.057895957980017454,0.7372448979591837
595,7.455184630025753,0.05041457663196215,0.0958932606410992,0.8027777777777778,27.215368181698807,0.05041457663196215,0.018848141894040642,0.7372448979591837
596,12.5507629313952,0.050162503748802344,0.27745417723842564,0.7788461538461539,27.215368181698807,0.050162503748802344,0.01727016847698537,0.7372448979591837
597,7.455184630025753,0.05,0.09531534803767072,0.8027777777777778,27.215368181698807,0.05,0.015820655887170187,0.7372448979591837
598,6.528016364142943,0.05,0.09945241790160624,0.8027777777777778,21.26319063849137,0.05,0.016908729404376672,0.7372448979591837
599,7.455184630025753,0.05,0.11467643608798485,0.8027777777777778,27.215368181698807,0.05,0.014489603900736689,0.7372448979591837
600,7.383131109929516,0.05,0.11683319183109235,0.8027777777777778,27.63829455717376,0.05,0.04051613175430017,0.81
601,0.20133143577681195,0.05,0.3214131624711068,0.6401515151515151,25.945029085834733,0.05,0.0833048485830442,0.8027777777777778
602,7.455184630025753,0.05,0.09823031923053012,0.8027777777777778,27.215368181698807,0.05,0.020645084142547548,0.7372448979591837
603,4.081628780330426,0.05,0.15281002185958514,0.7601351351351351,29.989181875140545,0.05,0.10554657017975669,0.84375
604,7.746051669629016,0.05,0.32910109125807074,0.7083333333333334,27.63829455717376,0.05,0.03798017249907061,0.81
605,7.708720431092668,0.05,0.13669242596117623,0.7619047619047619,27.215368181698807,0.05,0.02158839607113498,0.7372448979591837
606,6.562665619407736,0.05,0.08810756338962512,0.8027777777777778,11.574078801181868,0.05,0.17121631619646357,0.6666666666666666
607,7.746051669629016,0.05,0.3347005450857173,0.7083333333333334,27.215368181698807,0.05,0.01928062031958851,0.7372448979591837
608,5.93770159059232,0.05,0.15096490514738903,0.7372448979591837,27.215368181698807,0.05,0.017222376771260667,0.7372448979591837
609,7.708720431092668,0.05,0.12352592576445214,0.7619047619047619,29.989181875140545,0.05,0.046397087915142333,0.84375
610,7.455184630025753,0.05,0.0792073942757712,0.8027777777777778,27.215368181698807,0.05,0.015387895307432675,0.7372448979591837
611,8.198989825573044,0.05,0.16586875610680293,0.7788461538461539,28.248982661988794,0.05,0.09859816064119449,0.7083333333333334
612,6.445119821811969,0.05,0.11740383104152237,0.7619047619047619,27.63829455717376,0.05,0.0404143952792187,0.81
613,7.746051669629016,0.05,0.3465790087632685,0.7083333333333334,17.616444452499152,0.05,0.05322189499890043,0.7372448979591837
614,4.518026829703858,0.05,0.3206966014439828,0.7272727272727273,27.63829455717376,0.05,0.036607736994502274,0.81
615,4.386924781598248,0.05,0.19506551046395765,0.7272727272727273,0.21042722213947362,0.05,1.6976460586970497,0.6428571428571429
616,7.455184630025753,0.05,0.09885047748166986,0.8027777777777778,29.989181875140545,0.05,0.04417781604793088,0.84375
617,7.455184630025753,0.05,0.10554496654518113,0.8027777777777778,27.63829455717376,0.05,0.03406314576019869,0.81
618,7.708720431092668,0.05,0.1303759859331129,0.7619047619047619,25.677460503337926,0.05,0.3472284509476694,0.84375
619,7.455184630025753,0.05,0.11275413541825487,0.8027777777777778,27.63829455717376,0.05,0.01600377234327009,0.81
620,7.708720431092668,0.05,0.10584272414664415,0.7619047619047619,31.541764868636303,0.05,0.17564929856320646,0.7788461538461539
621,8.198989825573044,0.05,0.15470286873429842,0.7788461538461539,29.989181875140545,0.05,0.04212820351923097,0.84375
622,6.445119821811969,0.05,0.13174551165566645,0.7619047619047619,27.215368181698807,0.05,0.038056357725540536,0.7372448979591837
623,7.708720431092668,0.05,0.10618144116304917,0.7619047619047619,21.26319063849137,0.05,0.050042282880404874,0.7372448979591837
624,11.693609163523007,0.05,0.21832577073752152,0.81,25.619510252761916,0.05,0.10160884326226496,0.81
625,7.708720431092668,0.05,0.11382583834568827,0.7619047619047619,21.26319063849137,0.05,0.04735967879695872,0.7372448979591837
626,4.9887411125779995,0.05,0.339307530676839,0.8,17.221695096898483,0.05,0.2907164244273964,0.7686170212765957
627,6.939976472024257,0.05,0.17467327170604544,0.7372448979591837,17.52708848155667,0.05,0.1306108051440823,0.625
628,8.198989825573044,0.05,0.19836814929439578,0.7788461538461539,19.779702056096898,0.05,0.07094679625871354,0.6666666666666666
629,8.198989825573044,0.05,0.1867168285391101,0.7788461538461539,27.63829455717376,0.05,0.01518545120970757,0.81
630,7.708720431092668,0.05,0.09672650945513629,0.7619047619047619,25.619510252761916,0.05,0.0900725057438903,0.81
631,7.708720431092668,0.05,0.08930061134146819,0.7619047619047619,21.26319063849137,0.05,0.045475182169218455,0.7372448979591837
632,7.708720431092668,0.05,0.09218115757837164,0.7619047619047619,21.26319063849137,0.05,0.041919651184579076,0.7372448979591837
633,7.455184630025753,0.05,0.09901965897541402,0.8027777777777778,27.63829455717376,0.05,0.012493532866236208,0.81
634,7.455184630025753,0.05,0.11183958256099276,0.8027777777777778,21.26319063849137,0.05,0.038596101476298585,0.7372448979591837
635,7.746051669629016,0.05,0.3112666903983132,0.7083333333333334,29.989181875140545,0.05,0.04021919038522902,0.84375
636,7.455184630025753,0.05,0.11476228531460149,0.8027777777777778,21.901899019651253,0.05,0.14895858793127384,0.6540697674418605
637,7.708720431092668,0.05,0.09524096907344039,0.7619047619047619,27.215368181698807,0.05,0.055148397497471434,0.7372448979591837
638,7.708720431092668,0.05,0.1058722609732277,0.7619047619047619,27.286888796942442,0.05,0.07426110127947305,0.81
639,4.518026829703858,0.05,0.31756667491587903,0.7272727272727273,26.46226343393879,0.05,0.061789198344344744,0.7686170212765957
640,5.5960237765469785,0.05,0.1837217755927298,0.7619047619047619,21.26319063849137,0.05,0.03550261513420424,0.7372448979591837
641,7.746051669629016,0.05,0.2625650632366981,0.7083333333333334,27.63829455717376,0.05,0.01525668432652129,0.81
642,7.746051669629016,0.05,0.2530163683813289,0.7083333333333334,28.248982661988794,0.05,0.10547192201725601,0.7083333333333334
643,6.972681202552816,0.05,0.12196148386854487,0.7083333333333334,27.353782877704273,0.05,0.11306228898426533,0.7372448979591837
644,7.455184630025753,0.05,0.05113394287455659,0.8027777777777778,29.989181875140545,0.05,0.03843616995789345,0.84375
645,7.455184630025753,0.05,0.0633188281603806,0.8027777777777778,27.215368181698807,0.05,0.03622654501251432,0.7372448979591837
646,7.85429612255369,0.05,0.15194191207799695,0.7788461538461539,27.215368181698807,0.05,0.032250967068885306,0.7372448979591837
647,5.459625702763426,0.05,0.21025534745549626,0.7083333333333334,18.037345961372594,0.05,0.14417450033786644,0.8027777777777778
648,6.805658110879142,0.05,0.2569061983329994,0.6859756097560976,27.63829455717376,0.05,0.027143837477747956,0.81
649,8.198989825573044,0.05,0.13580661046056525,0.7788461538461539,21.95084215870271,0.05,0.21598752250225126,0.7686170212765957
650,7.746051669629016,0.05,0.21920505816702252,0.7083333333333334,19.8618326501228,0.05,0.11944209746760222,0.7372448979591837
651,7.746051669629016,0.05,0.20567188747825768,0.7083333333333334,27.63829455717376,0.05,0.030066525989474506,0.81
652,7.455184630025753,0.05,0.0765522903580579,0.8027777777777778,21.26319063849137,0.05,0.032691534029648785,0.7372448979591837
653,7.746051669629016,0.05,0.22744942846160543,0.7083333333333334,31.541764868636303,0.05,0.1570387868502163,0.7788461538461539
654,7.746051669629016,0.05,0.22477433400755212,0.7083333333333334,27.63829455717376,0.05,0.027530206420324506,0.81
655,7.455184630025753,0.05,0.05895925056981441,0.8027777777777778,9.996061654256902,0.05,0.13947524947962842,0.7619047619047619
656,7.455184630025753,0.05,0.0765827711144621,0.8027777777777778,27.215368181698807,0.05,0.028436958305677867,0.7372448979591837
657,7.455184630025753,0.05,0.09042445025529987,0.8027777777777778,27.63829455717376,0.05,0.025588017100554757,0.81
658,5.302046754066068,0.05,0.3109581982815447,0.7272727272727273,19.798377590837216,0.05,0.04190745145370002,0.6666666666666666
659,3.417295775827605,0.05,0.29013213613298305,0.6666666666666666,27.63829455717376,0.05,0.0234063792182096,0.81
660,7.746051669629016,0.05,0.2566188298174239,0.7083333333333334,27.63829455717376,0.05,0.021425062725145234,0.81
661,7.708720431092668,0.05,0.21004174962685548,0.7619047619047619,26.024771780862583,0.05,0.16675432492957729,0.7788461538461539
662,7.746051669629016,0.05,0.25423228669750925,0.7083333333333334,27.215368181698807,0.05,0.034325972788187796,0.7372448979591837
663,7.746051669629016,0.05,0.2502373875316373,0.7083333333333334,27.63829455717376,0.05,0.020098278836735744,0.81
664,7.746051669629016,0.05,0.24847895456223648,0.7083333333333334,29.989181875140545,0.05,0.03703727298001699,0.84375
665,7.746051669629016,0.05,0.23594824253365887,0.7083333333333334,6.126230403275066,0.05,0.14590401526934224,0.7211538461538461
666,8.198989825573044,0.05,0.13317565631621048,0.7788461538461539,21.26319063849137,0.05,0.028434977792000993,0.7372448979591837
667,7.746051669629016,0.05,0.22241829406868954,0.7083333333333334,26.978163885710494,0.05,0.21206499046262936,0.84375
668,7.708720431092668,0.05,0.17641469572212815,0.7619047619047619,21.929089473938596,0.05,0.18770079414623778,0.7372448979591837
669,7.455184630025753,0.05,0.09306683121804094,0.8027777777777778,19.779702056096898,0.05,0.044836515269111255,0.6666666666666666
670,7.441386648259221,0.05,0.195667583653824,0.7619047619047619,8.4301032573092,0.05,0.11051273420698152,0.8035714285714286
671,7.746051669629016,0.05,0.2209892226446243,0.7083333333333334,25.428237585781485,0.05,0.09701656475030622,0.8027777777777778
672,7.708720431092668,0.05,0.18663095513881198,0.7619047619047619,21.26319063849137,0.05,0.025396689098410863,0.7372448979591837
673,7.746051669629016,0.05,0.21292007913653313,0.7083333333333334,27.28413201311337,0.05,0.12292921488392365,0.8027777777777778
674,7.455184630025753,0.05,0.07047453035308696,0.8027777777777778,14.237250386342804,0.05,0.06163372253542715,0.7211538461538461
675,7.455184630025753,0.05,0.0489644224919815,0.8027777777777778,19.422886060435268,0.05,0.16888801581438548,0.8027777777777778
676,7.746051669629016,0.05,0.17989229633858073,0.7083333333333334,21.26319063849137,0.05,0.026169341922004596,0.7372448979591837
677,7.708720431092668,0.05,0.1703655750418105,0.7619047619047619,29.989181875140545,0.05,0.04653022683618148,0.84375
678,5.749860320295097,0.05,0.11621574359503181,0.7272727272727273,6.196715875432375,0.05,0.17038575783728854,0.6859756097560976
679,7.708720431092668,0.05,0.17444561883526916,0.7619047619047619,27.140464369904386,0.05,0.06482443173993808,0.7372448979591837
680,7.746051669629016,0.05,0.17965640360476973,0.7083333333333334,29.989181875140545,0.05,0.04234681389830192,0.84375
681,6.376093129579752,0.05,0.158211537214765,0.7083333333333334,27.63829455717376,0.05,0.03127402134729703,0.81
682,7.708720431092668,0.05,0.1492109815489411,0.7619047619047619,25.505356436105043,0.05,0.28715962556004576,0.84375
683,4.270481407067997,0.05,0.16518114805553402,0.7272727272727273,27.215368181698807,0.05,0.04536368318009724,0.7372448979591837
684,7.746051669629016,0.05,0.15450766020041987,0.7083333333333334,27.215368181698807,0.05,0.04283842475630376,0.7372448979591837
685,8.198989825573044,0.05,0.14878464587719753,0.7788461538461539,28.074284119363913,0.05,0.29832568115163793,0.7788461538461539
686,7.746051669629016,0.05,0.1517046096978658,0.7083333333333334,9.996061654256902,0.05,0.10100220739421355,0.7619047619047619
687,7.746051669629016,0.05,0.15145750553527917,0.7083333333333334,27.215368181698807,0.05,0.04802783499077631,0.7372448979591837
688,7.746051669629016,0.05,0.20888546640569447,0.7083333333333334,21.26319063849137,0.05,0.024534470360602672,0.7372448979591837
689,7.455184630025753,0.05,0.03290334528208504,0.8027777777777778,27.215368181698807,0.05,0.045635646294313825,0.7372448979591837
690,8.198989825573044,0.05,0.135516990404645,0.7788461538461539,27.63829455717376,0.05,0.029707606239917687,0.81
691,7.455184630025753,0.05,0.04680476575273529,0.8027777777777778,19.798377590837216,0.05,0.032566589154929354,0.6666666666666666
692,7.455184630025753,0.05,0.030485614890395047,0.8027777777777778,30.272830423089278,0.05,0.14613556312819234,0.7372448979591837
693,7.746051669629016,0.05,0.15613454448286376,0.7083333333333334,27.215368181698807,0.05,0.0434035854516965,0.7372448979591837
694,7.436554118561369,0.05,0.04547460284785671,0.8027777777777778,27.215368181698807,0.05,0.04070846609929568,0.7372448979591837
695,7.708720431092668,0.05,0.1392499179125793,0.7619047619047619,21.26319063849137,0.05,0.021647226919029244,0.7372448979591837
696,7.746051669629016,0.05,0.1761252687237295,0.7083333333333334,27.63829455717376,0.05,0.0286777202735725,0.81
697,7.746051669629016,0.05,0.15938878607500312,0.7083333333333334,27.215368181698807,0.05,0.039851233545321864,0.7372448979591837
698,7.746051669629016,0.05,0.16414853647611924,0.7083333333333334,29.989181875140545,0.05,0.04429864707422932,0.84375
699,7.701304824209535,0.05,0.1283223049507634,0.6666666666666666,27.63829455717376,0.05,0.07498029048886758,0.81
700,7.455184630025753,0.05,0.032110621814256605,0.8027777777777778,29.989181875140545,0.05,0.04232675722539146,0.84375
701,7.455184630025753,0.05,0.047941335922820016,0.8027777777777778,21.26319063849137,0.05,0.020341482550454353,0.7372448979591837
702,3.0491622103032845,0.05,0.19338173336658987,0.7601351351351351,21.26319063849137,0.05,0.019130070091611346,0.7372448979591837
703,7.746051669629016,0.05,0.1767377074136377,0.7083333333333334,25.677460503337926,0.05,0.3029335875228031,0.84375
704,7.708720431092668,0.05,0.10995603142890531,0.7619047619047619,27.63829455717376,0.05,0.011748808447867885,0.81
705,5.839152691641358,0.05,0.2774454413165653,0.7272727272727273,29.989181875140545,0.05,0.04024307841414162,0.84375
706,7.746051669629016,0.05,0.18204111231151368,0.7083333333333334,29.989181875140545,0.05,0.0382460507580609,0.84375
707,7.455184630025753,0.05,0.06623808846212025,0.8027777777777778,29.989181875140545,0.05,0.036379092770462806,0.84375
708,7.746051669629016,0.05,0.18789157064161421,0.7083333333333334,28.248982661988794,0.05,0.12268892521285633,0.7083333333333334
709,7.708720431092668,0.05,0.10605204588995083,0.7619047619047619,21.26319063849137,0.05,0.021475048876873275,0.7372448979591837
710,7.708720431092668,0.05,0.11074836817068497,0.7619047619047619,20.79626172051195,0.05,0.13780197142107714,0.7686170212765957
711,7.455184630025753,0.05,0.05217602850119338,0.8027777777777778,17.2992886084424,0.05,0.23404993166565385,0.7619047619047619
712,5.302046754066068,0.05,0.27584577820915085,0.7272727272727273,21.26319063849137,0.05,0.0206501427158835,0.7372448979591837
713,5.302046754066068,0.05,0.26484096012482217,0.7272727272727273,27.63829455717376,0.05,0.027610094572661677,0.81
714,7.708720431092668,0.05,0.12128785397262414,0.7619047619047619,14.531632831894788,0.05,0.11100891337131094,0.7272727272727273
715,8.198989825573044,0.05,0.11809426086996082,0.7788461538461539,27.63829455717376,0.05,0.022989457138368925,0.81
716,7.746051669629016,0.05,0.17151424444709704,0.7083333333333334,2.912037929920335,0.05,0.21006037950204678,0.6447368421052632
717,7.746051669629016,0.05,0.17026376636850174,0.7083333333333334,21.26319063849137,0.05,0.02011750427684263,0.7372448979591837
718,7.746051669629016,0.05,0.16574622599853364,0.7083333333333334,7.503065452872048,0.05,0.15590908250275826,0.6666666666666666
719,7.708720431092668,0.05,0.11742439959262752,0.7619047619047619,27.215368181698807,0.05,0.04981391501788005,0.7372448979591837
720,7.746051669629016,0.05,0.1679936642998835,0.7083333333333334,12.904879119307052,0.05,0.16721584854866914,0.7686170212765957
721,7.701304824209535,0.05,0.09944305919181495,0.6666666666666666,27.63829455717376,0.05,0.0219214627376354,0.81
722,7.746051669629016,0.05,0.16767472410311424,0.7083333333333334,27.215368181698807,0.05,0.046710883853221495,0.7372448979591837
723,7.455184630025753,0.05,0.034926009352227984,0.8027777777777778,27.215368181698807,0.05,0.04308869566985803,0.7372448979591837
724,10.748629135511036,0.05,0.28917330291940774,0.7372448979591837,27.215368181698807,0.05,0.03971593788048381,0.7372448979591837
725,8.198989825573044,0.05,0.12880811707581566,0.7788461538461539,26.444040851556867,0.05,0.17583094917928668,0.7788461538461539
726,7.455184630025753,0.05,0.1561357817490344,0.8027777777777778,27.63829455717376,0.05,0.016221472687452998,0.81
727,7.746051669629016,0.05,0.2203826080073943,0.7083333333333334,29.989181875140545,0.05,0.03587556948603589,0.84375
728,7.746051669629016,0.05,0.2226558742010393,0.7083333333333334,27.215368181698807,0.05,0.039316116048383774,0.7372448979591837
729,7.746051669629016,0.05,0.23021291969457303,0.7083333333333334,20.262166878541645,0.05,0.027311930876211754,0.7372448979591837
730,7.708720431092668,0.05,0.08768055991947177,0.7619047619047619,6.9686107012180525,0.05,0.07693429360388922,0.6666666666666666
731,5.660795166139785,0.05,0.12130611466765429,0.7272727272727273,27.215368181698807,0.05,0.03612637318950244,0.7372448979591837
732,8.198989825573044,0.05,0.129580883816258,0.7788461538461539,29.989181875140545,0.05,0.034568777655537196,0.84375
733,7.708720431092668,0.05,0.08784395370439496,0.7619047619047619,29.989181875140545,0.05,0.03333198922566116,0.84375
734,4.2794607036674615,0.05,0.33297618107371496,0.6540697674418605,27.215368181698807,0.05,0.033248832078322965,0.7372448979591837
735,7.455184630025753,0.05,0.11089550770880252,0.8027777777777778,27.215368181698807,0.05,0.03070147599625439,0.7372448979591837
736,7.746051669629016,0.05,0.23402493007874417,0.7083333333333334,29.989181875140545,0.05,0.032149106549592084,0.84375
737,14.064514385636862,0.05,0.5933631060998436,0.7788461538461539,23.819422530427982,0.05,0.0726358676818712,0.7372448979591837
738,7.708720431092668,0.05,0.0799706741782139,0.7619047619047619,23.491135967375815,0.05,0.25273674391141776,0.7372448979591837
739,7.708720431092668,0.05,0.18292140212103697,0.7619047619047619,27.215368181698807,0.05,0.026463028157253987,0.7372448979591837
740,7.746051669629016,0.05,0.22525105671088305,0.7083333333333334,27.215368181698807,0.05,0.02484745283373783,0.7372448979591837
741,0.5937471371367329,0.05,0.24537285967804032,0.6447368421052632,27.215368181698807,0.05,0.023282733874598078,0.7372448979591837
742,7.106170169151839,0.05,0.1508661582975954,0.7372448979591837,21.26319063849137,0.05,0.020036274461784243,0.7372448979591837
743,14.064514385636862,0.05,0.5411244483769183,0.7788461538461539,27.215368181698807,0.05,0.02177510438853129,0.7372448979591837
744,7.746051669629016,0.05,0.2147764083609577,0.7083333333333334,28.248982661988794,0.05,0.08275857083136391,0.7083333333333334
745,0.5937471371367329,0.05,0.1527447800815272,0.6447368421052632,21.26319063849137,0.05,0.019089823599386452,0.7372448979591837
746,7.708720431092668,0.05,0.11134074308525017,0.7619047619047619,27.215368181698807,0.05,0.018433913874302377,0.7372448979591837
747,4.1638025410791615,0.05,0.22322868020588074,0.7211538461538461,27.63829455717376,0.05,0.09635213093521913,0.81
748,7.708720431092668,0.05,0.11469503497381643,0.7619047619047619,3.528811807984322,0.05,0.07225572197236133,0.7601351351351351
749,7.455184630025753,0.05,0.09309726394961788,0.8027777777777778,27.215368181698807,0.05,0.02004797044912428,0.7372448979591837
750,7.746051669629016,0.05,0.19106561701218228,0.7083333333333334,9.996061654256902,0.05,0.1051035938292457,0.7619047619047619
751,7.455184630025753,0.05,0.07660473814908714,0.8027777777777778,15.052445804793168,0.05,0.30713999645783857,0.6666666666666666
752,7.436554118561369,0.05,0.059282114269140485,0.8027777777777778,29.989181875140545,0.05,0.031056811412095518,0.84375
753,7.746051669629016,0.05,0.1569356407707673,0.7083333333333334,21.26319063849137,0.05,0.018181387184497428,0.7372448979591837
754,7.746051669629016,0.05,0.17982633779456483,0.7083333333333334,27.215368181698807,0.05,0.01850593644042649,0.7372448979591837
755,7.455184630025753,0.05,0.06867370451088428,0.8027777777777778,8.4301032573092,0.05,0.11654490772271114,0.8035714285714286
756,6.77590705368098,0.05,0.1963699741051125,0.7083333333333334,29.989181875140545,0.05,0.029929266040241202,0.84375
757,11.504557640664752,0.05,0.22305333063212682,0.7788461538461539,27.215368181698807,0.05,0.01707264054642847,0.7372448979591837
758,7.708720431092668,0.05,0.09770366574414674,0.7619047619047619,27.215368181698807,0.05,0.015741370878349554,0.7372448979591837
759,7.455184630025753,0.05,0.06498089068344468,0.8027777777777778,23.15640980440642,0.05,0.17762886205828246,0.7372448979591837
760,7.455184630025753,0.05,0.04970167808716159,0.8027777777777778,27.63829455717376,0.05,0.03963528228239716,0.81
761,7.708720431092668,0.05,0.10411415730250817,0.7619047619047619,27.63829455717376,0.05,0.03447863979117934,0.81
762,8.609062944294564,0.05,0.08985015428695975,0.7788461538461539,23.447107885905307,0.05,0.2099536498915743,0.7372448979591837
763,7.106461520873853,0.05,0.06665910250161713,0.7372448979591837,21.26319063849137,0.05,0.02869720451115239,0.7372448979591837
764,7.746051669629016,0.05,0.16552305996476646,0.7083333333333334,27.63829455717376,0.05,0.030045930061703214,0.81
765,7.708720431092668,0.05,0.1101059656576409,0.7619047619047619,21.26319063849137,0.05,0.026728369873140128,0.7372448979591837
766,7.708720431092668,0.05,0.09965652095645938,0.7619047619047619,26.89856729179969,0.05,0.05197146057641296,0.7686170212765957
767,7.708720431092668,0.05,0.09073892588437252,0.7619047619047619,29.989181875140545,0.05,0.029031352475130605,0.84375
768,7.708720431092668,0.05,0.07495339979818076,0.7619047619047619,21.26319063849137,0.05,0.024912172191648947,0.7372448979591837
769,7.698392185083523,0.05,0.10734153210826589,0.7788461538461539,27.63829455717376,0.05,0.08252791158797641,0.81
770,6.520544815051679,0.05,0.15876869756580397,0.7083333333333334,21.95084215870271,0.05,0.1966522048714857,0.7686170212765957
771,7.746051669629016,0.05,0.16182468878671594,0.7083333333333334,23.819422530427982,0.05,0.04973740381518088,0.7372448979591837
772,8.198989825573044,0.05,0.12543909551689905,0.7788461538461539,28.248982661988794,0.05,0.08129142262472584,0.7083333333333334
773,7.746051669629016,0.05,0.16032970142510092,0.7083333333333334,27.215368181698807,0.05,0.023727004427871828,0.7372448979591837
774,7.708720431092668,0.05,0.05305065676598558,0.7619047619047619,27.63829455717376,0.05,0.03200992397387096,0.81
775,7.708720431092668,0.05,0.11480909855652655,0.7619047619047619,21.26319063849137,0.05,0.023236410051515926,0.7372448979591837
776,7.746051669629016,0.05,0.16830869300841303,0.7083333333333334,29.989181875140545,0.05,0.02807839736136275,0.84375
777,8.198989825573044,0.05,0.12521727576819816,0.7788461538461539,26.840801481871818,0.05,0.0893841029823714,0.7788461538461539
778,8.198989825573044,0.05,0.137586644181021,0.7788461538461539,21.26319063849137,0.05,0.021689702050120146,0.7372448979591837
779,5.459625702763426,0.05,0.18113537598697727,0.7083333333333334,25.268903988411928,0.05,0.36128715159157265,0.7788461538461539
780,7.708720431092668,0.05,0.11562918707894343,0.7619047619047619,27.215368181698807,0.05,0.043858187215615664,0.7372448979591837
781,7.40218840004104,0.05,0.19605463002503976,0.7083333333333334,13.488799431811614,0.05,0.25395483206379366,0.8
782,4.648209058161678,0.05,0.33304634096003205,0.7372448979591837,27.215368181698807,0.05,0.04078413981154172,0.7372448979591837
783,1.45039018021615,0.05,0.2255767981708638,0.7211538461538461,29.989181875140545,0.05,0.027103474826953095,0.84375
784,7.455184630025753,0.05,0.07375475783280067,0.8027777777777778,21.26319063849137,0.05,0.020261468008337318,0.7372448979591837
785,7.455184630025753,0.05,0.05718245732182197,0.8027777777777778,27.63829455717376,0.05,0.02049084886667076,0.81
786,7.455184630025753,0.05,0.04386672218811185,0.8027777777777778,16.078984464558854,0.05,0.21070950453012455,0.7619047619047619
787,12.414240474948414,0.05,0.35856741704164957,0.7372448979591837,27.63829455717376,0.05,0.018962007880289233,0.81
788,7.708720431092668,0.05,0.18507956528172925,0.7619047619047619,27.215368181698807,0.05,0.03931593633436559,0.7372448979591837
789,7.568197748836353,0.05,0.18624327105051072,0.7083333333333334,21.26319063849137,0.05,0.01945096486491482,0.7372448979591837
790,7.455184630025753,0.05,0.07521555060652822,0.8027777777777778,21.26319063849137,0.05,0.018225917062884345,0.7372448979591837
791,7.746051669629016,0.05,0.11484187529512047,0.7083333333333334,26.10429114950955,0.05,0.051203532045489775,0.7788461538461539
792,8.198989825573044,0.05,0.1480919375401706,0.7788461538461539,27.215368181698807,0.05,0.037301114922134025,0.7372448979591837
793,8.198989825573044,0.05,0.16973696741602615,0.7788461538461539,26.024771780862583,0.05,0.21184527337545905,0.7788461538461539
794,6.496236911012107,0.05,0.2947348705925685,0.7372448979591837,21.26319063849137,0.05,0.01709217557590163,0.7372448979591837
795,7.746051669629016,0.05,0.14460814701947516,0.7083333333333334,20.18093220722573,0.05,0.35632459552758916,0.7686170212765957
796,12.049829914638828,0.05,0.3655943567370086,0.7083333333333334,21.26319063849137,0.05,0.032689442084384734,0.7372448979591837
797,7.746051669629016,0.05,0.12451238392161525,0.7083333333333334,19.8618326501228,0.05,0.13405494016743505,0.7372448979591837
798,7.455184630025753,0.05,0.07270399216275635,0.8027777777777778,27.63829455717376,0.05,0.026605548197860842,0.81
799,7.746051669629016,0.05,0.11290350713681786,0.7083333333333334,27.215368181698807,0.05,0.05746883286167296,0.7372448979591837
800,7.3692897028561095,0.05,0.1152437269459674,0.7083333333333334,5.439327679817848,0.05,0.06949240635007319,0.7601351351351351
801,1.8788563931875668,0.05,0.7180489182162768,0.6401515151515151,18.49475520940159,0.05,0.30319352784454456,0.7686170212765957
802,8.884815527728938,0.05,0.19409198087865606,0.81,27.63829455717376,0.05,0.02708256210998794,0.81
803,7.455184630025753,0.05,0.05814659215527507,0.8027777777777778,29.989181875140545,0.05,0.026479150995702465,0.84375
804,7.746051669629016,0.05,0.12105134812337391,0.7083333333333334,18.20555147564524,0.05,0.35488666228444404,0.7686170212765957
805,7.455184630025753,0.05,0.06847958862121123,0.8027777777777778,29.989181875140545,0.05,0.025557470699777016,0.84375
806,7.746051669629016,0.05,0.13367098755077234,0.7083333333333334,15.8694985498827,0.05,0.14417185237790173,0.7272727272727273
807,4.518026829703858,0.05,0.17613257405728985,0.7272727272727273,21.26319063849137,0.05,0.0445718747120832,0.7372448979591837
808,7.708720431092668,0.05,0.29536227140120136,0.7619047619047619,26.629522321145522,0.05,0.09620525599368514,0.81
809,4.386924781598248,0.05,0.3067457996965793,0.7272727272727273,27.215368181698807,0.05,0.03162345364897112,0.7372448979591837
810,7.455184630025753,0.05,0.06983334555847225,0.8027777777777778,27.215368181698807,0.05,0.030084026331393583,0.7372448979591837
811,7.746051669629016,0.05,0.14925902358477594,0.7083333333333334,27.63829455717376,0.05,0.030550313795873203,0.81
812,7.683140456620256,0.05,0.12958847752234706,0.7083333333333334,26.231949772261924,0.05,0.08766693090634285,0.81
813,7.746051669629016,0.05,0.12811018857479325,0.7083333333333334,23.598463165964553,0.05,0.18275592805198693,0.8027777777777778
814,7.455184630025753,0.05,0.06900554777603536,0.8027777777777778,29.989181875140545,0.05,0.03246156256006768,0.84375
815,7.746051669629016,0.05,0.12580166324261147,0.7083333333333334,21.26319063849137,0.05,0.04071810884866963,0.7372448979591837
816,12.414240474948414,0.05,0.3921685686047516,0.7372448979591837,27.215368181698807,0.05,0.059002561922792025,0.7372448979591837
817,8.198989825573044,0.05,0.140705860459091,0.7788461538461539,21.26319063849137,0.05,0.037223576462778664,0.7372448979591837
818,7.746051669629016,0.05,0.12711934394236704,0.7083333333333334,27.215368181698807,0.05,0.033077657398620376,0.7372448979591837
819,7.746051669629016,0.05,0.1172258945412331,0.7083333333333334,27.286888796942442,0.05,0.09335729641228026,0.81
820,1.7393519364080738,0.05,0.09592141165713061,0.6540697674418605,24.035536571358616,0.05,0.08001752765267751,0.7372448979591837
821,7.746051669629016,0.05,0.11996625494950924,0.7083333333333334,21.26319063849137,0.05,0.03405336947748746,0.7372448979591837
822,5.688617022614709,0.05,0.28597487112395775,0.7372448979591837,23.470970093065432,0.05,0.08229008477571015,0.7272727272727273
823,7.455184630025753,0.05,0.05696046480906323,0.8027777777777778,28.349087166506163,0.05,0.019688139054942728,0.84375
824,7.54313295887914,0.05,0.36828646609379334,0.7619047619047619,27.63829455717376,0.05,0.032337469771837525,0.81
825,7.455184630025753,0.05,0.06473979529929186,0.8027777777777778,21.26319063849137,0.05,0.03117600092179614,0.7372448979591837
826,8.198989825573044,0.05,0.13027476686614367,0.7788461538461539,27.63829455717376,0.05,0.02858457462339906,0.81
827,7.455184630025753,0.05,0.05204062368896641,0.8027777777777778,21.26319063849137,0.05,0.02856307401476521,0.7372448979591837
828,7.708720431092668,0.05,0.29561825381067297,0.7619047619047619,23.15640980440642,0.05,0.14176683383899405,0.7372448979591837
829,5.302046754066068,0.05,0.26439019111233286,0.7272727272727273,21.26319063849137,0.05,0.03013037507100728,0.7372448979591837
830,8.710530249270262,0.05,0.3154288258268996,0.7372448979591837,27.215368181698807,0.05,0.03691264098978538,0.7372448979591837
831,4.518026829703858,0.05,0.14719034923269386,0.7272727272727273,27.215368181698807,0.05,0.10405334577531282,0.7372448979591837
832,7.455184630025753,0.05,0.05333580693097998,0.8027777777777778,21.26319063849137,0.05,0.027577893214076887,0.7372448979591837
833,5.749860320295097,0.05,0.20643929294106092,0.7272727272727273,21.26319063849137,0.05,0.02525976149011903,0.7372448979591837
834,7.469519587653461,0.05,0.27641215282007753,0.7372448979591837,27.63829455717376,0.05,0.02903388950071387,0.81
835,1.8788563931875668,0.05,0.9238193675339539,0.6401515151515151,29.989181875140545,0.05,0.026334941859105516,0.84375
836,7.568197748836353,0.05,0.23411477340694611,0.7083333333333334,23.573033168989603,0.05,0.10405907359632839,0.7372448979591837
837,7.746051669629016,0.05,0.18192513827848775,0.7083333333333334,27.63829455717376,0.05,0.025323462127829894,0.81
838,4.518026829703858,0.05,0.22114110796481357,0.7272727272727273,27.63829455717376,0.05,0.0230246173762807,0.81
839,7.746051669629016,0.05,0.20372153420254127,0.7083333333333334,25.1070358422594,0.05,0.04254649433338407,0.8027777777777778
840,7.701304824209535,0.05,0.3768681972059804,0.6666666666666666,27.215368181698807,0.05,0.03841689223513811,0.7372448979591837
841,7.746051669629016,0.05,0.19239705936592147,0.7083333333333334,21.38957253388383,0.05,0.3182617808718122,0.7619047619047619
842,5.869987340402835,0.05,0.06173184238351119,0.7272727272727273,26.840801481871818,0.05,0.07784843151841156,0.7788461538461539
843,8.198989825573044,0.05,0.12567501683828858,0.7788461538461539,17.2992886084424,0.05,0.22292505564345122,0.7619047619047619
844,7.746051669629016,0.05,0.1302411291544923,0.7083333333333334,26.332370026054292,0.05,0.15004925001572111,0.7788461538461539
845,7.455184630025753,0.05,0.021550991902046457,0.8027777777777778,27.215368181698807,0.05,0.037167301318909406,0.7372448979591837
846,4.1638025410791615,0.05,0.0738031758612595,0.7211538461538461,10.551902118024852,0.05,0.16415186733098036,0.7272727272727273
847,5.869987340402835,0.05,0.15992609468266955,0.7272727272727273,27.215368181698807,0.05,0.03443523727323413,0.7372448979591837
848,7.455184630025753,0.05,0.04883897090982007,0.8027777777777778,21.26319063849137,0.05,0.02581109313324063,0.7372448979591837
849,7.746051669629016,0.05,0.13444429417636095,0.7083333333333334,21.26319063849137,0.05,0.02461323944751929,0.7372448979591837
850,6.164041841479269,0.05,0.2059363061916938,0.7372448979591837,9.996061654256902,0.05,0.1303735811714777,0.7619047619047619
851,5.51838679621329,0.05,0.2656168939517005,0.7372448979591837,28.734706942523992,0.05,0.09031560451197358,0.7788461538461539
852,7.455184630025753,0.05,0.019602068893170215,0.8027777777777778,27.215368181698807,0.05,0.03186939553288004,0.7372448979591837
853,7.469519587653461,0.05,0.21648554296503605,0.7372448979591837,21.26319063849137,0.05,0.02342068332332936,0.7372448979591837
854,7.746051669629016,0.05,0.09792105657800045,0.7083333333333334,27.63829455717376,0.05,0.028391238232479195,0.81
855,7.708720431092668,0.05,0.40943706277046454,0.7619047619047619,9.785647614346168,0.05,0.16834939156474396,0.7272727272727273
856,7.708720431092668,0.05,0.40229019284768175,0.7619047619047619,23.491135967375815,0.05,0.23609038770780313,0.7372448979591837
857,4.518026829703858,0.05,0.11095777726422011,0.7272727272727273,27.54430325935583,0.05,0.02515142423097075,0.81
858,7.701304824209535,0.05,0.38466645498380136,0.6666666666666666,23.470970093065432,0.05,0.0800852946139097,0.7272727272727273
859,12.414240474948414,0.05,0.44726634078447075,0.7372448979591837,27.63829455717376,0.05,0.025414059640936588,0.81
860,7.455184630025753,0.05,0.02021876748911915,0.8027777777777778,29.989181875140545,0.05,0.025290014388250022,0.84375
861,8.198989825573044,0.05,0.10586983564658793,0.7788461538461539,27.215368181698807,0.05,0.03273158714761504,0.7372448979591837
862,4.38432174083848,0.05,0.38308138274572284,0.7272727272727273,27.63829455717376,0.05,0.025285476723712477,0.81
863,6.805658110879142,0.05,0.25123322589349956,0.6859756097560976,0.21042722213947362,0.05,1.6873513601661987,0.6428571428571429
864,8.198989825573044,0.05,0.10798929076272303,0.7788461538461539,29.989181875140545,0.05,0.024909115570663776,0.84375
865,14.064514385636862,0.05,0.5223235549206259,0.7788461538461539,21.26319063849137,0.05,0.05036573135243091,0.7372448979591837
866,7.455184630025753,0.05,0.03926885217177453,0.8027777777777778,27.63829455717376,0.05,0.024571699173327737,0.81
867,7.746051669629016,0.05,0.1299915873705715,0.7083333333333334,27.215368181698807,0.05,0.03370125357608903,0.7372448979591837
868,7.455184630025753,0.05,0.03837982404120575,0.8027777777777778,11.574078801181868,0.05,0.14738405859840098,0.6666666666666666
869,7.746051669629016,0.05,0.13106787340113052,0.7083333333333334,27.63829455717376,0.05,0.023663527292894733,0.81
870,7.746051669629016,0.05,0.1278555983607034,0.7083333333333334,11.701202438293425,0.05,0.17691933127899853,0.8401162790697675
871,4.518026829703858,0.05,0.076623158342179,0.7272727272727273,27.215368181698807,0.05,0.03271886137979078,0.7372448979591837
872,3.6904987501799225,0.05,0.18994612035420883,0.7619047619047619,40.09578323057532,0.05,0.4269965505902258,0.81
873,7.708720431092668,0.05,0.37661880155384364,0.7619047619047619,21.26319063849137,0.05,0.048717444452089066,0.7372448979591837
874,7.455184630025753,0.05,0.04652193800782794,0.8027777777777778,27.63829455717376,0.05,0.025256839769816804,0.81
875,5.686060732113775,0.05,0.2734554524035975,0.7372448979591837,27.63829455717376,0.05,0.022949423065038062,0.81
876,7.746051669629016,0.05,0.10318987127466454,0.7083333333333334,27.215368181698807,0.05,0.03347513958478735,0.7372448979591837
877,1.4005494955001652,0.05,0.04774786092966151,0.8035714285714286,25.505356436105043,0.05,0.25868403692692665,0.84375
878,8.542330427846164,0.05,0.16815380446595296,0.7083333333333334,9.996061654256902,0.05,0.0886011569444413,0.7619047619047619
879,8.198989825573044,0.05,0.13030285046716095,0.7788461538461539,28.248982661988794,0.05,0.0764081822300237,0.7083333333333334
880,5.93770159059232,0.05,0.08007317844591375,0.7372448979591837,27.63829455717376,0.05,0.02520815340073928,0.81
881,6.698281558200812,0.05,0.15068986732087125,0.7083333333333334,27.215368181698807,0.05,0.030131242062944225,0.7372448979591837
882,5.688617022614709,0.05,0.27895350615084086,0.7372448979591837,21.26319063849137,0.05,0.04531724282388979,0.7372448979591837
883,6.614216927187189,0.05,0.40454429036969836,0.7211538461538461,27.63829455717376,0.05,0.024935853404283743,0.81
884,7.746051669629016,0.05,0.098893311298955,0.7083333333333334,27.489021514499342,0.05,0.04006526281162675,0.8027777777777778
885,7.746051669629016,0.05,0.1050810789599083,0.7083333333333334,27.63829455717376,0.05,0.024667072761182247,0.81
886,8.187986517320727,0.05,0.22517267284236947,0.8804347826086957,29.85021854008977,0.05,0.1488955480229563,0.84375
887,7.708720431092668,0.05,0.3355877940868629,0.7619047619047619,7.503065452872048,0.05,0.15860877681537838,0.6666666666666666
888,7.708720431092668,0.05,0.3236295255087106,0.7619047619047619,27.215368181698807,0.05,0.029246861123109147,0.7372448979591837
889,5.51838679621329,0.05,0.2914735678734841,0.7372448979591837,27.215368181698807,0.05,0.026660795352337674,0.7372448979591837
890,7.455184630025753,0.05,0.0592024049147336,0.8027777777777778,21.26319063849137,0.05,0.04364920409315376,0.7372448979591837
891,5.869987340402835,0.05,0.1646829973758678,0.7272727272727273,27.215368181698807,0.05,0.024292917802120506,0.7372448979591837
892,7.708720431092668,0.05,0.36684482276246905,0.7619047619047619,27.215368181698807,0.05,0.022125767377652816,0.7372448979591837
893,7.746051669629016,0.05,0.15208918053424117,0.7083333333333334,17.2992886084424,0.05,0.27348640815393377,0.7619047619047619
894,7.746051669629016,0.05,0.15065080066428074,0.7083333333333334,27.63829455717376,0.05,0.035464361849044924,0.81
895,7.746051669629016,0.05,0.14070569652944973,0.7083333333333334,27.63829455717376,0.05,0.03179633707258911,0.81
896,7.455184630025753,0.05,0.08851382938744064,0.8027777777777778,27.215368181698807,0.05,0.026560001633200565,0.7372448979591837
897,7.746051669629016,0.05,0.1310859651922814,0.7083333333333334,17.19173256301971,0.05,0.23725770837276416,0.7686170212765957
898,7.706612507307522,0.05,0.11748327341134539,0.8027777777777778,25.677460503337926,0.05,0.19100482901615093,0.84375
899,7.746051669629016,0.05,0.12958211308457013,0.7083333333333334,27.215368181698807,0.05,0.1026219145504786,0.7372448979591837
900,7.40218840004104,0.05,0.1713090976787548,0.7083333333333334,23.065070616065718,0.05,0.08625115287115277,0.7372448979591837
901,2.888798339180353,0.05,0.30610136753127015,0.7211538461538461,8.4301032573092,0.05,0.10136059521911434,0.8035714285714286
902,8.187986517320727,0.05,0.15654810577585174,0.8804347826086957,26.49613535308521,0.05,0.0828256133242988,0.81
903,5.93770159059232,0.05,0.18193493460491758,0.7372448979591837,6.309327624079869,0.05,0.07458357914981928,0.6666666666666666
904,7.455184630025753,0.05,0.0904059242093001,0.8027777777777778,27.215368181698807,0.05,0.028210486980376426,0.7372448979591837
905,7.85429612255369,0.05,0.17999622232881435,0.7788461538461539,27.63829455717376,0.05,0.03263775211833827,0.81
906,7.455184630025753,0.05,0.10431791814220526,0.8027777777777778,27.215368181698807,0.05,0.02865821999080335,0.7372448979591837
907,7.708720431092668,0.05,0.32415884552106317,0.7619047619047619,29.989181875140545,0.05,0.036164914268327894,0.84375
908,6.194831049814719,0.05,0.2659944612909066,0.8027777777777778,29.989181875140545,0.05,0.03511437304518515,0.84375
909,7.746051669629016,0.05,0.07048834536369204,0.7083333333333334,27.215368181698807,0.05,0.026229555275193772,0.7372448979591837
910,7.746051669629016,0.05,0.07077615393098469,0.7083333333333334,27.215368181698807,0.05,0.023995429591940676,0.7372448979591837
911,8.198989825573044,0.05,0.12734420259157236,0.7788461538461539,27.3365467078988,0.05,0.06338793986410012,0.8027777777777778
912,8.198989825573044,0.05,0.12704163916885183,0.7788461538461539,29.989181875140545,0.05,0.03408436807917346,0.84375
913,7.404022946562485,0.05,0.12349259748938403,0.8401162790697675,2.912037929920335,0.05,0.22225315932156683,0.6447368421052632
914,11.21885495655603,0.05,0.574095358817115,0.7686170212765957,27.63829455717376,0.05,0.04133416572248562,0.81
915,7.746051669629016,0.05,0.05857981898569864,0.7083333333333334,21.26319063849137,0.05,0.05329292904796815,0.7372448979591837
916,7.455184630025753,0.05,0.09644535703327646,0.8027777777777778,26.46226343393879,0.05,0.03390581190416364,0.7686170212765957
917,7.708720431092668,0.05,0.3075744608341266,0.7619047619047619,29.989181875140545,0.05,0.033089077524070386,0.84375
918,4.740980180142408,0.05,0.13735933959297827,0.6666666666666666,27.215368181698807,0.05,0.02110228443214927,0.7372448979591837
919,7.708720431092668,0.05,0.29273600901404306,0.7619047619047619,21.26319063849137,0.05,0.04915357831403677,0.7372448979591837
920,7.455184630025753,0.05,0.10270612673608,0.8027777777777778,27.63829455717376,0.05,0.0404496884471797,0.81
921,7.455184630025753,0.05,0.08846609074010954,0.8027777777777778,24.112050463407112,0.05,0.19334267238869426,0.84375
922,7.746051669629016,0.05,0.06655589291735257,0.7083333333333334,27.215368181698807,0.05,0.022184600823067686,0.7372448979591837
923,7.708720431092668,0.05,0.29836985614661815,0.7619047619047619,21.26319063849137,0.05,0.045299288026980467,0.7372448979591837
924,7.708720431092668,0.05,0.272796973437194,0.7619047619047619,27.63829455717376,0.05,0.03683878127752812,0.81
925,7.746051669629016,0.05,0.05628228265863031,0.7083333333333334,19.001951137483,0.05,0.09531785466170915,0.8027777777777778
926,7.455184630025753,0.05,0.08879827188277452,0.8027777777777778,27.63829455717376,0.05,0.029658598445905078,0.81
927,7.708720431092668,0.05,0.2610143113012978,0.7619047619047619,7.296986597477408,0.05,0.09912811991490696,0.7601351351351351
928,3.621705743737477,0.05,0.2796641699850375,0.6540697674418605,29.095664229475027,0.05,0.03902640974080281,0.81
929,2.1252324368063533,0.05,0.06764864466455633,0.8035714285714286,19.171180907659377,0.05,0.13504143878681057,0.6666666666666666
930,7.455184630025753,0.05,0.09229464778452766,0.8027777777777778,27.63829455717376,0.05,0.02849616935871402,0.81
931,7.455184630025753,0.05,0.09471656444152114,0.8027777777777778,27.215368181698807,0.05,0.02962950219419776,0.7372448979591837
932,7.708720431092668,0.05,0.26534695295447663,0.7619047619047619,29.989181875140545,0.05,0.030605353173744115,0.84375
933,7.746051669629016,0.05,0.0911470010843245,0.7083333333333334,27.63829455717376,0.05,0.028926867153247056,0.81
934,5.459625702763426,0.05,0.10654587306800439,0.7083333333333334,25.677460503337926,0.05,0.2643165786374465,0.84375
935,7.746051669629016,0.05,0.1119620979229352,0.7083333333333334,27.215368181698807,0.05,0.0437820310325131,0.7372448979591837
936,3.1689653612941555,0.05,0.13322882054904275,0.6666666666666666,17.19173256301971,0.05,0.2289939137615553,0.7686170212765957
937,7.708720431092668,0.05,0.25890882446745034,0.7619047619047619,13.14365409602694,0.05,0.1461936743563752,0.8401162790697675
938,7.455184630025753,0.05,0.10654231288448024,0.8027777777777778,21.26319063849137,0.05,0.05148022250761811,0.7372448979591837
939,8.198989825573044,0.05,0.10223835706248059,0.7788461538461539,29.989181875140545,0.05,0.029624251343859247,0.84375
940,2.07190221220194,0.05,0.08628272091761661,0.6447368421052632,29.989181875140545,0.05,0.028614218093313864,0.84375
941,7.708720431092668,0.05,0.2371049419475868,0.7619047619047619,27.215368181698807,0.05,0.041560720950053774,0.7372448979591837
942,7.455184630025753,0.05,0.13544803272867498,0.8027777777777778,19.422886060435268,0.05,0.155350082424656,0.8027777777777778
943,7.455184630025753,0.05,0.11537724846880733,0.8027777777777778,27.215368181698807,0.05,0.03823259214872184,0.7372448979591837
944,7.455184630025753,0.05,0.10097563400781401,0.8027777777777778,27.215368181698807,0.05,0.0343683132736455,0.7372448979591837
945,5.285384269802423,0.05,0.1801184165943872,0.7686170212765957,9.996061654256902,0.05,0.0900050888307546,0.7619047619047619
946,7.701304824209535,0.05,0.19412697216048733,0.6666666666666666,27.215368181698807,0.05,0.03089403489401199,0.7372448979591837
947,7.708720431092668,0.05,0.22844623472957384,0.7619047619047619,21.26319063849137,0.05,0.04711859547375552,0.7372448979591837
948,7.40218840004104,0.05,0.18906223331461466,0.7083333333333334,23.065070616065718,0.05,0.08506078101497656,0.7372448979591837
949,9.86433488026277,0.05,0.4044647181266397,0.7083333333333334,27.215368181698807,0.05,0.028023734296968694,0.7372448979591837
950,5.869987340402835,0.05,0.1876455065335026,0.7272727272727273,26.49613535308521,0.05,0.08108820230559692,0.81
951,6.499599508422116,0.05,0.1280526207768057,0.7686170212765957,27.215368181698807,0.05,0.02718461994980755,0.7372448979591837
952,7.455184630025753,0.05,0.18655413605439555,0.8027777777777778,2.912037929920335,0.05,0.199182847626682,0.6447368421052632
953,7.708720431092668,0.05,0.20740835791095255,0.7619047619047619,27.63829455717376,0.05,0.03332973023761258,0.81
954,8.198989825573044,0.05,0.10714269341697369,0.7788461538461539,29.989181875140545,0.05,0.027799730450038744,0.84375
955,7.455184630025753,0.05,0.19143419506308268,0.8027777777777778,21.901899019651253,0.05,0.1174941481712998,0.6540697674418605
956,8.198989825573044,0.05,0.09959786479643014,0.7788461538461539,25.53755293734313,0.05,0.27738774398544186,0.84375
957,7.746051669629016,0.05,0.17788153363194292,0.7083333333333334,3.5326726446515964,0.05,0.21696387008393084,0.6805555555555556
958,7.708720431092668,0.05,0.21311820027365896,0.7619047619047619,27.215368181698807,0.05,0.03139984954929742,0.7372448979591837
959,8.198989825573044,0.05,0.08644713437177143,0.7788461538461539,27.215368181698807,0.05,0.02756097233869681,0.7372448979591837
960,10.399335568760112,0.05,0.22122457560325548,0.7372448979591837,23.573033168989603,0.05,0.10293069059129163,0.7372448979591837
961,7.455184630025753,0.05,0.13870726719166135,0.8027777777777778,26.444040851556867,0.05,0.17361953623668486,0.7788461538461539
962,7.746051669629016,0.05,0.12395822208235895,0.7083333333333334,11.574078801181868,0.05,0.1438767604061954,0.6666666666666666
963,7.746051669629016,0.05,0.120054174187066,0.7083333333333334,19.779702056096898,0.05,0.06650484810484385,0.6666666666666666
964,7.746051669629016,0.05,0.12261701100944548,0.7083333333333334,29.00816899055027,0.05,0.09656546702166227,0.7788461538461539
965,4.1638025410791615,0.05,0.21557837389923085,0.7211538461538461,21.26319063849137,0.05,0.05117342407617317,0.7372448979591837
966,4.2794607036674615,0.05,0.29500325556411844,0.6540697674418605,7.4171427268843155,0.05,0.08991300658310349,0.6956521739130435
967,4.518026829703858,0.05,0.2316179949737712,0.7272727272727273,23.470970093065432,0.05,0.06614538549196407,0.7272727272727273
968,7.455184630025753,0.05,0.13957664862614366,0.8027777777777778,18.757525372939885,0.05,0.06282845252819017,0.7272727272727273
969,7.746051669629016,0.05,0.18898302241861845,0.7083333333333334,29.989181875140545,0.05,0.03416589931295756,0.84375
970,7.708720431092668,0.05,0.21542720681684985,0.7619047619047619,27.215368181698807,0.05,0.024147439127079506,0.7372448979591837
971,7.455184630025753,0.05,0.08068180071622719,0.8027777777777778,27.215368181698807,0.05,0.02124628163161979,0.7372448979591837
972,7.455184630025753,0.05,0.0678451095031474,0.8027777777777778,20.436832947970984,0.05,0.13440487425154488,0.8027777777777778
973,4.754611854073723,0.05,0.20728565210217065,0.7272727272727273,28.248982661988794,0.05,0.06005654123497661,0.7083333333333334
974,7.708720431092668,0.05,0.206501567264085,0.7619047619047619,27.63829455717376,0.05,0.03970551448870939,0.81
975,7.455184630025753,0.05,0.07982269081934339,0.8027777777777778,21.26319063849137,0.05,0.04468749748569371,0.7372448979591837
976,7.75701021626184,0.05,0.1866244520992353,0.8401162790697675,14.61846907926835,0.05,0.12130674882072337,0.7272727272727273
977,7.746051669629016,0.05,0.17870090737135427,0.7083333333333334,26.231949772261924,0.05,0.09123973162207055,0.81
978,3.5850705196993076,0.05,0.19768782531896836,0.7272727272727273,21.26319063849137,0.05,0.04095313538029621,0.7372448979591837
979,7.455184630025753,0.05,0.12793580860937123,0.8027777777777778,19.25417578615879,0.05,0.2707762042622227,0.7686170212765957
980,8.198989825573044,0.05,0.10383306213925372,0.7788461538461539,21.95084215870271,0.05,0.2053109067839142,0.7686170212765957
981,7.708720431092668,0.05,0.21950415772375725,0.7619047619047619,23.470970093065432,0.05,0.07408763243473665,0.7272727272727273
982,13.00889374426748,0.05,0.2691408011472154,0.7788461538461539,17.52708848155667,0.05,0.11811712918157513,0.625
983,7.746051669629016,0.05,0.20279216243327539,0.7083333333333334,31.541764868636303,0.05,0.15521745358862885,0.7788461538461539
984,7.708720431092668,0.05,0.20044978049441026,0.7619047619047619,21.26319063849137,0.05,0.0449202826309385,0.7372448979591837
985,7.746051669629016,0.05,0.18956353716117794,0.7083333333333334,21.26319063849137,0.05,0.040687890911453715,0.7372448979591837
986,7.478355472733506,0.05,0.12355479917658878,0.8027777777777778,19.25417578615879,0.05,0.24934389563543266,0.7686170212765957
987,6.681234672790872,0.05,0.1704570413237599,0.8,21.26319063849137,0.05,0.03682850505806049,0.7372448979591837
988,11.775392209532342,0.05,0.24798673537402652,0.7083333333333334,28.248982661988794,0.05,0.08439986635925079,0.7083333333333334
989,7.746051669629016,0.05,0.20233965567755155,0.7083333333333334,27.63829455717376,0.05,0.01772137350021536,0.81
990,8.198989825573044,0.05,0.11671475520610618,0.7788461538461539,21.26319063849137,0.05,0.033318237427731066,0.7372448979591837
991,5.93770159059232,0.05,0.17804037541737636,0.7372448979591837,28.248982661988794,0.05,0.08086290694783103,0.7083333333333334
992,7.163061914081306,0.05,0.1517846151037375,0.7619047619047619,27.63829455717376,0.05,0.019052930784990103,0.81
993,7.708720431092668,0.05,0.1547395698819188,0.7619047619047619,28.248982661988794,0.05,0.07784454947343523,0.7083333333333334
994,7.746051669629016,0.05,0.21136403529838224,0.7083333333333334,25.53755293734313,0.05,0.25978080006160986,0.84375
995,7.455184630025753,0.05,0.09541094604732465,0.8027777777777778,17.52708848155667,0.05,0.10090878941167991,0.625
996,6.805658110879142,0.05,0.1356125029142824,0.6859756097560976,21.26319063849137,0.05,0.042337899656188394,0.7372448979591837
997,12.414240474948414,0.05,0.44798139437202433,0.7372448979591837,21.26319063849137,0.05,0.03738436163174156,0.7372448979591837
998,7.746051669629016,0.05,0.17511606398569543,0.7083333333333334,8.548524765993765,0.05,0.12256506269513892,0.7272727272727273
999,7.746051669629016,0.05,0.16025023714159284,0.7083333333333334,28.248982661988794,0.05,0.07430473304746933,0.7083333333333334
1000,8.198989825573044,0.05,0.1137008442881832,0.7788461538461539,9.627424221282253,0.05,0.08157306329014476,0.8
1001,3.6708413993329043,0.05,0.27151506346977794,0.7211538461538461,21.838485012952464,0.05,0.17419230231415972,0.7083333333333334
1002,7.746051669629016,0.05,0.18756875668052952,0.7083333333333334,21.26319063849137,0.05,0.03962896260822043,0.7372448979591837
1003,7.455184630025753,0.05,0.09593439119111247,0.8027777777777778,21.26319063849137,0.05,0.035104779500643356,0.7372448979591837
1004,7.708720431092668,0.05,0.1601151013339955,0.7619047619047619,19.296503437959156,0.05,0.05562323407474388,0.7619047619047619
1005,7.455184630025753,0.05,0.08382644920866171,0.8027777777777778,28.248982661988794,0.05,0.07080142324271656,0.7083333333333334
1006,7.708720431092668,0.05,0.16153731657084885,0.7619047619047619,29.989181875140545,0.05,0.14512920059782464,0.84375
1007,7.708720431092668,0.05,0.15143935416634163,0.7619047619047619,21.26319063849137,0.05,0.029377408869991,0.7372448979591837
1008,7.708720431092668,0.05,0.15634141088567505,0.7619047619047619,27.304785979720705,0.05,0.14131692958938885,0.81
1009,7.746051669629016,0.05,0.17700773415257168,0.7083333333333334,29.851145995130288,0.05,0.09086358231947027,0.7372448979591837
1010,12.414240474948414,0.05,0.5501693679031563,0.7372448979591837,27.63829455717376,0.05,0.026710878225303634,0.81
1011,8.198989825573044,0.05,0.09584143009212805,0.7788461538461539,27.63829455717376,0.05,0.024591887201430542,0.81
1012,5.869987340402835,0.05,0.12733994590913983,0.7272727272727273,27.355194341571902,0.05,0.11499124932052625,0.7372448979591837
1013,7.5914429869223685,0.05,0.14459770437409064,0.7619047619047619,28.248982661988794,0.05,0.0655688558392521,0.7083333333333334
1014,7.708720431092668,0.05,0.1512422217027985,0.7619047619047619,21.26319063849137,0.05,0.026014962068835468,0.7372448979591837
1015,5.660795166139785,0.05,0.21404969617333663,0.7272727272727273,24.853037010717973,0.05,0.10443962620643303,0.7083333333333334
1016,12.414240474948414,0.05,0.2869803805660534,0.7372448979591837,21.26319063849137,0.05,0.023182432697434068,0.7372448979591837
1017,7.708720431092668,0.05,0.15645829647244117,0.7619047619047619,26.568001046199797,0.05,0.10207915422104293,0.7083333333333334
1018,7.725753623825544,0.05,0.10522922715061005,0.81,21.26319063849137,0.05,0.021544094534268605,0.7372448979591837
1019,7.708720431092668,0.05,0.14720625756287706,0.7619047619047619,27.63829455717376,0.05,0.0298103450670782,0.81
1020,7.455184630025753,0.05,0.11020066769631605,0.8027777777777778,13.14365409602694,0.05,0.13002146910057036,0.8401162790697675
1021,7.708720431092668,0.05,0.13379707295489376,0.7619047619047619,28.248982661988794,0.05,0.06135939129831756,0.7083333333333334
1022,8.166259483320113,0.05,0.34025314022503306,0.7788461538461539,9.627424221282253,0.05,0.07757481389285384,0.8
1023,7.455184630025753,0.05,0.11591917334681763,0.8027777777777778,28.248982661988794,0.05,0.05905267482634894,0.7083333333333334
1024,7.746051669629016,0.05,0.16963250537694055,0.7083333333333334,26.840801481871818,0.05,0.07888470499774389,0.7788461538461539
1025,7.746051669629016,0.05,0.17113295058724046,0.7083333333333334,28.248982661988794,0.05,0.05917539093450883,0.7083333333333334
1026,7.708720431092668,0.05,0.13279688371932025,0.7619047619047619,28.349087166506163,0.05,0.034116360958633365,0.84375
1027,7.708720431092668,0.05,0.12503722587274374,0.7619047619047619,28.248982661988794,0.05,0.056797322901101156,0.7083333333333334
1028,7.746051669629016,0.05,0.15079728447430715,0.7083333333333334,29.989181875140545,0.05,0.041081898331163984,0.84375
1029,6.195005592120458,0.05,0.09022244303639819,0.6666666666666666,31.936215227016397,0.05,0.40189692223987994,0.81
1030,7.708720431092668,0.05,0.08249344348308991,0.7619047619047619,27.63829455717376,0.05,0.03140034614029906,0.81
1031,8.198989825573044,0.05,0.09971934046462948,0.7788461538461539,28.099093300852854,0.05,0.06656897512722551,0.7372448979591837
1032,7.460541899937581,0.05,0.08855091617913995,0.7272727272727273,19.25417578615879,0.05,0.2755827774693697,0.7686170212765957
1033,7.746051669629016,0.05,0.15735559427843207,0.7083333333333334,27.63829455717376,0.05,0.017158323448051016,0.81
1034,7.746051669629016,0.05,0.13514113294428395,0.7083333333333334,27.63829455717376,0.05,0.01590129421487498,0.81
1035,3.1041479403104875,0.05,0.1573859409926786,0.8,28.248982661988794,0.05,0.0719905294897603,0.7083333333333334
1036,1.8788563931875668,0.05,0.357014598662416,0.6401515151515151,28.248982661988794,0.05,0.0679392700727006,0.7083333333333334
1037,7.746051669629016,0.05,0.1788608763372194,0.7083333333333334,27.355194341571902,0.05,0.11708909179247323,0.7372448979591837
1038,7.746051669629016,0.05,0.164219110974664,0.7083333333333334,21.26319063849137,0.05,0.02005476945991695,0.7372448979591837
1039,7.708720431092668,0.05,0.17920825654888475,0.7619047619047619,28.248982661988794,0.05,0.06085219003683088,0.7083333333333334
1040,7.746051669629016,0.05,0.15608064773114125,0.7083333333333334,2.912037929920335,0.05,0.20558598376911888,0.6447368421052632
1041,3.446987564210596,0.05,0.07703253757144918,0.8,21.26319063849137,0.05,0.018700462376791016,0.7372448979591837
1042,7.54313295887914,0.05,0.19639897840893353,0.7619047619047619,21.901899019651253,0.05,0.1613349903138706,0.6540697674418605
1043,14.064514385636862,0.05,0.6808235145359542,0.7788461538461539,29.989181875140545,0.05,0.03900445095932909,0.84375
1044,7.384143905628003,0.05,0.14154952653773653,0.7686170212765957,28.248982661988794,0.05,0.05539142421173763,0.7083333333333334
1045,7.746051669629016,0.05,0.15749883261239614,0.7083333333333334,27.63829455717376,0.05,0.030508067164995194,0.81
1046,3.621705743737477,0.05,0.24001559946653683,0.6540697674418605,21.26319063849137,0.05,0.01746814580066362,0.7372448979591837
1047,7.708720431092668,0.05,0.1563527564482815,0.7619047619047619,18.037345961372594,0.05,0.1449360202786259,0.8027777777777778
1048,8.198989825573044,0.05,0.07823675438920329,0.7788461538461539,21.26319063849137,0.05,0.016446859026299648,0.7372448979591837
1049,7.455184630025753,0.05,0.08015553232780569,0.8027777777777778,8.716585516148687,0.05,0.14893222796034683,0.7272727272727273
1050,7.455184630025753,0.05,0.08832776157041848,0.8027777777777778,29.989181875140545,0.05,0.03703674213656421,0.84375
1051,6.939976472024257,0.05,0.07205553954626041,0.7372448979591837,26.332370026054292,0.05,0.15405146010203283,0.7788461538461539
1052,7.708720431092668,0.05,0.14550097598316164,0.7619047619047619,28.248982661988794,0.05,0.05246682477872422,0.7083333333333334
1053,7.706612507307522,0.05,0.12174255691734677,0.8027777777777778,25.41893201148345,0.05,0.06110930840004847,0.7372448979591837
1054,7.746051669629016,0.05,0.1895467745428349,0.7083333333333334,29.989181875140545,0.05,0.03396746534770451,0.84375
1055,7.746051669629016,0.05,0.17358482118528415,0.7083333333333334,26.568001046199797,0.05,0.10228705211683975,0.7083333333333334
1056,7.746051669629016,0.05,0.15696947647973497,0.7083333333333334,29.78357468450787,0.05,0.1638262580719495,0.7372448979591837
1057,7.182911500498941,0.05,0.1457283818960118,0.7619047619047619,25.638941915060737,0.05,0.0580971502854424,0.7083333333333334
1058,7.708720431092668,0.05,0.1200892642757169,0.7619047619047619,27.63829455717376,0.05,0.03274150816230326,0.81
1059,7.746051669629016,0.05,0.14879212414867435,0.7083333333333334,25.677460503337926,0.05,0.24931568878821683,0.84375
1060,7.746051669629016,0.05,0.13884358265985375,0.7083333333333334,29.989181875140545,0.05,0.032402075803862215,0.84375
1061,8.198989825573044,0.05,0.07212384843636148,0.7788461538461539,21.838485012952464,0.05,0.17178468139616668,0.7083333333333334
1062,7.455184630025753,0.05,0.08552033672006543,0.8027777777777778,28.248982661988794,0.05,0.0665985450360486,0.7083333333333334
1063,7.455184630025753,0.05,0.09264573569084807,0.8027777777777778,27.63829455717376,0.05,0.020791998916357062,0.81
1064,7.455184630025753,0.05,0.07496759736311573,0.8027777777777778,14.082988199130444,0.05,0.13365333223705075,0.7619047619047619
1065,7.746051669629016,0.05,0.13277728105467354,0.7083333333333334,28.248982661988794,0.05,0.05971435498268115,0.7083333333333334
1066,3.0491622103032845,0.05,0.229723443358068,0.7601351351351351,28.248982661988794,0.05,0.055969159563578695,0.7083333333333334
1067,3.417295775827605,0.05,0.14656062035455292,0.6666666666666666,28.248982661988794,0.05,0.05252762929648228,0.7083333333333334
1068,5.93770159059232,0.05,0.13187154526506076,0.7372448979591837,27.63829455717376,0.05,0.03070620585336286,0.81
1069,7.708720431092668,0.05,0.12040961851847073,0.7619047619047619,24.71667584405333,0.05,0.20938275243927182,0.84375
1070,7.436554118561369,0.05,0.08146975704934993,0.8027777777777778,28.105454756353044,0.05,0.05562394195829582,0.7083333333333334
1071,6.805658110879142,0.05,0.21454726202282554,0.6859756097560976,26.024771780862583,0.05,0.15664650821044204,0.7788461538461539
1072,4.648209058161678,0.05,0.21534678159750323,0.7372448979591837,21.26319063849137,0.05,0.025503157793409354,0.7372448979591837
1073,7.746051669629016,0.05,0.14532347989876618,0.7083333333333334,17.99761755928914,0.05,0.06069644349638509,0.7619047619047619
1074,7.746051669629016,0.05,0.14088393611387628,0.7083333333333334,27.63829455717376,0.05,0.026660291754936245,0.81
1075,7.708720431092668,0.05,0.11409615446201629,0.7619047619047619,28.248982661988794,0.05,0.055415175780336355,0.7083333333333334
1076,5.302046754066068,0.05,0.2676568850581813,0.7272727272727273,27.63829455717376,0.05,0.02743923458517889,0.81
1077,7.455184630025753,0.05,0.10264949406328035,0.8027777777777778,28.248982661988794,0.05,0.05405271219823502,0.7083333333333334
1078,7.708720431092668,0.05,0.11984963092175546,0.7619047619047619,16.078984464558854,0.05,0.18925817008451604,0.7619047619047619
1079,8.198989825573044,0.05,0.08825532591110345,0.7788461538461539,28.734706942523992,0.05,0.10627920176001966,0.7788461538461539
1080,7.746051669629016,0.05,0.13663137480966603,0.7083333333333334,27.63829455717376,0.05,0.02827399881851706,0.81
1081,7.746051669629016,0.05,0.12156817437756927,0.7083333333333334,3.5326726446515964,0.05,0.20137100242526376,0.6805555555555556
1082,2.9420102101558494,0.05,0.3561989284849413,0.6540697674418605,27.63829455717376,0.05,0.026042174404209577,0.81
1083,2.399258879323116,0.05,0.15690985376030508,0.6447368421052632,21.26319063849137,0.05,0.02273978310315024,0.7372448979591837
1084,7.746051669629016,0.05,0.13557774604242678,0.7083333333333334,21.824433996376854,0.05,0.1834490737070209,0.81
1085,7.746051669629016,0.05,0.13658799522105508,0.7083333333333334,10.239233661843544,0.05,0.16271786222834966,0.8
1086,7.708720431092668,0.05,0.12463992660835674,0.7619047619047619,20.262166878541645,0.05,0.014644273218628009,0.7372448979591837
1087,7.383131109929516,0.05,0.05150030221091636,0.8027777777777778,29.989181875140545,0.05,0.03029337917910167,0.84375
1088,7.455184630025753,0.05,0.05818649444970786,0.8027777777777778,28.248982661988794,0.05,0.05495148580813963,0.7083333333333334
1089,7.746051669629016,0.05,0.11653306235903167,0.7083333333333334,28.248982661988794,0.05,0.05123073378785362,0.7083333333333334
1090,7.85429612255369,0.05,0.1253202714982386,0.7788461538461539,19.518103210737063,0.05,0.28058440208560315,0.7083333333333334
1091,7.746051669629016,0.05,0.12070128910823678,0.7083333333333334,26.444040851556867,0.05,0.16540718137884308,0.7788461538461539
1092,6.411027770720398,0.05,0.13808940762244856,0.8027777777777778,26.89856729179969,0.05,0.07024514308960218,0.7686170212765957
1093,1.45039018021615,0.05,0.203781226392699,0.7211538461538461,21.26319063849137,0.05,0.02099307917256203,0.7372448979591837
1094,7.746051669629016,0.05,0.1257990064933793,0.7083333333333334,28.248982661988794,0.05,0.04785476012887644,0.7083333333333334
1095,8.198989825573044,0.05,0.10222757094222455,0.7788461538461539,27.63829455717376,0.05,0.03236726581914838,0.81
1096,7.708720431092668,0.05,0.10944595780847013,0.7619047619047619,28.248982661988794,0.05,0.04761079736317323,0.7083333333333334
1097,8.198989825573044,0.05,0.09341806730749681,0.7788461538461539,28.248982661988794,0.05,0.04440303688713163,0.7083333333333334
1098,7.708720431092668,0.05,0.09923891805505922,0.7619047619047619,24.035536571358616,0.05,0.09445973188286698,0.7372448979591837
1099,7.746051669629016,0.05,0.1201559399254873,0.7083333333333334,21.26319063849137,0.05,0.019484764815887085,0.7372448979591837
1100,7.708720431092668,0.05,0.11124993241782169,0.7619047619047619,27.63829455717376,0.05,0.036280366227974134,0.81
1101,7.746051669629016,0.05,0.1112272839465503,0.7083333333333334,28.248982661988794,0.05,0.04767677509727212,0.7083333333333334
1102,5.51838679621329,0.05,0.12963022052332454,0.7372448979591837,29.788491238963417,0.05,0.11240416061004972,0.84375
1103,6.965950018342787,0.05,0.13144473159173786,0.7083333333333334,20.895447130412787,0.05,0.15925867689957296,0.7083333333333334
1104,7.746051669629016,0.05,0.12501183625969395,0.7083333333333334,17.2992886084424,0.05,0.2635238761716119,0.7619047619047619
1105,6.891667010318488,0.05,0.20840410900737535,0.7372448979591837,23.995030536447487,0.05,0.1650255880842921,0.84375
1106,7.746051669629016,0.05,0.11664420673624036,0.7083333333333334,28.248982661988794,0.05,0.05075569399515004,0.7083333333333334
1107,7.701304824209535,0.05,0.07551280408644294,0.6666666666666666,29.989181875140545,0.05,0.03344865542228751,0.84375
1108,7.708720431092668,0.05,0.06438940992042988,0.7619047619047619,21.26319063849137,0.05,0.018448729173626204,0.7372448979591837
1109,7.455184630025753,0.05,0.051897242255745706,0.8027777777777778,28.248982661988794,0.05,0.048043533713187946,0.7083333333333334
1110,7.708720431092668,0.05,0.05783948489672117,0.7619047619047619,27.63829455717376,0.05,0.03835438797464298,0.81
1111,7.40218840004104,0.05,0.19791809580260408,0.7083333333333334,28.099093300852854,0.05,0.05830238546472402,0.7372448979591837
1112,7.746051669629016,0.05,0.12357463420700344,0.7083333333333334,29.00816899055027,0.05,0.09083357790876782,0.7788461538461539
1113,5.302046754066068,0.05,0.2850654321084263,0.7272727272727273,22.098331608604585,0.05,0.11055165291000207,0.8401162790697675
1114,7.163061914081306,0.05,0.053881065145965024,0.7619047619047619,29.989181875140545,0.05,0.03143440302987065,0.84375
1115,7.708720431092668,0.05,0.03843504042396504,0.7619047619047619,25.53755293734313,0.05,0.24852411378786493,0.84375
1116,8.198989825573044,0.05,0.0785302621980196,0.7788461538461539,34.658715275131,0.05,0.33105831549477394,0.81
1117,7.455184630025753,0.05,0.05345506447199952,0.8027777777777778,28.248982661988794,0.05,0.14495510392598332,0.7083333333333334
1118,7.746051669629016,0.05,0.12682123692164018,0.7083333333333334,28.248982661988794,0.05,0.047027583769223946,0.7083333333333334
1119,5.866916813093028,0.05,0.09005190026447998,0.7619047619047619,24.10135738803332,0.05,0.13438703750607334,0.7083333333333334
1120,7.455184630025753,0.05,0.06116700943884395,0.8027777777777778,22.94372397819061,0.05,0.10036077359347978,0.7686170212765957
1121,7.746051669629016,0.05,0.12851554846393332,0.7083333333333334,25.638941915060737,0.05,0.054266316417778675,0.7083333333333334
1122,4.754611854073723,0.05,0.15003415506039636,0.7272727272727273,27.518834212980174,0.05,0.07023782986823529,0.7372448979591837
1123,7.746051669629016,0.05,0.11637902640075766,0.7083333333333334,6.309327624079869,0.05,0.0746089230813789,0.6666666666666666
1124,7.85429612255369,0.05,0.11722261364078514,0.7788461538461539,24.10135738803332,0.05,0.11923927760494413,0.7083333333333334
1125,7.708720431092668,0.05,0.04533213782482718,0.7619047619047619,28.248982661988794,0.05,0.04627037259133471,0.7083333333333334
1126,7.746051669629016,0.05,0.0971336608510562,0.7083333333333334,23.96292121209641,0.05,0.13540801996462629,0.8027777777777778
1127,6.095166332963434,0.05,0.1091488243871938,0.7686170212765957,21.26319063849137,0.05,0.026401440708931207,0.7372448979591837
1128,8.198989825573044,0.05,0.07703413258841149,0.7788461538461539,21.26319063849137,0.05,0.02434221078183733,0.7372448979591837
1129,7.708720431092668,0.05,0.1140751766127401,0.7619047619047619,27.63829455717376,0.05,0.039126284589948206,0.81
1130,7.455184630025753,0.05,0.048067725044775876,0.8027777777777778,21.26319063849137,0.05,0.022474074268484506,0.7372448979591837
1131,7.708720431092668,0.05,0.05004502064826675,0.7619047619047619,27.63829455717376,0.05,0.03445864113482384,0.81
1132,7.455184630025753,0.05,0.037695450356093556,0.8027777777777778,27.63829455717376,0.05,0.0303840627279711,0.81
1133,7.746051669629016,0.05,0.10457533518712363,0.7083333333333334,28.248982661988794,0.05,0.05463065694257502,0.7083333333333334
1134,7.455184630025753,0.05,0.03170539627928174,0.8027777777777778,28.248982661988794,0.05,0.05028061902168703,0.7083333333333334
1135,7.708720431092668,0.05,0.05436255712845367,0.7619047619047619,28.248982661988794,0.05,0.04663878944793276,0.7083333333333334
1136,5.749860320295097,0.05,0.21212995721573194,0.7272727272727273,28.248982661988794,0.05,0.04348922617175335,0.7083333333333334
1137,7.54313295887914,0.05,0.11886934118930426,0.7619047619047619,27.601752390878637,0.05,0.18658813848709793,0.81
1138,7.455184630025753,0.05,0.07412943569560092,0.8027777777777778,28.798720218440117,0.05,0.11775039831367273,0.81
1139,4.386924781598248,0.05,0.22326969879036537,0.7272727272727273,29.989181875140545,0.05,0.032530627085047045,0.84375
1140,4.360142004493037,0.05,0.11723183661123832,0.8810975609756098,21.26319063849137,0.05,0.02077746364948052,0.7372448979591837
1141,5.459625702763426,0.05,0.15971030223831664,0.7083333333333334,27.63829455717376,0.05,0.04693623347090333,0.81
1142,2.888798339180353,0.05,0.13901194036271963,0.7211538461538461,19.49295025643304,0.05,0.04338327067336763,0.6666666666666666
1143,7.708720431092668,0.05,0.06948726884375318,0.7619047619047619,9.627424221282253,0.05,0.06185193718726787,0.8
1144,7.746051669629016,0.05,0.1408845281351348,0.7083333333333334,28.248982661988794,0.05,0.04730370481481849,0.7083333333333334
1145,8.198989825573044,0.05,0.06968157723439014,0.7788461538461539,27.63829455717376,0.05,0.04397271381460932,0.81
1146,5.688617022614709,0.05,0.14746490008353375,0.7372448979591837,27.63829455717376,0.05,0.03867047486137465,0.81
1147,8.198989825573044,0.05,0.08239937374161739,0.7788461538461539,28.248982661988794,0.05,0.050028679981639256,0.7083333333333334
1148,7.708720431092668,0.05,0.05903226510094214,0.7619047619047619,28.248982661988794,0.05,0.046240799990324676,0.7083333333333334
1149,7.708720431092668,0.05,0.06697474264564246,0.7619047619047619,28.248982661988794,0.05,0.042747621304561646,0.7083333333333334
1150,5.507362888267408,0.05,0.11428292053391026,0.7372448979591837,20.895447130412787,0.05,0.15526573866390653,0.7083333333333334
1151,7.708720431092668,0.05,0.0581766144358411,0.7619047619047619,28.248982661988794,0.05,0.03786167421252529,0.7083333333333334
1152,7.455184630025753,0.05,0.0533125864015826,0.8027777777777778,28.248982661988794,0.05,0.049520231125434695,0.7083333333333334
1153,7.746051669629016,0.05,0.11466112926704551,0.7083333333333334,20.895447130412787,0.05,0.1317780519451872,0.7083333333333334
1154,7.746051669629016,0.05,0.10160828005067196,0.7083333333333334,15.61735882397201,0.05,0.1622413879395725,0.8401162790697675
1155,7.40218840004104,0.05,0.2398675019078985,0.7083333333333334,15.61735882397201,0.05,0.15249740177475193,0.8401162790697675
1156,7.455184630025753,0.05,0.07940508813746534,0.8027777777777778,15.61735882397201,0.05,0.14357882604583216,0.8401162790697675
1157,7.708720431092668,0.05,0.049311743201251236,0.7619047619047619,16.078984464558854,0.05,0.1715992281904589,0.7619047619047619
1158,7.708720431092668,0.05,0.03784236805303467,0.7619047619047619,33.38853563915701,0.05,0.218780566626877,0.81
1159,11.693609163523007,0.05,0.11931085410325137,0.81,21.26319063849137,0.05,0.020152531500079413,0.7372448979591837
1160,5.302046754066068,0.05,0.1543032514133395,0.7272727272727273,24.035536571358616,0.05,0.10183212341150912,0.7372448979591837
1161,6.539663005383283,0.05,0.08411143412538007,0.8027777777777778,10.860519640016278,0.05,0.1525196212561728,0.8027777777777778
1162,7.708720431092668,0.05,0.13770965154028642,0.7619047619047619,24.035536571358616,0.05,0.09090826690579756,0.7372448979591837
1163,4.518026829703858,0.05,0.15681933031213408,0.7272727272727273,30.272830423089278,0.05,0.2037565389469974,0.7372448979591837
1164,7.746051669629016,0.05,0.16355618025771662,0.7083333333333334,21.26319063849137,0.05,0.018061363838022926,0.7372448979591837
1165,4.683370151102976,0.05,0.1966799437937429,0.7272727272727273,28.248982661988794,0.05,0.04050758998196461,0.7083333333333334
1166,7.746051669629016,0.05,0.16005719298486967,0.7083333333333334,29.989181875140545,0.05,0.035894375019877245,0.84375
1167,7.708720431092668,0.05,0.04310592080646129,0.7619047619047619,28.248982661988794,0.05,0.038220978077262525,0.7083333333333334
1168,7.746051669629016,0.05,0.1510514111418039,0.7083333333333334,21.26319063849137,0.05,0.016346980124645045,0.7372448979591837
1169,0.5937471371367329,0.05,0.34190611744394417,0.6447368421052632,21.901899019651253,0.05,0.17575125645778283,0.6540697674418605
1170,8.701964657750073,0.05,0.07867282212762707,0.7788461538461539,27.63829455717376,0.05,0.05484812541791574,0.81
1171,12.5507629313952,0.05,0.26547709811297554,0.7788461538461539,28.248982661988794,0.05,0.03942645273535422,0.7083333333333334
1172,7.455184630025753,0.05,0.08577311707554248,0.8027777777777778,19.25417578615879,0.05,0.29286107193602146,0.7686170212765957
1173,4.202156074140143,0.05,0.09475578875978569,0.7272727272727273,28.248982661988794,0.05,0.053549823838480747,0.7083333333333334
1174,7.455184630025753,0.05,0.06936559829636209,0.8027777777777778,17.2992886084424,0.05,0.19381638502837556,0.7619047619047619
1175,7.455184630025753,0.05,0.05612290206249254,0.8027777777777778,21.26319063849137,0.05,0.015500888501069232,0.7372448979591837
1176,8.198989825573044,0.05,0.08575870239024432,0.7788461538461539,28.248982661988794,0.05,0.049975492773786157,0.7083333333333334
1177,1.45039018021615,0.05,0.36106845326490794,0.7211538461538461,29.989181875140545,0.05,0.03471778872169273,0.84375
1178,7.708720431092668,0.05,0.047554118970874096,0.7619047619047619,26.024771780862583,0.05,0.16718890989906612,0.7788461538461539
1179,7.708720431092668,0.05,0.05163447811783238,0.7619047619047619,27.601752390878637,0.05,0.24510502257849343,0.81
1180,6.568470175528353,0.05,0.06548511576872573,0.7601351351351351,26.39616010548423,0.05,0.17775910084548002,0.7788461538461539
1181,7.455184630025753,0.05,0.04128899686964518,0.8027777777777778,13.488799431811614,0.05,0.258839898299868,0.8
1182,12.003438206581507,0.05,0.47116489220741764,0.7788461538461539,25.505356436105043,0.05,0.19241414907184953,0.84375
1183,4.38432174083848,0.05,0.1671906542248309,0.7272727272727273,27.601752390878637,0.05,0.21443692397421318,0.81
1184,7.708720431092668,0.05,0.05503813374254261,0.7619047619047619,21.26319063849137,0.05,0.014476490862944114,0.7372448979591837
1185,7.352831495486397,0.05,0.17973930476032715,0.7788461538461539,28.105454756353044,0.05,0.06022016349230177,0.7083333333333334
1186,7.746051669629016,0.05,0.12584031436754994,0.7083333333333334,21.26319063849137,0.05,0.013537830429826259,0.7372448979591837
1187,5.5685945233484855,0.05,0.17021450706869523,0.7619047619047619,21.23563829477336,0.05,0.2593477751398253,0.7788461538461539
1188,7.455184630025753,0.05,0.035302128753907445,0.8027777777777778,28.248982661988794,0.05,0.053959425158147244,0.7083333333333334
1189,8.198989825573044,0.05,0.08150685241112007,0.7788461538461539,27.53140852670898,0.05,0.1056258611337285,0.7372448979591837
1190,7.746051669629016,0.05,0.13095313692373992,0.7083333333333334,28.248982661988794,0.05,0.0468362544595479,0.7083333333333334
1191,4.518026829703858,0.05,0.12132035842727591,0.7272727272727273,21.26319063849137,0.05,0.012676692566345996,0.7372448979591837
1192,7.455184630025753,0.05,0.03587065410903942,0.8027777777777778,21.26319063849137,0.05,0.011885736284174886,0.7372448979591837
1193,7.746051669629016,0.05,0.16568619569824083,0.7083333333333334,21.26319063849137,0.05,0.011158378699924346,0.7372448979591837
1194,8.198989825573044,0.05,0.0850051619824723,0.7788461538461539,29.989181875140545,0.05,0.044661375382230376,0.84375
1195,7.746051669629016,0.05,0.17036147684349814,0.7083333333333334,21.26319063849137,0.05,0.010488699421123108,0.7372448979591837
1196,7.746051669629016,0.05,0.16568604229966583,0.7083333333333334,27.63829455717376,0.05,0.06810895176919704,0.81
1197,7.455184630025753,0.05,0.055720190706469046,0.8027777777777778,27.286888796942442,0.05,0.106735161412307,0.81
1198,10.748629135511036,0.05,0.287816022449624,0.7372448979591837,27.63829455717376,0.05,0.05393049811663705,0.81
1199,8.198989825573044,0.05,0.06775901000407063,0.7788461538461539,15.48859283798412,0.05,0.30365880171118703,0.7686170212765957
